id,n1,n2,n3,n4,n5,n6,nbo,o1,o2,o3,o4,o5,o6,setball_id,t1,m1,t2,m2,t3,m3,t4,m4,t5,m5,co,sales,stage_id,date,setball,sum
1,02,08,10,13,27,30,39,08,13,27,30,10,02,1,2,45513600,2,40961900,262,375200,12413,6900,174452,1000,0,0,1,2000-10-05,A,90
2,01,09,16,20,21,43,05,43,20,09,01,16,21,7,0,0,7,13188800,195,568100,8426,11500,144860,1000,102580607,0,1,2000-10-12,G,110
3,01,05,15,31,36,38,13,05,31,36,38,15,01,3,2,121348100,8,15762800,164,922700,9450,14100,181437,1000,0,0,1,2000-10-19,C,126
4,16,18,26,27,34,40,13,16,40,18,27,26,34,8,0,0,3,38645500,134,1038200,8675,14100,160892,1000,128819603,0,1,2000-10-26,H,161
5,09,15,21,23,27,28,43,23,15,09,28,27,21,6,0,0,9,13516100,258,565700,16473,7800,239987,1000,263982587,0,1,2000-11-02,F,123
6,06,12,23,25,28,38,22,38,06,28,25,12,23,9,1,400000000,5,46923800,787,357700,36421,6800,512712,1000,124672751,0,1,2000-11-09,I,132
7,07,19,21,23,33,35,26,19,21,07,35,23,33,5,1,348644800,12,16797700,486,497700,23473,9000,354810,1000,0,0,1,2000-11-16,E,138
8,11,16,18,20,42,43,28,43,16,20,42,18,11,2,0,0,2,93073600,183,1220600,10337,19000,216684,1000,206832135,0,1,2000-11-23,B,150
9,11,19,23,38,39,42,15,19,23,39,11,42,38,3,1,400000000,14,16051500,548,492000,25632,9200,388610,1000,56524796,0,1,2000-11-30,C,172
10,01,03,19,21,35,39,26,01,19,21,39,35,03,10,0,0,11,19637700,341,760100,17984,12700,311772,1000,296543942,0,1,2000-12-07,J,118
11,12,26,32,37,40,42,16,32,26,12,42,37,40,4,1,400000000,9,28834200,330,943600,21430,12800,363490,1000,184889411,0,1,2000-12-14,D,189
12,14,17,27,28,35,39,22,28,17,35,14,39,27,5,1,400000000,30,7258100,561,465700,27984,8200,432419,1000,26830542,0,1,2000-12-21,E,160
13,13,29,31,37,41,42,17,42,37,31,41,29,13,8,3,90075800,30,7301800,474,554500,25522,9000,382472,1000,0,0,1,2000-12-28,H,193
14,02,08,11,35,37,38,43,08,35,37,11,38,02,6,1,141844600,2,63829500,217,705900,10272,13100,201531,1000,0,0,1,2001-01-04,F,131
15,04,06,11,20,21,28,36,28,11,04,21,20,06,9,0,0,11,16570000,425,514600,19510,9800,306777,1000,202524583,0,1,2001-01-11,I,90
16,05,12,13,29,34,35,30,29,35,13,34,12,05,1,4,114690000,7,32944200,466,593800,24815,9800,403581,1000,0,0,1,2001-01-18,A,128
17,14,20,25,34,35,36,11,20,36,14,25,35,34,7,0,0,7,32040800,209,1287700,14265,16600,264631,1000,249208924,0,1,2001-01-25,G,164
18,06,16,18,27,36,41,33,06,27,16,41,18,36,8,4,130218200,17,14382000,674,435300,31912,8100,458603,1000,0,0,1,2001-02-01,H,144
19,04,08,12,30,33,43,14,04,43,30,08,12,33,2,2,125271100,10,22548600,456,593300,20349,11700,335124,1000,0,0,1,2001-02-08,B,130
20,07,29,33,35,37,39,19,37,33,35,39,07,29,4,2,123069600,7,31646200,257,1034300,17282,13500,320362,1000,0,0,1,2001-02-15,D,180
21,05,07,13,19,38,41,42,38,13,07,41,19,05,3,0,0,8,25306400,665,365300,27090,7900,387888,1000,224948364,0,1,2001-02-22,C,123
22,08,12,16,19,20,35,41,35,16,12,20,19,08,10,2,246918300,21,11523600,733,396100,36405,7000,491095,1000,0,0,1,2001-03-01,J,110
23,07,10,28,32,33,40,13,33,07,10,28,40,32,7,2,123831800,15,14859600,297,900500,17351,13500,303659,1000,0,0,1,2001-03-08,G,150
24,15,18,19,30,36,38,13,36,30,19,18,15,38,3,1,200000000,7,30223900,244,1040400,15939,14000,310560,1000,35077560,0,1,2001-03-15,C,156
25,11,32,34,37,40,43,08,43,11,37,40,32,34,5,2,147444200,3,77942500,256,1096000,14805,16700,280461,1000,0,0,1,2001-03-22,E,197
26,03,04,11,12,13,43,22,43,03,04,13,11,12,7,1,200000000,4,51994900,360,693200,17821,12300,331077,1000,31090737,0,1,2001-03-29,G,86
27,04,08,20,30,33,38,10,08,33,30,20,04,38,1,1,282187900,9,25109400,446,608000,24088,9900,353601,1000,0,0,1,2001-04-05,A,133
28,06,11,15,20,31,41,07,41,15,11,31,06,20,6,0,0,3,71412900,350,734500,19547,11600,350598,1000,238045160,0,1,2001-04-12,F,124
29,08,12,20,35,37,40,33,40,20,37,12,35,08,9,9,57338900,96,2606200,1729,173600,54200,4800,607285,1000,0,0,1,2001-04-19,I,152
30,04,16,17,19,26,37,08,04,16,37,19,17,26,2,0,0,7,33179400,370,753200,23254,10500,384916,1000,258064512,0,1,2001-04-26,B,119
31,07,18,22,25,28,43,04,07,18,22,25,28,43,10,3,176674900,18,13597800,494,594500,26667,9700,417742,1000,0,0,1,2001-05-03,J,143
32,03,06,07,23,29,41,33,29,07,41,23,03,06,8,2,122160100,15,14659000,409,645100,23377,9900,380930,1000,0,0,1,2001-05-10,H,109
33,08,17,22,25,29,41,13,29,41,22,17,08,25,3,2,117951800,38,5587100,670,380200,26279,8500,362887,1000,0,0,1,2001-05-17,C,142
34,02,20,25,30,37,40,10,20,37,25,40,30,02,4,1,200000000,23,9437200,254,1025400,17218,13300,298725,1000,41176145,0,1,2001-05-24,D,154
35,03,05,13,30,32,41,28,32,03,13,05,41,30,5,1,282373700,10,21707500,408,638400,20721,11000,355420,1000,0,0,1,2001-05-31,E,124
36,01,16,20,23,30,40,17,23,01,16,40,30,20,1,1,200000000,7,30443900,331,772500,18447,12200,296613,1000,36788358,0,1,2001-06-07,A,130
37,03,05,09,17,21,41,26,05,21,09,17,41,03,7,3,88178700,13,15767000,656,374900,28424,7600,416971,1000,0,0,1,2001-06-14,G,96
38,02,09,26,27,34,43,42,43,27,09,02,34,26,6,0,0,2,110713600,400,664200,20089,11600,317045,1000,246032418,0,1,2001-06-21,F,141
39,10,18,22,25,39,42,17,25,10,22,18,39,42,3,8,67318200,21,12536100,980,322300,40602,6800,495866,1000,0,0,1,2001-06-28,C,156
40,05,17,25,34,38,39,02,38,05,17,34,25,39,8,2,118547100,18,11854600,595,430300,28282,7900,400926,1000,0,0,1,2001-07-05,H,158
41,18,21,27,33,36,38,23,36,38,18,21,27,33,9,1,200000000,3,70858500,442,577100,24295,9200,379418,1000,36197335,0,1,2001-07-12,I,173
42,04,15,21,24,33,37,09,04,21,24,33,15,37,8,2,134394100,26,8051100,622,403800,27142,8100,378546,1000,0,0,1,2001-07-19,H,134
43,01,02,03,15,24,26,27,01,03,24,02,26,15,2,3,75848800,9,22754400,397,619000,17837,12100,322186,1000,0,0,1,2001-07-26,B,71
44,03,16,24,31,34,42,36,24,34,16,42,03,31,4,3,74421300,6,33489200,448,538200,19627,10800,309756,1000,0,0,1,2001-08-02,D,150
45,07,09,28,32,36,38,08,28,09,38,32,36,07,10,1,200000000,11,17548900,330,701900,16179,12600,293971,1000,14489512,0,1,2001-08-09,J,150
46,11,14,21,24,25,42,41,21,24,42,25,11,14,1,2,111752700,7,26873200,234,964600,13933,14200,276444,1000,0,0,1,2001-08-16,A,137
47,03,11,14,25,27,31,22,25,03,11,14,31,27,6,5,40002200,15,12000500,557,387800,27414,6900,370999,1000,0,0,1,2001-08-23,F,111
48,02,05,28,30,33,40,26,28,40,02,33,30,05,10,3,76260300,7,29414400,370,667700,19683,11000,332934,1000,0,0,1,2001-08-30,J,138
49,02,13,21,31,32,41,35,21,31,32,41,02,13,8,2,118591400,4,53365600,390,656800,18375,12200,301244,1000,0,0,1,2001-09-06,H,140
50,05,13,15,25,27,39,40,13,05,39,27,25,15,7,4,48427800,19,9175700,823,254200,33048,5500,426120,1000,0,0,1,2001-09-13,G,124
51,07,15,24,37,38,41,34,38,37,24,41,07,15,6,7,29184600,11,16714600,821,268700,30192,6400,410150,1000,0,0,1,2001-09-20,F,162
52,01,16,24,25,36,42,21,25,42,36,24,01,16,9,3,72304100,19,10274700,579,404500,25193,8200,366123,1000,0,0,1,2001-09-27,I,144
53,02,15,23,37,40,43,25,37,15,43,23,40,02,3,6,36518100,41,4809600,900,262900,26945,7700,372118,1000,0,0,1,2001-10-04,C,160
54,14,25,26,31,37,42,07,37,31,26,14,25,42,1,1,200000000,35,5588500,481,487900,24408,8400,351230,1000,17333248,0,1,2001-10-11,A,175
55,11,12,13,14,37,39,28,13,14,12,11,39,37,2,0,0,8,26893000,316,817000,18166,12500,336327,1000,256384594,0,1,2001-10-18,B,126
56,10,13,25,31,32,42,40,13,10,32,42,31,25,4,2,293594800,22,13532800,718,497500,36905,8500,567326,1000,0,0,1,2001-10-25,D,153
57,02,14,22,27,35,42,34,22,35,27,02,42,14,5,14,17755700,38,5887300,1082,248100,32221,7300,418191,1000,0,0,1,2001-11-01,E,142
58,04,08,09,13,16,25,28,13,09,08,04,16,25,8,2,116836200,18,11683500,552,457100,28859,7700,465006,1000,0,0,1,2001-11-08,H,75
59,09,15,17,30,32,41,31,09,15,32,17,30,41,10,3,87561500,9,26268200,462,614000,21725,11500,357653,1000,0,0,1,2001-11-15,J,144
60,20,21,23,28,30,42,29,42,21,20,23,28,30,6,1,200000000,5,49733200,259,1152100,15326,17100,312457,1000,76297998,0,1,2001-11-22,F,164
61,04,08,22,25,27,28,06,08,25,28,04,27,22,1,1,338406300,22,10722500,576,491400,27302,9100,433854,1000,0,0,1,2001-11-29,A,114
62,02,03,09,12,15,30,42,30,15,12,03,02,09,7,5,47591800,11,19469200,700,367100,31169,7200,462949,1000,0,0,1,2001-12-06,G,71
63,11,16,20,28,34,40,22,40,28,11,20,16,34,3,3,86096500,30,7748600,555,502600,24051,10200,363569,1000,0,0,1,2001-12-13,C,149
64,02,14,19,22,32,41,09,32,22,19,14,41,02,10,4,63574100,15,15257600,495,554800,24469,9900,394115,1000,0,0,1,2001-12-20,J,130
65,02,10,22,23,31,43,28,43,10,23,02,31,22,9,2,138826100,11,22716800,438,684600,21072,12500,363414,1000,0,0,1,2001-12-27,I,131
66,07,15,17,30,33,35,14,33,30,07,15,17,35,1,6,45895000,11,22530100,517,575200,25519,10200,418226,1000,0,0,1,2002-01-10,A,137
67,01,04,06,11,18,25,03,25,01,11,18,06,04,2,5,47129400,16,13255000,901,282400,33214,6700,453927,1000,0,0,1,2002-01-17,B,65
68,16,23,30,35,37,39,38,35,23,39,30,37,16,4,4,65075000,6,39044600,625,449700,24938,9900,359955,1000,0,0,1,2002-01-24,D,180
69,01,09,31,35,40,41,14,09,35,41,01,40,31,10,1,200000000,9,27814200,261,1150900,16382,16100,310812,1000,78145012,0,1,2002-01-31,J,157
70,06,11,20,23,24,31,17,23,31,20,06,24,11,5,1,381471200,22,12408600,523,626300,33262,8600,454256,1000,0,0,1,2002-02-07,E,115
71,01,10,11,13,19,20,03,19,20,13,11,01,10,3,3,93395200,27,9339400,548,552100,23930,11100,374719,1000,0,3281327600,1,2002-02-14,C,74
72,10,12,24,29,33,37,34,29,37,33,12,24,10,8,3,89058400,7,34350800,651,443200,25848,9800,395378,1000,0,3213536600,1,2002-02-21,H,145
73,01,06,15,19,27,36,25,01,36,19,06,27,15,1,0,0,11,21876800,568,508400,24885,10200,390547,1000,267385456,3204636600,1,2002-02-28,A,104
74,03,14,27,28,40,43,39,27,14,43,40,28,03,6,3,216697800,22,15656100,906,456200,44991,8100,617550,1000,0,4716924000,1,2002-03-07,F,155
75,02,04,09,19,23,31,18,31,23,19,09,02,04,2,3,87271200,14,16830700,606,466500,30814,8000,469094,1000,0,3330492400,1,2002-03-14,B,88
76,01,10,12,16,20,35,29,12,01,16,35,20,10,6,3,82365800,10,22238500,461,578800,25834,9100,393610,1000,0,3034140600,1,2002-03-21,F,94
77,05,10,15,28,37,38,13,37,38,05,15,10,28,9,3,86328300,14,16648800,465,601500,28836,8500,416082,1000,0,3187966600,1,2002-03-28,I,133
78,05,14,23,32,33,43,37,33,05,14,23,32,43,8,7,38856500,25,9791700,970,302800,34314,7500,356876,1000,0,3170104000,1,2002-04-04,H,150
79,20,22,27,32,36,43,23,27,20,22,43,36,32,7,1,200000000,10,25665300,230,1339000,13883,19500,287997,1000,85172896,3132197000,1,2002-04-11,G,180
80,01,04,12,16,19,34,18,04,12,34,16,19,01,1,1,361173200,14,17742700,693,430100,43581,6000,475371,1000,0,3468422000,1,2002-04-18,A,86
81,01,11,15,23,26,27,41,26,11,15,23,01,27,10,3,82115000,24,9237800,643,413700,33795,6900,495723,1000,0,3254483400,1,2002-04-25,J,103
82,10,12,19,25,26,39,28,12,10,26,19,25,39,5,1,200000000,18,12721500,610,450400,28322,8500,439538,1000,54432400,3200305200,1,2002-05-02,E,131
83,01,16,21,28,35,37,30,37,16,28,35,21,01,6,1,338040600,12,21270400,589,520000,28110,9600,441331,1000,0,3459265600,1,2002-05-09,F,138
84,17,19,26,28,35,37,40,35,37,19,26,28,17,4,17,15692300,8,30011300,778,370300,30147,8400,398537,1000,0,3217009200,1,2002-05-16,D,162
85,05,13,18,22,23,32,28,22,23,13,05,18,32,9,0,0,22,10056100,723,367100,37065,6300,453131,1000,245818952,3155236600,1,2002-05-23,I,113
86,03,07,16,24,29,36,26,24,16,29,03,07,36,1,14,42353400,27,11570800,1793,209000,51744,6300,651376,1000,0,4481156000,1,2002-05-30,A,115
87,03,08,12,36,39,41,10,12,39,41,03,36,08,3,3,91415900,7,35260100,470,630100,22651,11500,372793,1000,0,3225156400,1,2002-06-06,C,139
88,05,06,08,20,21,26,30,08,26,06,21,05,20,6,4,64721700,14,16642600,411,680200,20457,12000,362961,1000,0,3069065600,1,2002-06-13,F,86
89,03,13,23,30,35,43,21,35,03,43,13,23,30,8,7,37734400,14,16980300,1734,164500,29559,8500,352769,1000,0,3092331200,1,2002-06-20,H,147
90,13,15,17,18,30,32,09,17,32,30,18,13,15,2,2,138036100,9,27606900,342,871700,18739,14000,330943,1000,0,3148100000,1,2002-06-27,B,125
91,13,15,17,26,41,43,06,43,15,41,26,17,13,5,0,0,6,40897500,360,817900,18661,13900,352120,1000,272652637,3165274600,1,2002-07-04,E,155
92,05,17,20,24,28,40,16,05,28,24,20,40,17,8,2,327322500,13,26445300,764,539900,34763,10400,558790,1000,0,4580091400,1,2002-07-11,H,134
93,10,23,33,36,37,41,28,10,33,41,37,36,23,3,1,200000000,4,65434800,293,1071900,19838,13900,383763,1000,90824312,3394399600,1,2002-07-18,C,180
94,11,16,17,18,29,40,09,29,40,18,16,17,11,2,3,129048500,8,33335800,430,744200,25660,11000,400459,1000,0,3479541600,1,2002-07-25,B,131
95,02,03,12,15,25,27,33,15,02,03,27,25,12,6,5,43829200,13,15171500,841,281400,39241,5300,558088,1000,0,3155373400,1,2002-08-01,F,84
96,01,13,15,34,36,43,37,15,01,36,13,43,34,3,2,128990100,8,29022500,418,666500,20988,11700,372713,1000,0,3082811200,1,2002-08-08,C,142
97,04,10,17,34,35,42,43,42,35,04,34,17,10,5,0,0,4,53255200,448,570500,19939,11300,323401,1000,236692230,2787186800,1,2002-08-15,E,142
98,07,16,34,37,38,39,08,34,38,39,16,07,37,1,1,400000000,9,35235100,464,820100,27308,12200,480615,1000,189047171,4147359200,1,2002-08-22,A,171
99,05,09,12,28,29,39,27,39,05,12,29,09,28,6,1,400000000,23,12326200,720,472500,36592,8200,554349,1000,104053862,3984816000,1,2002-08-29,F,122
100,06,08,11,14,31,33,23,06,11,08,31,14,33,10,11,38560400,35,8231300,1054,328000,42163,7200,591591,1000,0,4112188800,1,2002-09-05,J,103
101,21,27,29,30,36,40,23,27,30,36,21,40,29,1,1,200000000,14,20195400,246,1379200,15862,18800,320922,1000,114154706,3458643600,1,2002-09-12,A,183
102,04,05,18,27,35,36,41,36,18,35,27,04,05,4,4,103928500,36,7538900,916,355500,32275,8900,482669,1000,0,3708008400,1,2002-09-19,D,125
103,01,16,17,27,29,34,39,29,27,01,17,16,34,2,3,89200800,15,16056000,581,497400,27080,9400,459807,1000,0,3360444200,1,2002-09-26,B,124
104,01,11,17,26,28,35,12,01,26,17,28,11,35,7,6,42082300,18,12624500,818,333300,35780,6700,484032,1000,0,3282241000,1,2002-10-03,G,118
105,01,09,14,22,25,34,18,01,22,34,25,09,14,5,2,137026100,16,15415300,455,650400,22948,11300,398222,1000,0,3279955000,1,2002-10-10,E,105
106,08,11,21,22,25,27,26,08,22,25,27,21,11,3,2,128251100,12,19237500,539,513900,28706,8500,458153,1000,0,3259761400,1,2002-10-17,C,114
107,04,05,11,12,28,32,37,05,32,11,12,28,04,9,1,200000000,15,14891300,681,393600,33377,7000,489113,1000,48191186,3255928200,1,2002-10-24,I,92
108,09,22,23,25,34,37,08,22,37,09,23,34,25,4,4,84243100,8,32487600,502,621200,29437,9300,464491,1000,0,3555941600,1,2002-10-31,D,150
109,02,05,12,18,30,41,24,12,05,41,02,30,18,1,1,200000000,23,10640200,517,568000,25729,10000,414197,1000,71918699,3296809400,1,2002-11-07,A,108
110,05,06,08,19,37,41,09,08,06,41,37,19,05,5,0,0,8,34806800,487,686100,25102,11700,423201,1000,381315724,3644351600,1,2002-11-14,E,116
111,11,15,21,31,32,43,24,15,11,21,32,31,43,8,6,135843900,20,19518400,708,661600,35077,11700,566719,1000,0,5050018200,1,2002-11-21,H,153
112,16,18,23,25,29,30,41,23,16,29,25,18,30,4,1,200000000,14,18672700,565,555200,27463,10000,436302,1000,90468272,3508041400,1,2002-11-28,D,141
113,03,17,27,29,30,42,06,27,29,42,30,17,03,2,1,400000000,8,35037200,451,745800,26272,11200,455528,1000,1913571,3734089800,1,2002-12-05,B,148
114,07,13,14,29,38,42,09,38,07,13,29,14,42,8,3,96073000,16,16104500,832,371600,33620,8100,467545,1000,0,3541092200,1,2002-12-12,H,143
115,08,09,11,27,37,39,18,39,09,11,37,27,08,5,3,87704500,22,10763600,752,377800,36388,6800,552962,1000,0,3528226400,1,2002-12-19,E,131
116,08,10,15,16,26,31,42,15,16,08,26,10,31,10,1,200000000,14,19140100,552,582500,27613,10200,447169,1000,97738341,3595725400,1,2002-12-26,J,106
117,05,07,19,20,38,43,04,05,43,19,38,07,20,6,2,228456200,13,24865600,639,607000,30088,11300,466250,1000,0,4175031600,1,2003-01-09,F,132
118,09,13,21,30,32,37,20,09,32,13,21,30,37,4,7,43286000,15,18179900,614,532900,26631,10800,417829,1000,0,3576529000,1,2003-01-16,D,142
119,03,04,11,12,15,30,17,11,30,03,04,15,12,8,5,52449800,17,13883600,832,340400,36069,6900,529753,1000,0,3469098600,1,2003-01-23,H,75
120,15,18,22,25,36,40,14,22,18,40,25,36,15,3,2,143793600,16,16176600,574,541100,28042,9700,442494,1000,0,3496624400,1,2003-01-30,C,156
121,03,08,10,22,28,41,35,28,08,10,03,41,22,5,0,0,19,13520300,583,528700,28864,9400,460271,1000,285431235,3517285800,1,2003-02-06,E,112
122,19,20,21,25,33,42,41,21,42,20,19,33,25,2,1,400000000,18,20786700,705,636800,35385,11100,577268,1000,301170783,4916079000,1,2003-02-13,B,160
123,14,21,26,28,29,31,08,21,26,14,31,28,29,7,3,244266200,16,24278800,466,1000300,29374,13900,529941,1000,0,4949761200,1,2003-02-20,G,149
124,04,17,23,30,39,40,28,04,23,17,30,39,40,3,0,0,17,17045200,619,561700,28010,10900,442250,1000,321968723,3796550200,1,2003-02-27,C,153
125,11,15,19,30,36,41,10,36,19,41,30,15,11,9,6,121122400,14,26020400,777,562600,41364,9300,653963,1000,0,4990610200,1,2003-03-06,I,152
126,05,06,09,10,21,38,20,21,05,10,38,09,06,1,1,200000000,9,31517000,447,761400,28682,10400,474575,1000,115172879,3808992800,1,2003-03-13,A,89
127,14,16,21,26,37,40,03,26,16,37,21,14,40,6,1,400000000,21,15192300,441,868100,29025,11600,494314,1000,69664311,4196472800,1,2003-03-20,F,154
128,06,10,18,20,29,39,21,06,29,18,10,39,20,4,3,140907200,9,35305400,537,710000,26124,12800,434474,1000,0,4050964200,1,2003-03-27,D,122
129,06,18,25,26,30,42,24,18,25,26,42,06,30,7,1,200000000,11,25149000,557,595900,28421,10300,444317,1000,107379873,3673647600,1,2003-04-03,G,147
130,22,30,31,34,38,39,02,22,38,31,34,39,30,2,1,400000000,9,38884300,298,1409200,18691,19800,378820,1000,96226445,4240058400,1,2003-04-10,B,194
131,06,30,33,34,40,43,01,43,33,34,06,40,30,8,0,0,6,57762100,350,1188200,18375,19900,357941,1000,481310551,4160779400,1,2003-04-17,H,186
132,03,18,23,31,32,37,01,18,37,23,32,31,03,1,4,236257900,15,27823000,944,530500,44871,9800,704596,1000,0,5618353600,1,2003-04-24,A,144
133,17,24,26,35,40,41,16,40,17,26,24,41,35,3,1,200000000,7,42207500,549,645700,34945,8900,476667,1000,128284143,3928224600,1,2003-05-01,C,183
134,02,06,11,14,18,19,21,11,02,06,14,18,19,5,5,93700700,29,10558400,1147,320300,37674,8600,565949,1000,0,4230936400,1,2003-05-08,E,70
135,07,13,30,33,35,36,11,35,13,30,07,33,36,9,2,161139000,20,14502300,540,644500,27509,11100,461066,1000,0,3841067000,1,2003-05-15,I,154
136,03,13,26,31,32,39,01,39,26,32,13,03,31,6,2,155571800,17,16472100,631,532500,31605,9300,474385,1000,0,3773358600,1,2003-05-22,F,144
137,10,13,20,22,25,42,14,20,10,42,25,13,22,10,3,103964400,8,35087700,483,697300,27067,10900,459652,1000,0,3747170600,1,2003-05-29,J,132
138,07,09,10,16,23,29,18,07,10,09,23,16,29,2,2,146219800,21,12533000,661,477800,32035,8600,489733,1000,0,3644006400,1,2003-06-05,B,94
139,10,21,22,28,37,41,12,10,22,21,37,41,28,4,3,95226100,15,17140500,633,487400,29914,9000,456271,1000,0,3510556200,1,2003-06-12,D,159
140,17,19,29,37,39,40,10,17,37,40,39,19,29,8,2,146136000,18,14613400,452,698300,23557,11800,397975,1000,0,3438635200,1,2003-06-19,H,181
141,08,09,14,24,32,39,30,08,39,09,14,32,24,6,5,60720900,6,45540300,588,557600,26131,11000,417100,1000,0,3580173800,1,2003-06-26,F,126
142,02,16,22,27,29,39,38,16,27,02,39,29,22,7,4,76211200,17,16138700,500,658400,27188,10600,451878,1000,0,3668297400,1,2003-07-03,G,135
143,17,21,22,27,33,41,43,21,33,17,27,22,41,1,2,149820700,6,44945800,600,539300,29506,9600,478252,1000,0,3681431800,1,2003-07-10,A,161
144,01,16,19,33,38,41,43,19,01,16,38,41,33,7,0,0,9,31585700,447,763100,23126,13000,391656,1000,315860676,3630739200,1,2003-07-17,G,148
145,01,04,10,21,23,38,07,04,21,10,38,01,23,9,2,360495400,19,19190200,633,691200,34171,11200,581494,1000,0,4832753000,1,2003-07-24,I,97
146,07,17,27,36,37,39,04,07,39,17,27,36,37,1,21,13944100,31,8501300,2362,133800,46090,6000,495006,1000,0,3659103200,1,2003-07-31,A,163
147,16,18,20,29,30,38,27,18,29,38,20,16,30,5,1,200000000,34,7556300,520,592800,27180,10000,411783,1000,85463241,3409814400,1,2003-08-07,E,151
148,03,16,18,20,28,29,09,16,03,18,28,20,29,3,3,119125300,21,11653300,630,466100,32245,8000,453402,1000,0,3383879400,1,2003-08-14,C,114
149,08,09,13,20,33,37,19,13,33,08,37,20,09,8,3,95559500,14,18429100,556,556800,26944,10100,450544,1000,0,3506571400,1,2003-08-21,H,120
150,10,11,18,20,31,43,27,11,20,10,43,18,31,10,2,149826700,12,22473800,451,717500,24350,11700,411786,1000,0,3533833400,1,2003-08-28,J,133
151,03,08,17,25,28,32,27,03,28,08,32,17,25,2,7,39224600,12,20592700,960,308800,36809,7100,506863,1000,0,3525926400,1,2003-09-04,B,113
152,04,08,12,16,31,33,17,12,16,31,04,08,33,1,5,55085200,15,16525400,708,420100,35019,7400,482503,1000,0,3479253800,1,2003-09-11,A,104
153,04,07,08,12,25,26,41,07,08,26,12,04,25,5,6,43090900,20,11634400,1008,277000,39483,6200,529379,1000,0,3435899600,1,2003-09-18,E,82
154,07,09,18,26,27,38,14,07,18,27,26,09,38,6,7,35014200,26,8484100,1216,217600,42850,5400,558613,1000,0,3383357800,1,2003-09-25,F,125
155,05,06,07,18,22,27,41,05,06,07,27,22,18,7,6,42285800,13,17564700,635,431500,35952,6700,551355,1000,0,3442519600,1,2003-10-02,G,85
156,06,20,22,29,30,35,39,06,22,29,30,35,20,2,0,0,6,43652500,443,709400,23213,11900,398885,1000,291019816,3429712600,1,2003-10-09,B,142
157,05,08,17,19,25,27,21,27,25,17,08,05,19,4,1,400000000,31,10448400,1158,335600,51448,6600,767062,1000,250912445,4849782000,1,2003-10-16,D,101
158,01,06,12,35,37,38,30,12,01,38,35,06,37,8,2,328563300,5,73117900,523,838800,30015,12800,520668,1000,0,4707057400,1,2003-10-23,H,129
159,12,23,30,31,38,42,06,38,42,31,23,30,12,9,0,0,22,13276200,496,706600,25406,12100,424826,1000,324533948,3780248400,1,2003-10-30,I,176
160,04,10,20,30,31,32,26,10,32,30,31,20,04,3,2,380265800,14,28028100,714,659400,34080,12100,566949,1000,0,5070190400,1,2003-11-06,C,127
161,23,26,28,33,38,42,08,23,38,33,26,28,42,10,3,113803800,14,21947600,415,888400,23098,14000,432872,1000,0,3945626200,1,2003-11-13,J,190
162,03,22,25,30,33,37,35,25,33,37,30,03,22,1,0,0,10,27161400,745,437500,35741,8000,544352,1000,301796845,3847156000,1,2003-11-20,A,150
163,02,03,11,17,24,34,28,11,02,03,24,34,17,5,5,142049400,29,12675900,1100,401000,52394,7400,721197,1000,0,5172220200,1,2003-11-27,E,91
164,01,02,13,14,35,38,32,13,14,02,01,35,38,7,5,66335100,15,19900300,562,637300,27004,11700,455390,1000,0,3910584600,1,2003-12-04,G,103
165,09,11,16,21,25,36,10,25,21,16,11,36,09,9,2,146957800,17,15560100,785,404300,36648,7600,565557,1000,0,3825402200,1,2003-12-11,I,118
166,14,18,20,28,34,38,17,34,38,20,14,18,28,8,1,200000000,6,50043500,523,688900,26144,12100,450922,1000,133626797,3917704400,1,2003-12-18,H,152
167,10,14,17,19,29,42,02,10,42,17,29,19,14,4,3,174050500,4,87417200,476,881500,29788,12400,521789,1000,0,4554954600,1,2003-12-25,D,131
168,01,06,31,32,36,39,42,06,32,31,39,01,36,2,1,200000000,5,67742800,409,993700,20594,17400,395284,1000,176352642,4167457200,1,2004-01-08,B,145
169,03,15,17,19,26,36,39,03,17,26,36,19,15,6,3,176290100,46,6897000,950,400700,41749,8000,615261,1000,0,4447994800,1,2004-01-15,F,116
170,10,12,15,17,30,31,06,31,15,30,12,10,17,3,4,75230300,21,12896500,701,463600,34052,8400,542175,1000,0,3834667400,1,2004-01-22,C,115
171,05,06,17,23,32,33,39,33,32,05,06,23,17,1,6,51417700,26,10678900,852,391000,36359,8000,549298,1000,0,3916785200,1,2004-01-29,A,116
172,10,11,22,23,33,34,27,23,22,10,33,11,34,10,9,33745300,40,6833300,1539,213100,42155,6800,544358,1000,0,3863871400,1,2004-02-05,J,133
173,06,10,22,30,31,35,18,35,06,22,31,10,30,5,7,43030700,46,5893200,871,373400,37546,7600,509170,1000,0,3763889600,1,2004-02-12,E,134
174,02,09,16,36,38,42,06,36,09,02,42,38,16,6,1,200000000,11,26622100,534,658000,25955,11900,429455,1000,125385155,3797974000,1,2004-02-19,F,143
175,02,03,10,22,28,40,43,40,02,22,10,28,03,4,2,244241500,12,27232100,679,577500,35191,9800,553648,1000,0,4403540400,1,2004-02-26,D,105
176,08,19,25,31,34,37,30,08,31,19,37,34,25,7,5,62011300,16,17440500,642,521500,30442,9700,472530,1000,0,3759737800,1,2004-03-04,G,154
177,06,18,19,30,36,41,27,36,18,41,30,06,19,7,4,74875100,22,12252100,695,465400,36586,7700,481416,1000,0,3687230200,1,2004-03-11,G,150
178,10,22,27,30,36,39,04,39,22,10,36,30,27,9,6,47741800,18,14322400,898,344500,38808,7000,535362,1000,0,3693065400,1,2004-03-18,I,164
179,03,06,11,13,15,16,23,06,13,15,03,11,16,1,3,95437500,28,9202800,719,430000,31445,8600,511511,1000,0,3638856000,1,2004-03-25,A,64
180,04,10,11,12,20,36,28,04,10,36,12,11,20,2,2,136457500,20,12281000,640,460500,36754,7000,565095,1000,0,3640846000,1,2004-04-01,B,93
181,01,02,07,21,29,30,23,07,29,01,02,21,30,8,4,78004400,28,10029000,617,546100,30463,9700,463323,1000,0,3756416800,1,2004-04-08,H,90
182,22,23,28,37,40,43,30,40,43,28,23,22,37,5,3,108364000,8,36572500,507,692400,26162,11800,414760,1000,0,3762757600,1,2004-04-15,E,193
183,14,29,31,36,38,40,33,36,29,14,40,38,31,3,0,0,10,29464400,364,971300,20314,15300,374524,1000,327385446,3693386200,1,2004-04-22,C,188
184,05,07,23,31,39,42,19,07,31,39,42,05,23,7,3,252447300,20,19347800,630,737000,33862,12000,591263,1000,0,5071424800,1,2004-04-29,G,147
185,08,13,14,18,35,41,33,35,41,14,13,18,08,1,2,149621200,12,22442900,631,512100,27670,10300,453606,1000,0,3623175800,1,2004-05-06,A,129
186,07,16,18,33,36,41,04,33,18,07,36,16,41,9,1,200000000,13,21075000,577,569700,28758,10000,459147,1000,104420387,3680739400,1,2004-05-13,I,151
187,12,21,22,27,39,40,25,21,12,39,22,27,40,2,4,111906100,20,15444000,723,512600,33610,9700,532526,1000,0,4182748000,1,2004-05-20,B,161
188,03,08,18,25,26,39,38,39,18,03,08,25,26,10,10,27662200,48,5186600,995,300200,41605,6300,563542,1000,0,3669796600,1,2004-05-27,J,119
189,03,32,35,36,39,40,05,39,03,40,32,35,36,6,1,200000000,3,97388900,357,982000,16537,18700,327872,1000,124632575,3565657000,1,2004-06-03,F,185
190,17,23,30,31,39,43,42,17,39,43,31,30,23,9,1,400000000,16,18773700,807,446600,39494,8000,530766,1000,58390423,4096280800,1,2004-06-10,I,183
191,04,07,25,27,34,43,35,34,43,27,25,04,07,3,0,0,8,38670700,769,482700,34899,9300,438731,1000,402133773,3979024600,1,2004-06-17,C,140
192,03,07,19,27,39,41,10,07,03,19,27,41,39,3,12,70108900,21,18821500,1410,336300,56873,7300,796031,1000,0,5607018400,1,2004-06-24,C,136
193,03,04,18,31,40,43,22,40,18,03,04,43,31,4,0,0,14,21439700,463,777900,24891,12700,425852,1000,333510049,3860973000,1,2004-07-01,D,139
194,04,11,12,21,36,38,37,04,21,11,12,38,36,3,3,249322600,13,28692900,899,497800,41940,9400,657743,1000,0,5083710800,1,2004-07-08,C,122
195,05,10,12,22,26,41,19,41,26,05,10,22,12,6,2,149103500,14,19170200,648,497000,34184,8300,522154,1000,0,3766456000,1,2004-07-15,F,116
196,04,05,11,16,30,33,14,05,04,33,30,11,16,5,5,57127200,16,16066900,715,431400,32665,8300,502277,1000,0,3612425600,1,2004-07-22,E,99
197,09,10,17,22,28,30,19,10,28,22,30,09,17,8,7,37492700,20,11810100,887,319500,40578,6100,564216,1000,0,3547430200,1,2004-07-29,H,116
198,04,05,06,17,20,42,10,42,04,06,17,05,20,7,1,200000000,18,14623400,416,759200,23134,12000,403440,1000,92471147,3452518400,1,2004-08-05,G,94
199,03,14,24,25,33,36,41,14,24,33,03,25,36,9,16,25199600,23,12158600,928,361600,36913,8000,469822,1000,0,3759549800,1,2004-08-12,I,135
200,04,07,11,19,25,28,02,07,19,04,25,28,11,2,6,42904300,28,8274300,1172,237200,43075,5600,569759,1000,0,3515847600,1,2004-08-19,B,94
201,10,13,16,17,24,39,43,39,13,17,10,24,16,6,1,200000000,17,15559900,538,590000,28480,9800,476590,1000,93913560,3627679600,1,2004-08-26,F,119
202,09,18,26,28,33,40,10,28,26,18,33,09,40,1,2,212108900,23,12924800,681,523800,32600,9600,507362,1000,0,4014091400,1,2004-09-02,A,154
203,12,18,20,27,35,37,39,18,20,37,27,35,12,6,3,97543500,17,15492000,524,603100,28999,9600,463118,1000,0,3586529000,1,2004-09-09,F,149
204,02,17,20,25,39,42,30,02,20,25,39,42,17,4,2,150342700,11,24601300,666,487500,26249,10900,434708,1000,0,3593790000,1,2004-09-16,D,145
205,04,07,09,16,18,34,26,04,16,07,34,18,09,5,3,87669500,26,9104000,545,521100,29674,8400,462072,1000,0,3325331200,1,2004-09-23,E,88
206,01,03,16,22,41,43,13,16,03,43,22,41,01,3,2,148159800,13,20514200,440,727300,25201,11200,393101,1000,0,3463177000,1,2004-09-30,C,126
207,17,21,23,30,31,34,05,31,34,17,21,23,30,10,0,0,12,21245900,675,453200,28023,9600,443162,1000,283282291,3460485600,1,2004-10-07,J,156
208,18,24,29,32,35,39,23,35,39,32,18,24,29,8,2,332831600,30,11471300,1154,357800,41540,8700,600793,1000,0,4676827200,1,2004-10-14,H,177
209,08,27,30,35,40,41,09,40,35,08,41,30,27,2,0,0,10,28272500,346,980500,22480,13300,405469,1000,314141705,3646412200,1,2004-10-21,B,181
210,01,06,21,22,37,40,19,01,40,37,21,06,22,7,2,390786900,34,12373000,651,775400,31624,14000,550161,1000,0,5307598000,1,2004-10-28,G,127
211,10,14,23,26,33,36,24,23,36,10,33,26,14,9,1,200000000,11,25025000,679,486400,31702,9100,505649,1000,105864743,3796699800,1,2004-11-04,I,142
212,01,11,17,32,35,39,20,35,11,01,32,17,39,1,2,241846900,11,30913000,731,558200,34780,10300,576766,1000,0,4583653400,1,2004-11-11,A,135
213,04,07,18,26,29,43,08,26,04,29,18,07,43,4,1,200000000,16,17917300,805,427300,32064,9400,483257,1000,118533875,3857658800,1,2004-11-18,D,127
214,04,07,09,11,20,36,32,36,20,09,07,11,04,6,3,155943200,20,15718100,1035,364400,43702,7600,620966,1000,0,4432517400,1,2004-11-25,F,87
215,01,04,13,18,22,31,30,04,31,22,18,01,13,3,4,80653700,14,20739300,818,425900,33467,9100,482450,1000,0,3891530800,1,2004-12-02,C,89
216,09,21,29,33,35,41,27,35,33,41,29,21,09,5,3,108838100,14,20990000,481,733100,26088,11900,433817,1000,0,3817536400,1,2004-12-09,E,168
217,08,19,23,27,29,39,28,29,08,19,23,39,27,10,4,74449600,13,20616600,744,432200,38211,7400,571142,1000,0,3871748600,1,2004-12-16,J,145
218,08,10,18,22,31,36,04,08,31,22,10,36,18,7,5,55485900,56,4458600,1061,282300,43053,6100,544653,1000,0,3634872400,1,2004-12-23,G,125
219,27,28,29,34,35,39,33,28,34,39,35,27,29,2,1,200000000,9,32240900,322,1081300,19134,16000,388187,1000,122412467,3680288200,1,2004-12-30,B,192
220,23,25,26,29,33,37,40,33,23,25,29,37,26,1,0,0,29,9483800,594,555600,28534,10200,481907,1000,428004419,3741555800,1,2005-01-06,A,173
221,08,27,30,31,38,42,13,31,42,08,38,30,27,6,3,320380000,34,14112200,972,592300,52311,9700,805082,1000,0,6448288400,1,2005-01-13,F,176
222,04,14,15,22,29,31,20,22,04,14,29,15,31,4,4,84878500,31,9856700,697,526000,34211,9400,531776,1000,0,4148832000,1,2005-01-20,D,115
223,07,09,19,26,30,32,03,19,26,32,07,09,30,3,4,84933700,18,16986500,645,568800,34183,9400,531115,1000,0,4149292000,1,2005-01-27,C,123
224,12,17,18,19,30,35,13,30,17,35,19,18,12,5,1,200000000,6,48181700,490,707900,29910,10200,520974,1000,121214401,3964900200,1,2005-02-03,E,131
225,09,11,21,31,35,38,13,11,09,35,38,21,31,9,4,127130900,12,29047900,620,674600,32974,11100,571393,1000,0,4654564400,1,2005-02-10,I,145
226,08,26,36,40,42,43,21,08,36,26,43,42,40,10,1,200000000,4,80699600,274,1413700,18629,18300,352899,1000,158668297,3918720000,1,2005-02-17,J,195
227,06,13,17,29,32,36,35,06,36,32,29,13,17,1,9,59350200,34,9939100,1131,358500,40394,8800,574188,1000,0,4557430200,1,2005-02-24,A,133
228,05,08,17,26,36,39,34,05,26,39,17,36,08,4,4,75758600,18,15151500,913,358400,38526,7400,560175,1000,0,3893134000,1,2005-03-03,D,131
229,08,16,21,24,27,36,20,08,21,24,16,36,27,2,3,103016200,17,16361200,828,403100,37875,7700,535949,1000,0,3891858000,1,2005-03-10,B,132
230,04,09,18,31,36,42,34,04,18,31,09,42,36,7,167,1814700,29,9405200,1057,309600,37865,7600,521030,1000,0,3806368600,1,2005-03-17,G,140
231,01,04,06,16,18,43,41,04,01,16,18,06,43,3,4,78093700,23,12223200,514,656300,25725,11500,431276,1000,0,3688321200,1,2005-03-24,C,88
232,01,05,07,26,39,43,32,43,26,07,05,39,01,5,0,0,14,20651600,448,774400,24482,12500,427608,1000,321250560,3757736200,1,2005-03-31,E,121
233,06,18,26,40,41,42,09,18,41,40,06,26,42,10,3,252078300,27,14499300,693,677800,39478,10400,627079,1000,0,5194956400,1,2005-04-07,J,173
234,11,17,24,26,27,30,19,27,17,11,30,26,24,1,3,110799800,25,11966200,594,604300,34875,9000,606646,1000,0,4253032800,1,2005-04-14,A,135
235,06,21,23,24,28,39,38,21,39,23,28,06,24,2,3,107700400,19,15304600,549,635600,30264,10100,495064,1000,0,3923811800,1,2005-04-21,B,141
236,01,08,09,14,34,38,04,38,34,01,09,14,08,8,2,170375000,13,23590100,408,901900,22849,14200,421434,1000,0,3914428800,1,2005-04-28,H,104
237,01,03,11,13,27,37,30,01,03,27,13,11,37,5,3,92756600,12,20870000,693,433600,31188,8500,482027,1000,0,3503047000,1,2005-05-05,E,92
238,05,10,15,20,33,37,30,20,33,37,10,05,15,9,4,82060000,33,8951900,838,423000,36088,8600,491848,1000,0,3961577200,1,2005-05-12,I,120
239,04,09,18,30,31,40,24,09,40,04,18,30,31,4,7,41395900,24,10866300,1313,238300,48989,5600,589955,1000,0,3843402200,1,2005-05-19,D,132
240,11,15,26,31,36,39,12,31,26,11,39,15,36,6,3,99489600,16,16788700,706,456500,35610,7900,543807,1000,0,3816861400,1,2005-05-26,F,158
241,08,14,27,33,36,40,20,08,27,33,40,36,14,1,4,73985600,28,9512300,921,347000,36165,7700,520271,1000,0,3742481000,1,2005-06-02,A,158
242,01,10,13,22,29,32,38,13,22,01,29,10,32,1,0,0,13,21804200,469,725200,24567,12200,423934,1000,314953610,3694541000,1,2005-06-09,A,107
243,05,34,35,38,42,43,08,42,43,05,38,35,34,2,2,400000000,11,39961800,548,962500,26821,17300,493091,1000,3380993,5364257800,1,2005-06-16,B,197
244,11,12,30,36,38,39,37,12,39,11,36,38,30,7,2,166561100,24,12365100,748,476000,40144,7800,605688,1000,0,4227672200,1,2005-06-23,G,166
245,03,06,18,24,28,36,21,06,18,03,24,36,28,3,7,41996300,52,5087900,1479,214600,55734,5000,625386,1000,0,3958868800,1,2005-06-30,C,115
246,16,28,32,34,39,42,38,34,16,42,32,39,28,10,2,173662500,15,20839300,540,694600,25543,12900,409576,1000,0,3945536800,1,2005-07-07,J,191
247,08,16,30,32,34,39,13,16,32,08,30,39,34,6,2,163484400,23,12794300,769,459100,36207,8600,478175,1000,0,3920081000,1,2005-07-14,F,159
248,11,32,35,36,39,41,06,39,35,36,32,11,41,1,3,102052700,22,12524500,702,471000,34381,8400,510966,1000,0,3811081000,1,2005-07-21,A,194
249,01,03,17,23,33,35,18,01,23,33,03,35,17,4,3,104654700,12,23547100,593,571800,29982,9900,479145,1000,0,3808586600,1,2005-07-28,D,112
250,03,08,09,13,22,42,11,13,08,09,42,22,03,9,3,102354500,17,16256100,476,696600,26737,10900,464662,1000,0,3716094200,1,2005-08-04,I,97
251,02,12,19,25,29,36,26,12,25,02,19,36,29,7,4,73942000,19,14009900,846,377500,31927,8800,462951,1000,0,3613580000,1,2005-08-11,G,123
252,02,06,13,22,32,33,12,33,32,13,22,02,06,5,3,102828600,27,10282700,502,663600,26541,11000,427097,1000,0,3645046600,1,2005-08-18,E,108
253,15,16,19,22,36,43,13,19,16,15,36,43,22,7,1,200000000,9,32513100,404,869100,22356,13800,401299,1000,125134321,3733213000,1,2005-08-25,G,151
254,12,13,22,23,25,29,40,25,22,29,23,12,13,8,4,121926400,15,21754100,1021,383500,40587,8500,650348,1000,0,4613830000,1,2005-09-01,H,124
255,06,07,12,17,34,42,08,34,42,06,12,17,07,6,4,80324400,9,32129500,498,696700,26656,11400,458832,1000,0,3827537200,1,2005-09-08,F,118
256,15,17,18,28,30,37,40,30,17,28,18,15,37,1,2,151371100,14,19461800,556,588000,32087,8900,527172,1000,0,3817241200,1,2005-09-15,A,145
257,07,15,29,30,39,40,11,15,39,30,40,29,07,2,2,157898300,23,12357100,640,532900,29676,10100,470404,1000,0,3805175400,1,2005-09-22,B,160
258,03,15,16,17,25,31,40,25,17,31,15,16,03,9,1,200000000,17,15786000,637,505500,33593,8400,541701,1000,98183285,3809685000,1,2005-09-29,I,107
259,01,12,15,23,34,42,27,12,34,01,15,42,23,4,21,22911800,75,4595500,1867,221500,43748,8300,496807,1000,0,4450853600,1,2005-10-06,D,127
260,11,15,21,31,37,41,30,11,41,21,15,37,31,7,9,34541200,30,9326000,1469,228500,47666,6200,502569,1000,0,3833610400,1,2005-10-13,G,156
261,06,17,18,21,35,41,32,17,41,06,35,18,21,3,6,54815100,27,10962900,673,527700,30809,10100,508889,1000,0,4005131200,1,2005-10-20,C,138
262,05,07,11,19,21,25,27,21,25,19,11,07,05,8,5,62629500,27,10438100,967,349700,43956,6700,622653,1000,0,4120355000,1,2005-10-27,H,88
263,01,05,13,22,39,41,04,13,22,05,41,39,01,3,1,200000000,8,36054700,560,618000,28780,10600,462376,1000,120489556,3828347800,1,2005-11-03,C,121
264,02,05,06,08,20,27,43,02,20,05,08,06,27,6,0,0,22,15991200,918,459800,41654,8900,626574,1000,511391329,4808583800,1,2005-11-10,F,68
265,02,03,16,22,23,28,40,02,28,23,22,03,16,1,5,242164500,63,9991700,1874,403000,91258,7300,1300948,1000,0,9003515600,1,2005-11-17,A,94
266,11,15,18,24,30,39,07,24,30,11,15,18,39,10,8,40409400,38,7656400,1105,315900,60208,5100,725507,1000,0,4437429600,1,2005-11-24,J,137
267,03,05,08,22,35,38,41,08,03,05,38,22,35,9,6,58511500,21,15045700,1168,324600,39284,8500,595326,1000,0,4391039200,1,2005-12-01,I,111
268,03,06,08,14,24,36,15,24,08,36,03,06,14,4,5,65174700,30,9776100,945,372400,46523,6600,633369,1000,0,4255384600,1,2005-12-08,D,91
269,01,10,13,15,21,23,36,13,10,01,21,23,15,5,3,116598700,19,16569100,644,586600,33557,9900,545691,1000,0,4269611400,1,2005-12-15,E,83
270,17,19,21,29,33,38,30,17,33,29,19,21,38,2,4,85350100,17,18073900,597,617600,35078,9200,506032,1000,0,4108107600,1,2005-12-22,B,157
271,09,10,19,25,40,41,08,09,25,40,41,10,19,7,2,181185700,12,27177600,498,785800,29107,11800,473784,1000,0,4219716400,1,2005-12-29,G,144
272,07,12,13,20,23,26,41,07,23,12,20,13,26,8,0,0,5,47332200,549,517200,29542,8400,462372,1000,262959262,3325566000,1,2006-01-05,H,101
273,04,18,20,21,29,40,37,18,21,20,40,29,04,1,2,387920800,18,25643800,774,715600,41249,11800,684190,1000,0,6002641200,1,2006-01-12,A,132
274,04,05,14,27,31,39,06,14,39,27,04,05,31,3,6,58469500,20,15786600,875,433000,39609,8400,604694,1000,0,4409650400,1,2006-01-19,C,120
275,04,13,15,31,33,40,08,04,40,15,31,13,33,6,3,123320300,13,25612400,635,629200,32391,10800,525035,1000,0,4399933800,1,2006-01-26,F,136
276,06,11,27,30,33,36,34,36,06,27,11,30,33,10,2,161097700,7,41424700,1040,334500,50043,6100,682705,1000,0,4332877200,1,2006-02-02,J,143
277,07,09,18,20,30,38,23,07,20,18,30,09,38,9,1,200000000,18,17796900,728,528000,34402,9800,538743,1000,155943073,4307890200,1,2006-02-09,I,122
278,09,13,14,17,22,38,33,22,09,13,14,38,17,2,4,146432500,37,10454100,966,480500,44092,9200,693545,1000,0,5297238200,1,2006-02-16,B,113
279,07,11,12,23,30,43,27,43,11,07,23,30,12,5,8,41770000,31,9701300,845,427000,40845,7700,617622,1000,0,4292811200,1,2006-02-23,E,126
280,06,12,26,37,38,39,25,12,39,38,06,26,37,4,1,200000000,24,13096300,661,570600,33543,9900,516835,1000,149238699,4200614400,1,2006-03-02,D,158
281,03,09,10,11,19,35,30,09,11,03,10,19,35,7,16,35304900,30,12469100,1043,430300,49663,7900,754250,1000,0,5308511800,1,2006-03-09,G,87
282,01,09,17,31,41,43,23,31,17,01,09,41,43,1,1,200000000,15,22291000,432,928700,26417,13300,436044,1000,171519931,4215800600,1,2006-03-16,A,142
283,06,09,16,22,27,37,36,06,16,37,09,27,22,3,0,0,24,14911100,835,514300,42427,8900,668482,1000,569155297,4960559400,1,2006-03-23,C,117
284,20,26,30,33,35,38,04,33,20,30,26,35,38,7,6,215518000,12,54296000,858,911200,50333,13700,897975,1000,0,8322324000,1,2006-03-30,G,182
285,01,03,09,14,16,29,37,09,29,01,16,03,14,8,7,52459200,19,17394200,881,450100,44927,7700,604703,1000,0,4552975200,1,2006-04-06,H,72
286,10,11,14,28,31,41,03,14,11,41,10,28,31,5,5,75107400,29,11654400,628,645800,38214,9300,576836,1000,0,4563778000,1,2006-04-13,E,135
287,01,05,18,34,35,39,07,18,39,35,05,01,34,1,0,0,8,44562500,548,780600,29657,12700,511572,1000,396114792,4598581800,1,2006-04-20,A,132
288,03,04,11,25,28,33,35,04,11,03,28,33,25,9,11,81646100,29,15578900,1670,324600,74101,6400,1054770,1000,0,6760987200,1,2006-04-27,I,104
289,07,09,12,17,34,38,03,12,38,17,07,34,09,3,3,107375300,17,17053500,785,443100,37274,8200,580848,1000,0,4105921800,1,2006-05-04,C,117
290,11,13,15,17,22,43,08,17,15,22,43,13,11,10,1,200000000,14,23524100,661,597800,34170,10200,582816,1000,165935026,4493152600,1,2006-05-11,J,121
291,10,15,20,28,41,43,19,10,43,15,28,41,20,6,2,321480300,18,23851000,558,923200,29402,15400,524293,1000,0,5333953000,1,2006-05-18,F,157
292,07,14,27,31,34,39,40,27,39,14,07,34,31,8,6,58877300,20,15896700,1288,296200,44633,7500,587415,1000,0,4392635400,1,2006-05-25,H,152
293,06,08,15,17,36,43,38,15,08,17,43,06,36,2,1,200000000,9,34999700,742,509400,33344,10000,560170,1000,150000456,4303571600,1,2006-06-01,B,125
294,02,05,13,14,17,20,21,20,05,02,17,14,13,4,3,192565900,20,19246200,792,583200,36313,11200,624171,1000,0,5124811000,1,2006-06-08,D,71
295,09,12,18,20,37,43,05,18,20,12,43,09,37,5,2,178474100,11,29204600,527,731500,28057,12100,483583,1000,0,4194098000,1,2006-06-15,E,139
296,04,19,27,30,31,37,10,37,19,31,27,04,30,7,4,86071800,31,9995300,607,612500,32547,10000,541632,1000,0,4212447600,1,2006-06-22,G,148
297,06,08,09,20,38,40,02,40,20,08,06,38,09,3,0,0,18,17297400,604,618500,31131,10500,532627,1000,345952300,4206987000,1,2006-06-29,C,121
298,12,25,29,31,35,40,26,29,35,40,31,25,12,6,5,175332300,19,25138600,693,827000,35922,14000,625906,1000,0,6028916800,1,2006-07-06,F,172
299,02,04,05,17,35,41,18,02,35,17,04,05,41,9,1,200000000,16,19762100,529,717200,28815,11600,513768,1000,151330859,4212082800,1,2006-07-13,I,104
300,04,07,29,33,36,39,09,36,39,04,07,33,29,5,1,400000000,27,13234000,855,501500,40231,9400,645107,1000,148357187,4903292400,1,2006-07-20,E,148
301,04,05,06,09,10,11,33,09,11,06,10,05,04,2,28,18472800,24,13833000,2276,175000,67600,5100,832106,1000,0,5072901400,1,2006-07-27,B,45
302,02,04,13,23,38,40,24,02,13,23,38,04,40,8,2,177884000,10,32018800,470,817500,25301,13300,469829,1000,0,4153218400,1,2006-08-03,H,120
303,04,24,31,35,37,39,13,24,04,35,31,37,39,4,0,0,12,25596100,470,784200,27443,11800,469843,1000,341285528,4026682800,1,2006-08-10,D,170
304,03,07,08,15,17,31,27,17,15,31,03,08,07,7,7,105413200,44,8112300,1486,288200,68958,5400,956735,1000,0,5592138400,1,2006-08-17,G,81
305,01,02,05,23,31,34,43,01,02,31,23,34,05,10,1,200000000,31,10363900,429,898600,27755,12200,515418,1000,156982123,4265137400,1,2006-08-24,J,96
306,01,20,25,28,31,42,02,31,25,28,20,42,01,1,0,0,17,24616600,508,988500,26809,16500,500596,1000,621967283,5176067600,1,2006-08-31,A,147
307,01,07,11,32,33,40,27,33,32,11,07,01,40,3,6,251095100,72,11057400,1311,728700,70910,11800,1233004,1000,0,10470801400,1,2006-09-07,C,124
308,03,13,18,20,23,28,35,18,20,23,28,13,03,5,0,0,20,17725400,995,427500,35968,10400,611161,1000,393902973,4800561000,1,2006-09-14,E,105
309,01,04,26,36,41,42,09,36,26,42,01,41,04,1,2,400000000,22,24099500,578,1100700,32619,17200,635711,1000,183009018,6561049400,1,2006-09-21,A,150
310,03,04,05,18,28,37,26,05,37,18,04,03,28,6,1,400000000,31,13160100,1075,455400,53713,8000,885422,1000,236306765,5929097000,1,2006-09-28,F,95
311,01,16,22,36,37,42,34,36,42,16,01,37,22,9,1,400000000,17,28417700,779,744100,37821,13500,643952,1000,373090476,6122103600,1,2006-10-05,I,154
312,02,17,22,29,38,42,16,17,42,38,02,22,29,4,10,89457600,28,16761900,1159,485900,49776,9900,770395,1000,0,6269401200,1,2006-10-12,D,150
313,01,19,21,31,32,40,33,19,31,32,01,40,21,8,3,143877200,14,27747500,568,820700,30598,13400,527413,1000,0,4944176800,1,2006-10-19,H,144
314,03,08,14,30,38,43,06,03,30,14,08,43,38,2,4,100991800,19,19135100,942,463100,40687,9400,638140,1000,0,4948468400,1,2006-10-26,B,136
315,01,02,17,24,40,41,31,01,40,41,24,02,17,10,5,80557100,8,45312900,718,605800,35032,10900,589722,1000,0,4830547400,1,2006-11-02,J,125
316,03,04,20,30,40,41,31,04,40,41,03,30,20,7,4,97231600,47,7447400,1095,383500,41065,9000,592309,1000,0,4715177800,1,2006-11-09,G,138
317,07,08,15,30,35,36,40,35,30,07,08,15,36,5,7,54347200,16,21399000,835,492000,37239,9700,592070,1000,0,4640396600,1,2006-11-16,E,131
318,02,07,13,16,36,37,41,36,02,37,07,16,13,3,0,0,18,17573200,656,578600,33569,9900,545572,1000,351468038,4283957200,1,2006-11-23,C,111
319,15,20,23,28,37,40,17,20,23,15,37,28,40,1,7,122102000,22,20587100,985,551700,45095,10600,733517,1000,0,6028047200,1,2006-11-30,A,163
320,01,05,25,27,38,41,09,01,38,05,41,27,25,6,4,91305900,62,5301500,802,491800,39199,8800,621107,1000,0,4572027200,1,2006-12-07,F,137
321,21,29,31,36,38,41,10,29,36,38,31,41,21,1,2,200000000,5,72894400,431,1014700,24349,15800,455986,1000,4972560,4552467800,1,2006-12-14,A,196
322,18,19,22,25,35,42,36,42,19,22,35,25,18,4,3,144517000,13,29670500,559,828000,32675,12400,556547,1000,0,4982236200,1,2006-12-21,D,161
323,09,11,21,23,33,39,26,09,11,23,33,21,39,8,8,45430600,36,9086000,1308,300000,52241,6600,719915,1000,0,4776056600,1,2006-12-28,H,136
324,05,13,27,37,39,41,36,41,05,13,39,37,27,5,4,64827500,5,46675400,700,400000,30387,8100,429471,1000,0,3220563000,1,2007-01-04,E,162
325,06,07,18,29,33,39,43,33,29,06,39,18,07,9,5,71887400,21,15404300,940,412900,44027,7700,628723,1000,0,4538382800,1,2007-01-11,I,132
326,01,07,09,14,23,43,19,07,23,14,43,09,01,3,6,60713700,23,14254300,822,478600,39088,8800,613322,1000,0,4546499800,1,2007-01-18,C,97
327,06,12,14,28,31,36,35,36,14,28,31,12,06,2,6,61984500,23,14552700,974,412300,39321,9000,577332,1000,0,4533158600,1,2007-01-25,B,127
328,03,07,10,12,19,36,35,07,10,19,36,03,12,7,7,49885200,29,10837000,983,383600,46700,7100,666801,1000,0,4533502800,1,2007-02-01,G,87
329,06,08,15,17,39,40,37,15,39,40,17,06,08,10,5,71021800,41,7795000,993,386200,42028,8000,634990,1000,0,4514487400,1,2007-02-08,J,125
330,05,12,16,19,28,39,34,28,16,39,05,12,19,6,5,69426800,47,6647100,1031,363600,45057,7300,639494,1000,0,4454798200,1,2007-02-15,F,119
331,02,08,17,24,32,38,35,08,02,38,24,17,32,9,21,16619900,42,7478900,1699,221800,50014,6600,633008,1000,0,4456860600,1,2007-02-22,I,121
332,07,08,16,24,26,34,19,08,16,26,07,34,24,1,1,200000000,27,12232700,678,584500,33220,10500,554114,1000,166985277,4438548800,1,2007-03-01,A,115
333,01,05,07,15,41,42,38,01,07,05,15,41,42,2,1,400000000,24,16005600,700,658500,40493,10000,693694,1000,193805491,5271640400,1,2007-03-08,B,111
334,11,14,17,18,34,36,23,34,14,36,17,18,11,5,5,127946200,21,19110900,650,740900,40826,10400,666072,1000,0,5377225600,1,2007-03-15,E,130
335,04,05,10,23,36,42,08,10,36,04,23,05,42,7,2,176764900,22,14462400,724,527300,33907,9900,563946,1000,0,4342806800,1,2007-03-22,G,120
336,03,06,13,17,20,29,11,03,29,20,06,13,17,3,1,200000000,33,9337600,1120,330100,41124,7900,624890,1000,142382016,4380814200,2,2007-03-29,C,88
337,05,15,16,20,34,39,29,39,15,16,20,05,34,8,2,286729500,16,24247800,634,734300,35174,11600,600581,1000,0,5101923800,1,2007-04-05,H,129
338,08,10,25,31,39,40,35,08,25,10,39,31,40,1,1,200000000,13,24833700,683,567200,35069,9700,562456,1000,158712142,4384785400,1,2007-04-12,A,153
339,03,05,09,26,34,36,12,34,05,26,36,09,03,10,4,144874000,24,15779200,720,631100,42201,9400,692611,1000,0,5216481200,1,2007-04-19,J,113
340,04,10,13,31,35,42,07,13,04,31,42,10,35,4,3,125206400,18,18780800,669,606300,35970,9900,565132,1000,0,4538489600,1,2007-04-26,D,135
341,04,14,23,25,28,35,41,23,04,35,28,25,14,3,2,167679400,15,20121300,593,610700,30118,10600,501326,1000,0,4044850600,1,2007-05-03,C,129
342,08,15,26,27,34,38,10,38,15,27,34,26,08,6,7,47713500,27,11133000,1246,289400,46444,6800,622155,1000,0,4301440800,1,2007-05-10,F,148
343,13,28,29,37,38,41,35,37,38,41,13,28,29,2,3,122221000,18,18332900,540,733300,29299,11900,498484,1000,0,4312111600,1,2007-05-17,B,186
344,08,11,16,20,28,36,42,11,28,08,20,36,16,7,7,47837300,27,11161900,982,368200,41610,7600,606647,1000,0,4274547600,1,2007-05-24,G,119
345,10,21,22,25,35,37,18,37,10,21,22,25,35,3,1,200000000,11,29538700,525,742600,29520,11600,490711,1000,161031732,4245623600,1,2007-05-31,C,150
346,04,09,11,12,32,38,16,38,11,09,04,12,32,10,2,275055600,35,10004800,877,479100,47540,7700,726427,1000,0,5014553800,1,2007-06-07,J,106
347,08,20,23,27,32,33,13,33,32,20,27,23,08,5,2,175074200,14,22509300,525,720200,27683,12000,482381,1000,0,4132000600,1,2007-06-14,E,143
348,04,05,06,27,36,38,13,38,05,36,06,04,27,9,4,83409800,30,10009000,796,452600,36706,8600,618057,1000,0,4289224400,1,2007-06-21,I,116
349,08,13,15,19,20,30,25,19,15,30,08,20,13,1,1,200000000,23,13939100,537,716400,31439,10700,543255,1000,156226705,4320395600,1,2007-06-28,A,105
350,13,18,25,26,29,40,06,29,26,40,13,25,18,8,5,117204300,41,9434400,869,534100,43846,9300,645046,1000,0,5189529600,1,2007-07-05,H,151
351,03,13,16,24,26,43,15,16,13,26,24,43,03,7,3,122807000,9,36841700,543,732700,29158,12000,505304,1000,0,4342630400,1,2007-07-12,G,125
352,06,08,24,25,34,38,10,34,38,25,24,08,06,4,2,168600600,28,10838500,726,501600,36921,8700,574516,1000,0,4223596800,1,2007-07-19,D,135
353,01,09,15,16,22,26,29,16,15,01,26,09,22,2,3,111962100,23,13143200,689,526400,34872,9100,557065,1000,0,4173326000,2,2007-07-26,B,89
354,04,06,22,31,34,41,43,22,41,04,06,34,31,2,4,86609200,14,22270700,526,711300,25183,13100,445362,1000,0,4017299400,1,2007-08-02,B,138
355,01,11,24,26,36,37,39,37,24,11,26,36,01,1,1,200000000,9,32930700,513,693200,26928,11600,464452,1000,129310297,3910048000,1,2007-08-09,A,135
356,01,05,08,12,17,29,28,05,29,17,08,01,12,5,8,57225400,50,5912800,1333,266100,52813,5900,707934,1000,0,4443977400,1,2007-08-16,E,72
357,02,10,11,12,19,38,06,11,38,10,12,02,19,3,2,159167600,22,13022600,624,550900,36294,8300,573760,1000,0,4057040800,1,2007-08-23,C,92
358,12,31,32,34,39,42,30,31,32,42,12,34,39,8,5,74317800,12,27868900,346,1159800,21223,16600,391588,1000,0,4117613600,1,2007-08-30,H,190
359,03,05,19,20,23,27,40,03,23,19,05,27,20,6,7,44620000,22,12777400,900,374800,40487,7300,592367,1000,0,4045996400,1,2007-09-06,F,97
360,02,03,06,14,26,42,25,26,14,06,03,02,42,2,3,109515400,23,12856000,633,560500,34354,9100,523482,1000,0,4034548600,1,2007-09-13,B,93
361,01,21,28,30,37,43,31,43,01,37,21,28,30,10,1,200000000,14,22837500,338,1135100,21817,15500,395746,1000,155254196,3984098800,1,2007-09-20,J,160
362,07,10,15,20,37,40,28,20,37,15,07,40,10,7,1,400000000,28,12880600,849,509700,41017,9300,608688,1000,155988946,4854770200,1,2007-09-27,G,129
363,03,06,07,22,27,31,04,07,27,06,31,03,22,9,4,135647000,20,17396800,1014,411700,49696,7400,754674,1000,0,5055651200,1,2007-10-04,I,96
364,07,11,12,19,33,42,36,12,42,07,33,11,19,4,1,200000000,17,17129400,819,426600,38583,7900,584167,1000,123559186,4125820800,1,2007-10-11,D,124
365,06,19,20,28,36,37,11,36,06,19,20,28,37,1,8,65370900,30,11982100,951,453500,41249,9200,609966,1000,0,4846015600,1,2007-10-18,A,146
366,12,13,15,18,30,41,21,30,13,18,12,15,41,6,1,200000000,13,24194000,478,789500,28345,11700,508386,1000,149473061,4183887000,1,2007-10-25,F,129
367,10,13,17,38,41,43,28,41,43,13,17,10,38,8,0,0,15,25449900,670,683700,30982,13000,539183,1000,573641861,4905111200,1,2007-11-01,H,162
368,07,10,18,21,33,35,13,07,10,18,35,33,21,5,7,162710200,50,10175800,1185,515200,54987,9700,833762,1000,0,6793377200,1,2007-11-08,E,124
369,03,09,12,16,18,37,14,03,37,09,16,12,18,3,2,175763000,24,13182100,1074,353400,50069,6600,707811,1000,0,4644995800,1,2007-11-15,C,95
370,02,11,13,15,16,32,43,11,16,15,32,02,13,7,3,122240300,12,27503800,567,698500,33415,10400,561326,1000,0,4452267600,1,2007-11-22,G,89
371,14,15,23,24,32,34,31,24,23,32,15,34,14,2,2,187511200,16,21094800,671,603600,33706,10500,511210,1000,0,4413446200,1,2007-11-29,B,142
372,07,19,28,33,35,39,21,28,35,07,39,19,33,10,7,49670900,44,7111900,895,419500,39608,8300,581411,1000,0,4330641200,2,2007-12-06,J,161
373,07,14,15,19,35,43,30,43,15,35,07,19,14,1,2,183116900,13,25354400,639,618900,28539,12200,496127,1000,0,4303122400,1,2007-12-13,A,133
374,04,24,25,26,27,34,28,34,27,25,26,04,24,9,1,200000000,8,41993100,614,656500,30089,11800,516313,1000,173275826,4409521400,1,2007-12-20,I,140
375,07,09,14,17,36,37,11,09,07,14,17,37,36,6,7,85281700,27,14123000,1005,455300,51103,7800,790808,1000,0,5460150800,1,2007-12-27,F,120
376,20,21,25,27,34,38,16,20,34,25,38,21,27,4,1,200000000,13,29714200,574,807500,30153,13500,523665,1000,229208996,4914674400,1,2008-01-10,D,165
377,02,03,08,20,21,24,13,02,20,24,21,03,08,2,3,229941100,17,24385200,971,512300,45375,9600,721998,1000,0,5629874600,1,2008-01-17,B,78
378,11,13,19,26,36,43,31,43,13,19,36,11,26,8,0,0,17,19782900,594,679400,31661,11200,554038,1000,373680466,4496891000,1,2008-01-24,H,148
379,08,13,15,21,33,34,05,15,33,34,13,08,21,7,2,400000000,36,12746400,1143,481700,55878,8600,823269,1000,83541865,6285304400,1,2008-01-31,G,124
380,17,22,25,26,27,43,16,25,26,43,22,17,27,3,1,400000000,13,32601500,527,965000,33075,13500,600042,1000,154457620,5448887800,1,2008-02-07,C,160
381,04,13,15,22,39,41,30,04,22,15,13,41,39,5,1,400000000,27,15403100,1048,476200,48892,9000,713287,1000,216556788,5623492800,1,2008-02-14,E,134
382,02,06,15,28,29,43,14,43,29,06,15,02,28,1,5,145712100,31,14864500,943,586300,44725,10900,698390,1000,0,6026521200,1,2008-02-21,A,123
383,07,12,17,18,24,28,43,18,07,17,24,12,28,9,1,200000000,18,17852900,985,391400,48560,7000,736718,1000,157062818,4757620400,1,2008-02-28,I,106
384,17,19,20,22,33,41,35,41,33,17,20,19,22,6,2,315257400,14,30435900,682,749700,36073,12500,617720,1000,0,5510338600,1,2008-03-06,F,152
385,06,31,34,35,37,40,07,31,35,34,40,06,37,4,1,200000000,14,26707200,442,1015100,23648,16700,428575,1000,215450404,4583123200,1,2008-03-13,D,183
386,02,09,11,15,23,25,27,11,02,23,09,15,25,3,7,84544000,39,8685100,1163,349400,52595,6800,777811,1000,0,5017564000,1,2008-03-20,C,85
387,12,16,19,27,30,32,38,16,30,27,32,19,12,2,4,92433900,27,12324400,750,532400,34279,10200,562244,1000,0,4480653400,1,2008-03-27,B,136
388,05,12,14,18,20,31,02,20,31,18,05,14,12,8,2,178489700,24,13386600,649,594000,34951,9700,560245,1000,0,4364730400,1,2008-04-03,H,100
389,06,12,22,25,31,35,28,35,06,31,25,12,22,10,5,69907800,26,12099300,552,683800,33082,10000,542637,1000,0,4260579600,1,2008-04-10,J,131
390,05,16,17,22,39,43,21,17,43,22,16,05,39,1,4,89878900,13,24889300,793,489600,34466,9900,540062,1000,0,4342044800,1,2008-04-17,A,142
391,08,20,23,24,29,38,43,24,20,08,38,29,23,7,3,114851700,15,20673100,710,524100,36002,9100,571704,1000,0,4281615400,1,2008-04-24,G,142
392,10,15,18,30,31,37,11,18,15,31,30,37,10,4,6,56764100,38,8066400,920,399800,39058,8300,575670,1000,0,4255729400,1,2008-05-01,D,141
393,07,18,27,37,38,43,35,07,43,37,27,38,18,5,2,173104900,13,23968100,780,479300,35152,9300,508467,1000,0,4155550200,1,2008-05-08,E,170
394,14,27,28,31,37,40,18,37,27,14,40,31,28,9,0,0,7,46299800,483,805200,26149,13100,460263,1000,360112917,4169931600,1,2008-05-15,I,177
395,15,21,26,28,42,43,39,28,26,43,15,21,42,6,0,0,11,37036400,524,932900,31179,13800,577940,1000,812785066,5240336400,1,2008-05-22,F,175
396,09,12,21,26,33,40,05,09,26,12,21,40,33,2,6,235393800,57,9466900,1300,498100,57709,9800,867064,1000,0,7166685800,1,2008-05-29,B,141
397,15,16,23,30,39,43,11,30,39,16,43,23,15,3,1,200000000,13,24928000,583,667000,32626,10500,534661,1000,160074643,4334926000,1,2008-06-05,C,166
398,02,31,36,37,39,43,13,31,43,37,02,39,36,10,1,400000000,15,27280400,472,1040300,25960,16600,493826,1000,214752039,5070940800,1,2008-06-12,J,188
399,01,14,17,28,31,37,21,01,17,37,14,28,31,5,5,130837500,20,19774400,927,511900,45178,9200,695851,1000,0,5386683600,1,2008-06-19,E,128
400,04,09,19,22,23,33,38,23,09,22,19,04,33,8,4,91116600,31,10581100,1138,345800,40139,8600,603603,1000,0,4526512800,1,2008-06-26,H,110
401,14,15,27,34,35,42,37,35,42,27,34,15,14,7,8,46775300,15,22451900,784,515400,36074,9800,552114,1000,0,4497181200,1,2008-07-03,G,167
402,03,18,23,24,29,33,28,23,18,29,33,03,24,4,2,177704700,16,19991600,807,475600,41087,8200,639725,1000,0,4527630800,1,2008-07-10,D,130
403,08,10,13,20,24,33,23,10,24,13,33,08,20,6,1,200000000,21,15475500,661,589900,34065,10000,559457,1000,161098341,4398974600,1,2008-07-17,F,108
404,03,10,14,18,26,43,33,43,14,26,03,10,18,9,4,139117700,31,11478400,817,522600,37294,10000,584518,1000,0,4754197400,2,2008-07-24,I,114
405,06,13,19,20,30,31,08,30,31,13,20,06,19,1,2,175637000,26,12159300,794,477700,37151,9000,550150,1000,0,4292435000,1,2008-07-31,A,119
406,01,02,04,16,36,37,40,01,37,36,02,16,04,2,0,0,13,24185000,463,814800,28100,11800,479977,1000,349343178,4119620800,1,2008-08-07,B,96
407,11,18,19,30,37,39,38,18,39,30,19,11,37,8,3,250783000,15,24180100,1034,420900,46317,8200,663076,1000,0,4995481600,1,2008-08-14,H,154
408,12,20,23,28,31,32,39,32,31,12,20,28,23,3,1,200000000,14,22106300,766,484800,36282,9000,616372,1000,143879862,4374975400,1,2008-08-21,C,146
409,06,13,17,27,28,36,33,13,28,06,27,36,17,5,6,88449700,44,7912100,1497,279000,59388,6200,805669,1000,0,5170890200,1,2008-08-28,E,127
410,02,12,16,20,42,43,28,42,20,02,16,43,12,6,1,200000000,14,25676500,431,1000800,25714,14700,453564,1000,199416745,4498531800,1,2008-09-04,F,135
411,02,04,06,24,35,39,34,39,35,02,06,24,04,1,2,320327800,20,19855500,701,679700,36100,11600,613991,1000,0,5220531800,1,2008-09-11,A,110
412,02,06,07,09,16,19,33,07,16,06,02,09,19,7,2,174393800,13,24146600,1020,369300,47886,6900,596846,1000,0,4374475200,1,2008-09-18,G,59
413,02,14,15,26,35,37,25,14,35,15,26,02,37,10,2,176762900,23,13833400,866,440800,39779,8400,558027,1000,0,4329618400,1,2008-09-25,J,129
414,01,02,04,05,09,25,15,09,25,04,01,05,02,2,9,37013100,42,7138100,2060,174600,59174,5300,633819,1000,0,4319698600,1,2008-10-02,B,46
415,09,28,33,34,37,43,41,28,33,09,37,34,43,4,3,122294100,14,23585000,438,904600,29361,11900,455941,1000,0,4219487800,1,2008-10-09,D,184
416,12,15,22,24,29,37,06,15,12,29,24,37,22,9,4,83817100,37,8155100,754,480200,37629,8400,582514,1000,0,4224479600,1,2008-10-16,I,139
417,03,20,23,30,31,37,06,23,03,30,37,31,20,8,7,47161500,18,16506300,886,402400,38587,8100,587511,1000,0,4190682800,1,2008-10-23,H,144
418,03,12,16,25,32,36,34,16,32,36,03,25,12,3,5,68409400,21,14659000,1006,367200,41911,7700,617490,1000,0,4361445000,1,2008-10-30,C,124
419,05,08,16,25,26,30,01,16,05,30,08,25,26,5,6,56856200,22,13955400,894,412100,38618,8400,595766,1000,0,4305216200,1,2008-11-06,E,110
420,14,19,21,28,29,31,24,14,31,21,19,29,28,1,1,200000000,16,20174900,670,578100,27695,12300,489704,1000,158669748,4222743800,1,2008-11-13,A,142
421,02,06,08,10,25,34,31,06,10,08,34,25,02,3,0,0,17,21128600,788,546900,41588,9100,627824,1000,557769048,4883002000,1,2008-11-20,C,85
422,05,06,07,08,28,38,36,28,07,05,06,08,38,6,6,175377500,27,16483000,1102,484600,54825,8500,851502,1000,0,6213764600,1,2008-11-27,F,92
423,01,02,03,30,35,36,21,03,36,02,01,35,30,10,7,54458300,12,28590300,752,547400,30415,11900,517971,1000,0,4482531000,1,2008-12-04,J,107
424,03,13,17,25,40,41,04,25,17,40,03,13,41,7,5,73205100,22,14973600,774,510700,37821,9200,575531,1000,0,4477757400,2,2008-12-11,G,139
425,02,03,12,20,34,43,04,03,12,34,43,02,20,9,3,126522400,23,14852500,605,677500,33552,10700,554135,1000,0,4548533400,1,2008-12-18,I,114
426,06,08,09,29,32,37,04,08,32,37,09,06,29,4,0,0,16,21366100,660,621500,34273,10500,595051,1000,379846586,4641918400,1,2008-12-25,D,121
427,05,12,13,33,39,42,20,05,12,33,42,39,13,2,1,400000000,23,20406200,1055,533800,55227,8900,864421,1000,501345283,6478454800,1,2009-01-08,B,144
428,08,16,18,35,42,43,13,08,42,43,18,16,35,8,2,400000000,20,25168300,723,835400,39419,13500,690385,1000,260645829,6422068800,1,2009-01-15,H,162
429,17,25,29,33,37,42,07,33,25,29,37,17,42,5,6,124626900,39,11241000,1285,409400,51221,9000,730912,1000,0,5881285800,1,2009-01-22,E,183
430,01,08,18,26,34,42,21,34,26,01,18,08,42,1,9,45402100,17,21632600,957,461100,35788,10800,551549,1000,0,4796703600,1,2009-01-29,A,129
431,01,05,19,20,35,41,33,05,35,41,19,01,20,3,5,80148800,21,17174500,713,607000,34548,11000,546187,1000,0,4715960400,1,2009-02-05,C,121
432,08,20,23,24,42,43,16,24,43,20,42,23,08,6,1,200000000,15,23773300,585,731400,29792,12600,506914,1000,196225409,4589197400,1,2009-02-12,F,160
433,03,09,11,24,26,34,25,24,34,26,11,03,09,10,2,311043700,26,14741200,994,462700,46531,8700,711769,1000,0,5303434600,1,2009-02-19,J,107
434,03,12,19,33,35,36,37,33,35,19,36,03,12,8,2,177908600,19,16854300,886,433700,42418,7900,644439,1000,0,4541671400,1,2009-02-26,H,138
435,02,11,12,28,35,37,27,12,35,11,37,02,28,9,5,68935600,45,6893500,1546,240700,45704,7100,658184,1000,0,4474867400,1,2009-03-05,I,125
436,04,12,21,22,27,38,31,12,27,22,38,04,21,7,12,28645400,37,8361200,1208,307300,45875,7100,621114,1000,0,4384336200,1,2009-03-12,G,124
437,02,05,11,21,23,43,15,05,21,43,11,02,23,2,1,200000000,16,19692500,693,545500,34009,9800,556602,1000,150092785,4296449600,1,2009-03-19,B,105
438,03,09,16,17,20,31,42,16,03,09,20,17,31,4,3,180663800,14,25193200,951,445000,45468,8200,691145,1000,0,4960788600,1,2009-03-26,D,96
439,11,14,20,28,32,41,27,32,14,41,20,28,11,1,1,200000000,16,21044500,573,705100,28892,12300,482658,1000,174128470,4342184000,1,2009-04-02,A,146
440,09,23,29,30,31,39,18,31,23,09,30,29,39,5,2,290149600,25,14622000,716,612600,40743,9400,643678,1000,0,4980033200,1,2009-04-09,E,161
441,10,18,33,34,39,41,21,18,10,34,33,39,41,3,1,200000000,18,19137800,527,784300,27717,13100,472470,1000,182760744,4394983800,1,2009-04-16,C,175
442,02,23,26,35,41,42,38,41,02,23,35,42,26,6,2,307923300,18,21654100,565,827800,31873,12900,566012,1000,0,5042660400,1,2009-04-23,F,169
443,06,10,21,22,23,35,05,23,35,21,06,22,10,10,3,119517000,22,14667800,668,579600,33437,10200,526918,1000,0,4304404000,1,2009-04-30,J,117
444,05,13,16,18,24,32,30,18,24,05,13,16,32,8,7,46888600,27,10940500,983,360600,39187,7900,552693,1000,0,4096616000,1,2009-05-07,H,108
445,10,20,23,26,37,40,09,20,10,40,23,37,26,2,3,121570500,23,14271200,537,733400,27326,12700,479442,1000,0,4252741200,1,2009-05-14,B,156
446,03,08,17,26,27,36,13,08,17,27,36,26,03,7,8,38559600,22,12619400,1150,289600,45655,6400,641644,1000,0,4121742000,1,2009-05-21,G,117
447,15,23,29,36,42,43,34,15,23,29,42,43,36,9,4,88208400,11,28867900,616,618500,27727,12100,455019,1000,0,4094664600,1,2009-05-28,I,188
448,09,23,32,35,39,42,37,32,09,39,23,35,42,4,0,0,7,44068800,554,668100,29409,11100,483768,1000,342760382,4070516400,1,2009-06-04,D,180
449,19,20,21,23,27,32,24,21,23,19,20,27,32,3,3,267032600,16,25781200,683,724700,36443,11900,601680,1000,0,5342604600,1,2009-06-11,C,142
450,15,20,21,32,40,42,27,21,15,42,32,20,40,1,2,187581700,14,24117400,396,1023100,23306,15300,414549,1000,0,4199875600,1,2009-06-18,A,170
451,06,14,16,19,26,39,21,26,16,06,39,19,14,7,3,115968300,16,19569400,672,559100,33718,9800,534015,1000,0,4227136200,1,2009-06-25,G,120
452,01,05,25,27,29,40,19,05,25,27,29,40,01,5,1,200000000,15,21293200,585,655100,29210,11500,506996,1000,154890181,4228139800,1,2009-07-02,E,127
453,07,17,19,27,35,40,41,07,35,19,40,17,27,10,4,139198600,25,14468400,931,466200,44299,8600,651172,1000,0,4959402200,1,2009-07-09,J,145
454,02,16,18,27,42,43,12,16,02,18,43,27,42,6,2,172374800,20,15513500,647,575400,31999,10200,500547,1000,0,4125187600,1,2009-07-16,F,148
455,11,20,26,28,30,43,24,26,30,20,28,11,43,3,0,0,5,62079200,437,852300,24797,13200,452045,1000,344887602,4018611400,2,2009-07-23,C,158
456,03,07,15,25,30,39,22,39,03,15,25,07,30,2,6,124171600,24,15005200,1314,328800,55534,6800,792400,1000,0,5257843600,1,2009-07-30,B,119
457,10,12,27,32,34,43,42,27,10,32,34,12,43,9,0,0,8,40109000,489,787400,24966,13600,428542,1000,356528307,4068113600,1,2009-08-06,I,158
458,01,18,27,30,36,40,05,27,36,18,01,40,30,4,2,389430700,20,19004800,685,665800,34662,11600,582183,1000,0,4984605200,1,2009-08-13,D,152
459,11,13,27,31,37,43,30,27,13,43,31,11,37,8,5,66346300,42,7108400,780,459300,36390,8600,568589,1000,0,4162624600,1,2009-08-20,H,162
460,18,22,23,32,35,40,07,40,32,22,18,23,35,1,2,181193700,21,15530700,527,742600,29732,11600,489513,1000,0,4254809600,1,2009-08-27,A,170
461,08,10,13,30,32,42,12,42,10,32,08,30,13,7,1,200000000,23,13910200,523,734000,28639,11800,479736,1000,155487414,4172781400,1,2009-09-03,G,135
462,02,04,06,16,31,33,05,31,33,02,06,04,16,5,1,400000000,17,21944700,773,579100,38897,10100,647761,1000,170002065,5062025400,1,2009-09-10,E,92
463,10,13,16,25,30,42,28,10,25,42,30,16,13,10,2,302909200,14,28016500,818,575400,41645,9900,635813,1000,0,5221637000,1,2009-09-17,J,136
464,10,21,22,25,27,37,36,27,10,37,25,22,21,2,3,115943100,21,14906800,915,410500,28852,11400,488662,1000,0,4125691800,1,2009-09-24,B,142
465,06,24,27,30,32,38,13,30,24,32,27,38,06,6,1,200000000,32,9949200,630,606400,30298,11100,522761,1000,153752840,4253233600,1,2009-10-01,F,157
466,01,04,19,28,34,40,14,04,40,01,28,19,34,3,2,282223000,18,20534400,535,829000,29725,13100,500368,1000,0,4701088400,2,2009-10-08,C,126
467,18,19,20,24,32,43,41,20,32,18,19,24,43,9,1,200000000,15,21702200,460,849200,25724,13300,445377,1000,161707398,4150786200,1,2009-10-15,I,156
468,09,17,26,30,34,40,33,26,34,17,30,40,09,1,6,96632000,20,18813600,781,578100,35937,11000,589401,1000,0,4963540000,1,2009-10-22,A,156
469,10,12,20,35,40,43,28,43,40,35,10,12,20,8,1,200000000,22,14546600,606,633700,33186,10200,502816,1000,155586703,4224938000,1,2009-10-29,H,160
470,01,11,17,23,38,43,18,11,17,23,01,43,38,4,3,190687700,18,20823600,1011,444800,41797,9400,653213,1000,0,5091287200,1,2009-11-05,D,133
471,02,13,14,22,23,32,34,23,32,22,13,02,14,3,1,200000000,29,10804300,778,483200,33456,9900,528544,1000,148143871,4217066400,1,2009-11-12,C,106
472,10,17,28,30,36,42,05,10,17,42,30,28,36,7,5,108556500,33,10762700,1041,409400,39885,9400,619200,1000,0,4824856400,1,2009-11-19,G,163
473,06,16,17,22,34,37,26,37,16,34,17,06,22,5,4,86978400,13,24086100,695,540600,33576,9800,524208,1000,0,4205420600,1,2009-11-26,E,132
474,12,15,19,25,28,41,18,15,12,41,28,25,19,10,4,84734500,10,30504100,637,574600,31955,10100,547231,1000,0,4178143000,1,2009-12-03,J,140
475,05,09,10,27,33,42,02,10,33,42,09,05,27,1,5,66677900,19,15792000,705,510700,36640,8600,588651,1000,0,4221696200,2,2009-12-10,A,126
476,07,17,22,30,36,40,02,40,07,30,22,17,36,2,5,69405900,21,14872500,795,471400,37257,8800,561557,1000,0,4280693000,1,2009-12-17,B,152
477,12,14,16,18,38,41,17,14,18,12,41,38,16,6,2,185142100,10,33325200,540,740500,28238,12400,511958,1000,0,4373699200,1,2009-12-24,F,139
478,11,14,23,30,31,38,42,11,23,30,14,38,31,9,4,97985600,22,16033800,767,551800,37199,10000,609892,1000,0,4780609400,1,2010-01-07,I,147
479,05,07,14,17,20,27,03,05,27,17,14,07,20,8,0,0,23,13073000,687,525200,36853,8600,581499,1000,334091926,4221940400,1,2010-01-14,H,90
480,02,05,17,18,35,38,34,38,18,05,17,02,35,4,5,162529400,26,16565200,1076,480300,48210,9400,740131,1000,0,5826959600,1,2010-01-21,D,115
481,02,09,11,24,25,34,20,25,02,11,24,09,34,3,7,52528600,24,13788600,860,461700,38137,9100,580328,1000,0,4503051800,1,2010-01-28,C,105
482,04,30,31,36,37,38,19,37,31,36,04,30,38,7,1,200000000,13,26667800,513,810900,29910,12200,463710,1000,185205326,4396881000,1,2010-02-04,G,176
483,02,08,15,24,33,35,30,08,24,33,15,35,02,3,5,117617400,20,18129500,1010,430800,44288,8600,663426,1000,0,4995173200,1,2010-02-11,C,117
484,13,19,25,29,32,35,42,19,32,29,13,25,35,5,0,0,15,22009400,609,650500,30517,11400,508117,1000,366827066,4334950600,1,2010-02-18,E,153
485,14,26,30,33,34,39,19,33,34,39,30,14,26,1,5,169451600,19,22757000,903,574500,47248,9600,691301,1000,0,5734843800,1,2010-02-25,A,176
486,16,25,27,29,34,41,06,16,29,34,27,41,25,2,2,183823800,18,18382200,523,759100,31618,11000,514756,1000,0,4356876200,1,2010-03-04,B,172
487,02,06,08,19,22,34,30,06,19,08,02,22,34,10,1,200000000,20,15434000,727,509500,36659,8900,554497,1000,142982442,4229632600,1,2010-03-11,J,91
488,05,15,29,34,39,42,06,15,34,39,29,05,42,6,6,95637700,10,38775600,635,732700,34446,11900,555668,1000,0,5000079600,1,2010-03-18,F,164
489,06,08,12,30,33,43,36,06,43,33,12,08,30,9,2,165569500,14,21287300,831,430300,34674,9000,560792,1000,0,4140119200,1,2010-03-25,I,132
490,05,09,13,28,34,40,10,13,40,28,34,05,09,1,9,38002200,21,14657800,1040,355100,39290,8200,548251,1000,0,4207344000,1,2010-04-01,A,129
491,07,09,20,27,31,34,33,27,31,20,07,09,34,8,2,175121000,10,31521500,623,607100,31498,10500,520813,1000,0,4218223800,1,2010-04-08,H,128
492,01,08,12,20,23,37,10,23,20,01,12,37,08,3,3,112832800,31,9827200,1475,247800,40740,7900,595137,1000,0,4280759000,1,2010-04-15,C,101
493,08,26,30,36,41,42,20,08,26,30,36,42,41,5,1,200000000,11,29693400,453,865200,25351,13600,459941,1000,162923672,4193780000,1,2010-04-22,E,183
494,08,16,19,23,26,31,06,31,16,19,08,23,26,3,2,275247400,31,11251900,825,507300,39322,9300,629143,1000,0,4785185400,1,2010-04-29,C,123
495,04,06,20,21,29,33,31,04,29,21,20,33,06,7,2,172205100,15,20664400,646,575700,30663,10700,492484,1000,0,4104305200,1,2010-05-06,G,113
496,02,06,11,29,32,41,03,29,02,41,06,32,11,2,2,174851300,15,20981900,605,624200,29750,11100,501377,1000,0,4170317200,1,2010-05-13,B,121
497,06,12,14,17,36,40,34,06,12,14,17,36,40,4,2,168004700,13,23261900,611,593900,29930,10600,503318,1000,0,4054963800,2,2010-05-20,D,125
498,01,25,36,41,42,43,39,01,42,25,36,43,41,8,3,122945500,6,55324900,452,881200,26401,13300,384562,1000,0,4077945000,1,2010-05-27,H,188
499,03,09,15,16,22,35,12,03,35,16,15,22,09,5,5,61831300,15,18549200,1206,276800,44506,6600,590564,1000,0,4014171600,1,2010-06-03,E,100
500,06,20,28,31,34,38,10,38,28,34,20,06,31,10,0,0,21,14132000,548,649800,29351,10700,481031,1000,329751773,3950748400,1,2010-06-10,J,157
501,03,17,21,23,36,38,07,23,17,21,36,38,03,9,3,250666200,36,10556000,1010,451500,46799,8500,705028,1000,0,5256859000,1,2010-06-17,I,138
502,09,12,27,28,29,41,07,12,27,09,29,41,28,1,3,112499300,20,15187200,659,553100,32333,9900,525645,1000,0,4117587200,1,2010-06-24,A,146
503,01,18,25,27,28,39,11,18,01,25,39,28,27,6,0,0,11,27705600,436,838700,28103,11400,507607,1000,338627846,4083376600,1,2010-07-01,F,138
504,12,21,22,27,29,31,35,27,29,31,12,21,22,9,2,389247400,10,39587600,751,632500,38256,10900,615282,1000,0,5211410800,1,2010-07-08,I,142
505,19,21,27,33,34,43,41,43,27,34,33,21,19,3,2,173454100,9,34690500,557,672600,26879,12200,456954,1000,0,4047178800,2,2010-07-15,C,177
506,05,11,21,27,37,39,26,27,39,21,11,05,37,7,1,200000000,14,19621900,784,420400,34034,8500,533818,1000,105233732,3853783000,1,2010-07-22,G,140
507,05,14,19,21,28,31,17,21,14,19,05,28,31,4,5,94246300,26,12669000,1054,375000,34848,10000,542243,1000,0,4403541400,1,2010-07-29,D,118
508,01,07,14,15,24,42,13,14,01,07,24,15,42,5,2,160256700,18,16025500,614,563700,28377,10700,460344,1000,0,3824041800,1,2010-08-05,E,103
509,03,04,12,18,27,28,40,18,03,12,28,04,27,2,8,33283400,21,11411300,902,318800,40130,6300,593453,1000,0,3645767200,1,2010-08-12,B,92
510,12,15,26,35,41,43,25,12,15,35,26,41,43,8,2,165406800,9,33081000,461,775000,24763,12700,419750,1000,0,3823848200,1,2010-08-19,H,172
511,04,22,23,27,38,43,09,04,23,22,38,43,27,10,1,200000000,16,18535400,592,601100,28539,11000,472151,1000,129522708,3929012200,1,2010-08-26,J,157
512,14,20,23,25,33,39,34,25,20,39,33,14,23,1,0,0,15,23500600,582,726800,30689,12100,538848,1000,521203478,4620445000,1,2010-09-02,A,154
513,01,06,12,14,15,19,18,12,19,15,14,06,01,6,2,400000000,22,20622800,976,557800,46255,10300,770956,1000,225321048,6118856400,1,2010-09-09,F,67
514,06,07,14,15,19,41,31,06,07,41,15,14,19,9,4,162511800,16,23890600,640,716700,47295,8500,673230,1000,0,5207865800,1,2010-09-16,I,102
515,02,03,23,25,33,35,34,33,35,03,25,02,23,3,2,158927600,10,28606700,661,519300,29270,10300,505092,1000,0,3900250400,1,2010-09-23,C,121
516,02,14,16,17,29,30,10,29,17,14,30,02,16,7,7,47592700,17,17637100,762,472100,33029,9600,503159,1000,0,4029612400,1,2010-09-30,G,108
517,06,10,13,14,28,37,39,28,06,13,14,10,37,5,5,63548100,21,13617300,737,465600,37626,8000,557666,1000,0,4016081000,1,2010-10-07,E,108
518,14,31,34,35,40,42,25,40,42,35,31,34,14,2,0,0,330,955500,486,778500,20963,15900,373291,1000,350353170,3891367400,1,2010-10-14,B,196
519,01,13,25,29,30,33,35,13,01,33,25,29,30,10,1,400000000,13,29071700,856,529800,40120,9900,644369,1000,370281518,5101799400,1,2010-10-21,J,131
520,02,04,12,14,26,43,40,02,14,12,26,43,04,4,2,390605500,13,28448700,792,560300,43020,9100,684805,1000,0,5113014600,1,2010-10-28,D,101
521,01,08,15,21,23,30,33,08,01,23,30,21,15,8,3,108565700,15,19541600,854,411800,36284,8500,551976,1000,0,4072971200,1,2010-11-04,H,98
522,03,06,16,23,25,43,37,23,06,43,25,03,16,1,1,200000000,26,10922600,779,437400,40635,7300,597221,1000,115546724,4084806600,1,2010-11-11,A,116
523,07,08,26,27,41,43,16,07,08,26,43,27,41,9,2,254076500,10,35334200,582,728500,31665,11800,565950,1000,0,4688760000,1,2010-11-18,I,152
524,07,11,14,18,35,40,43,18,35,14,11,40,07,3,3,111882600,17,17769400,599,605100,29855,10700,501421,1000,0,4047588800,1,2010-11-25,C,125
525,01,11,17,28,33,38,20,17,33,11,38,28,01,6,2,164193200,12,24628700,708,500900,34702,9000,529471,1000,0,4046460600,1,2010-12-02,F,128
526,08,14,18,19,26,27,23,14,08,19,26,18,27,7,6,50949600,23,11961900,722,457200,38359,7500,605650,1000,0,4017465800,2,2010-12-09,G,112
527,05,07,12,23,39,41,09,41,05,07,12,39,23,5,12,26477800,21,13617000,978,350800,41474,7200,608545,1000,0,4129088000,1,2010-12-16,E,127
528,02,05,12,21,28,32,41,12,32,02,28,05,21,3,3,108386000,23,12723400,728,482300,36119,8500,550831,1000,0,4065715200,1,2010-12-23,C,100
529,06,19,21,24,31,41,07,24,31,41,19,21,06,2,3,113263900,12,25484100,518,708400,28120,11500,468235,1000,0,4010056800,1,2010-12-30,B,142
530,01,10,19,30,33,36,35,19,30,01,10,33,36,10,2,147676000,5,53162900,476,670100,24189,11600,418573,1000,0,3511325400,1,2011-01-06,J,129
531,05,12,16,24,26,33,08,33,16,26,12,05,24,4,4,78364400,39,7233500,936,361600,38907,7600,552027,1000,0,3966120200,1,2011-01-13,D,116
532,23,28,33,35,37,42,04,23,42,35,33,28,37,1,4,84134600,10,30288200,430,845200,24751,12900,454581,1000,0,3951284200,1,2011-01-20,A,198
533,06,16,24,31,41,43,07,06,16,24,31,41,43,8,0,0,15,20285000,587,622000,27959,11500,471181,1000,338087603,4001708600,1,2011-01-27,H,161
534,01,02,19,22,26,37,43,02,19,26,22,01,37,6,3,260126800,24,16585800,813,587500,40087,10500,653340,1000,0,5317186200,1,2011-02-03,F,107
535,06,14,23,24,27,32,11,06,14,24,27,23,32,9,2,158577900,27,10571700,858,399200,42184,7100,599533,1000,0,4104006600,1,2011-02-10,I,126
536,04,10,12,14,23,36,02,12,14,23,10,36,04,7,3,106394100,19,15119000,718,480100,37350,8100,583978,1000,0,4087150400,1,2011-02-17,G,99
537,10,18,22,24,26,37,12,10,18,22,24,26,37,4,4,82263100,30,9871400,686,518000,33260,9400,523468,1000,0,4038943800,2,2011-02-24,D,137
538,02,11,14,23,26,33,28,11,26,02,33,14,23,5,6,47501800,23,11152500,1427,215700,52245,5100,670870,1000,0,3981610400,1,2011-03-03,E,109
539,03,10,13,17,18,28,24,18,17,03,10,13,28,10,3,100041200,25,10804300,721,449500,35375,8000,573008,1000,0,3896213200,1,2011-03-10,J,89
540,15,23,29,35,36,41,42,29,35,41,36,15,23,3,2,135523300,20,12196900,611,479000,25408,10100,397689,1000,0,3252503800,1,2011-03-17,C,179
541,03,04,05,28,34,43,20,28,34,05,04,43,03,8,2,147042700,15,17644900,558,569100,24726,11300,421564,1000,0,3506903000,1,2011-03-24,H,117
542,10,14,23,35,38,41,17,35,10,14,23,38,41,2,2,148400100,19,14058800,706,454000,33515,8400,486715,1000,0,3675407600,1,2011-03-31,B,161
543,15,17,18,19,22,31,30,17,18,31,22,19,15,1,1,200000000,6,32479200,284,823400,16246,12600,286262,1000,16529901,2528451600,1,2011-04-04,A,122
544,11,14,16,32,41,42,33,32,42,41,16,14,11,7,1,291430300,10,24740800,362,820100,21022,12400,349804,1000,0,3179771800,1,2011-04-07,G,156
545,16,21,24,28,32,36,35,32,28,21,16,36,24,6,5,43344900,8,24381300,644,363400,21390,9600,296841,1000,0,2553663800,1,2011-04-11,F,157
546,01,14,30,34,40,43,27,14,40,01,34,43,30,4,0,0,12,18929700,300,908600,17838,13400,292576,1000,252398526,2855948400,1,2011-04-14,D,162
547,06,10,11,30,32,39,27,30,39,32,10,06,11,8,1,400000000,21,11836000,493,605000,24120,10900,406685,1000,128575535,3317330600,1,2011-04-18,H,128
548,12,13,16,28,29,35,05,35,29,12,16,13,28,2,3,131851000,23,10446800,686,420300,30040,8400,453404,1000,0,3347504800,1,2011-04-21,B,133
549,05,14,27,29,32,33,16,32,27,33,29,14,05,1,2,103276900,16,11618500,521,428100,25412,7700,367194,1000,0,2621117600,1,2011-04-25,A,140
550,12,15,19,32,36,42,37,12,32,15,42,36,19,5,2,123179400,7,31674400,371,717100,19442,12000,334639,1000,0,2896640400,1,2011-04-28,E,156
551,15,16,19,21,26,42,10,15,19,21,26,42,16,9,2,111725000,8,25137900,258,935300,15142,14000,282252,1000,0,2580018800,1,2011-05-02,I,139
552,13,22,26,30,40,41,08,40,30,26,13,22,41,3,3,71653900,11,17587600,266,872700,14804,13800,262941,1000,0,2462923000,1,2011-05-05,C,172
553,03,09,11,15,27,37,10,15,37,09,03,27,11,10,0,0,16,10542800,729,277600,29564,6000,395440,1000,187430365,2516760600,1,2011-05-09,J,102
554,16,27,34,35,36,38,37,38,35,36,16,34,27,2,2,228838200,7,34745600,381,766000,21745,11800,374276,1000,0,3193479400,1,2011-05-12,B,186
555,02,03,07,09,36,42,05,42,36,02,07,03,09,7,2,104317600,10,18777000,263,856700,18339,10800,316443,1000,0,2526526800,1,2011-05-16,G,99
556,06,09,13,17,29,30,25,13,09,06,17,30,29,8,3,70910400,23,8324100,667,344400,26187,7700,370865,1000,0,2683261200,1,2011-05-19,H,104
557,06,18,23,32,38,43,37,38,23,18,43,32,06,4,4,49388600,7,25399600,453,470900,18740,10000,291498,1000,0,2374255600,2,2011-05-23,D,160
558,04,32,33,38,41,43,02,33,32,04,43,41,38,1,2,120430500,6,36128800,266,977900,14000,16300,261299,1000,0,2685614800,2,2011-05-26,A,191
559,02,07,16,25,26,43,03,07,25,16,43,02,26,6,1,196540700,7,25269300,449,472700,20192,9200,284616,1000,0,2350103000,1,2011-05-30,F,119
560,04,17,19,37,39,42,16,39,37,42,19,04,17,9,1,200000000,12,16641300,415,577400,19158,11000,310543,1000,21887100,2629227400,1,2011-06-02,I,158
561,04,14,30,35,40,41,29,40,35,04,30,14,41,5,2,127969000,13,16203300,330,765900,16911,13100,289532,1000,0,2688839400,1,2011-06-06,E,164
562,09,10,11,25,30,37,12,25,11,37,10,30,09,3,3,67477800,11,16562600,651,335800,27057,7100,377390,1000,0,2607767600,1,2011-06-09,C,122
563,04,05,26,28,34,38,08,04,28,26,05,38,34,4,2,97738500,9,19547500,265,796600,16392,11300,281145,1000,0,2333093600,1,2011-06-13,D,135
564,03,12,18,24,34,39,16,34,03,18,12,39,24,2,4,52001000,16,11700100,632,355400,25207,7800,365051,1000,0,2629029400,1,2011-06-16,B,130
565,03,06,08,21,28,32,10,06,08,28,32,03,21,7,3,63900800,8,21566300,381,543400,20021,9100,325544,1000,0,2398772200,1,2011-06-20,G,98
566,10,17,18,29,30,41,07,17,10,41,29,18,30,8,1,200000000,13,14792600,480,480700,20450,9900,316480,1000,13672968,2570635200,1,2011-06-23,H,145
567,07,13,17,23,28,34,25,13,07,28,23,34,17,1,0,0,10,19073800,478,478800,24006,8400,373462,1000,225606974,2682064600,1,2011-06-27,A,122
568,07,10,15,31,32,42,41,07,32,42,15,31,10,10,2,258596800,7,37489300,397,793200,21753,12700,371942,1000,0,3374794000,1,2011-06-30,J,137
569,04,19,21,25,28,40,38,40,21,04,19,28,25,9,0,0,11,16713100,352,626700,17418,11100,284885,1000,204274190,2418285600,1,2011-07-04,I,137
570,02,04,10,28,38,43,25,04,43,10,02,38,28,6,2,239144300,8,30826300,468,632300,24134,10800,400893,1000,0,3285561000,1,2011-07-07,F,125
571,06,20,21,23,33,38,10,33,23,38,06,21,20,5,5,39891900,14,12822300,340,633500,17605,10700,288081,1000,0,2383313800,1,2011-07-11,E,141
572,10,12,18,38,42,43,40,42,43,18,12,38,10,3,3,71561100,15,12880800,315,736000,17514,11600,300750,1000,0,2544511200,1,2011-07-14,C,163
573,03,05,21,30,37,38,11,21,30,03,38,05,37,2,0,0,8,20106900,234,824800,14588,11600,248440,1000,178729671,2114056200,2,2011-07-18,B,134
574,04,11,16,20,26,43,09,26,43,16,20,04,11,10,1,400000000,13,17276400,402,670400,21123,11200,358572,1000,28280571,2977720000,2,2011-07-21,J,120
575,04,11,17,21,23,30,18,23,11,30,04,21,17,7,2,112039700,23,7661600,643,328800,28881,6400,407575,1000,0,2616863200,1,2011-07-25,G,106
576,08,09,21,24,29,37,01,21,24,37,08,09,29,4,1,200000000,8,24225700,368,631900,19121,10700,307743,1000,15342210,2565807600,1,2011-07-28,D,128
577,03,12,29,31,36,37,26,29,03,31,36,12,37,8,1,231169700,3,64747600,351,664000,19404,10500,318599,1000,0,2594173400,1,2011-08-01,H,148
578,16,22,23,27,33,37,36,23,27,16,37,22,33,1,0,0,6,30323900,355,615000,19300,9900,321664,1000,202161370,2481552200,1,2011-08-04,A,158
579,06,08,17,19,23,42,32,19,17,42,23,06,08,6,2,213388800,20,10107600,658,368600,28300,7500,425962,1000,0,2909565400,1,2011-08-08,F,115
580,12,15,17,25,35,43,32,43,35,15,17,12,25,9,1,200000000,9,20105100,339,640500,17370,11000,290242,1000,1053505,2402043600,1,2011-08-11,I,147
581,05,22,28,29,35,39,21,05,22,29,35,39,28,5,3,66884900,12,14969900,326,661200,16710,11300,277643,1000,0,2361356000,1,2011-08-15,E,158
582,07,10,14,25,32,38,13,07,10,32,25,14,38,3,4,50665600,21,8685400,589,371600,24301,7900,344143,1000,0,2535885200,1,2011-08-18,C,126
583,02,12,17,18,40,43,16,43,02,18,40,12,17,2,0,0,3,59157700,285,747200,14998,12500,278447,1000,197194180,2342104800,1,2011-08-22,B,132
584,10,11,24,26,37,38,21,24,38,11,26,37,10,9,6,74482300,19,11827700,709,380300,29191,8100,435520,1000,0,3150015600,1,2011-08-25,I,146
585,01,28,32,34,41,42,22,34,28,41,42,01,32,4,0,0,4,47882300,210,1094400,13380,15100,252122,1000,212812345,2420096200,1,2011-08-29,D,178
586,06,07,10,23,36,42,11,06,42,23,07,10,36,10,3,160511600,32,7557700,530,547500,26689,9500,434041,1000,0,3312974400,1,2011-09-01,J,124
587,10,12,18,27,33,40,42,27,12,18,40,33,10,7,2,94929700,10,17087200,554,370100,22141,8100,327508,1000,0,2387029200,1,2011-09-05,G,140
588,08,13,18,33,34,36,23,13,33,18,36,08,34,1,1,200000000,6,33147500,326,732000,18222,11500,310738,1000,20985545,2621781800,1,2011-09-08,A,142
589,01,09,10,28,41,42,33,10,42,09,28,41,01,8,2,122477600,6,33595100,384,629900,20031,10600,326899,1000,0,2683774600,1,2011-09-12,H,131
590,20,24,25,27,32,37,02,32,25,37,24,27,20,6,1,200000000,9,22473900,221,1098200,14443,14800,275109,1000,24741779,2575433000,1,2011-09-15,F,165
591,01,13,16,22,27,33,05,16,22,01,13,33,27,3,2,114611500,18,10223900,406,543900,19869,9800,299067,1000,0,2451611600,1,2011-09-19,C,112
592,12,14,22,23,34,41,36,34,12,23,14,22,41,5,1,191762100,17,10152000,475,436000,22975,7900,339215,1000,0,2429672600,1,2011-09-22,E,146
593,02,10,16,26,29,30,04,16,26,02,30,29,10,2,1,197255100,12,14794000,329,647500,17830,10500,288808,1000,0,2365662400,1,2011-09-26,B,113
594,04,05,15,30,34,38,02,30,04,15,05,38,34,9,0,0,8,23892000,333,688700,17466,11500,298887,1000,212375624,2520201800,1,2011-09-29,I,126
595,01,05,15,22,39,40,27,40,01,15,22,05,39,4,5,93810400,14,16500400,426,650700,23236,10500,343604,1000,0,3006731400,1,2011-10-03,D,122
596,02,13,17,24,29,34,12,02,17,34,24,29,13,8,2,103166100,7,26528100,469,475100,21257,9200,304086,1000,0,2478940200,1,2011-10-06,H,119
597,03,04,07,13,16,23,01,04,07,13,23,16,03,3,3,54331900,14,10478200,425,414100,21785,7100,347248,1000,0,2196126400,1,2011-10-10,C,66
598,06,10,15,21,36,41,40,21,10,41,15,36,06,7,0,0,9,19910600,420,511900,19994,9400,313777,1000,199108103,2437342200,1,2011-10-13,G,129
599,01,02,08,13,27,39,36,13,27,01,02,08,39,6,2,216314000,12,17513800,574,439300,27515,8000,413034,1000,0,2958647400,1,2011-10-17,F,90
600,03,20,23,24,28,35,26,03,23,28,24,35,20,5,0,0,3,61554300,369,600500,18770,10400,313122,1000,205182997,2488976800,1,2011-10-20,E,133
601,06,22,25,26,30,39,32,30,25,26,39,22,06,10,0,0,13,17540800,383,714400,23207,10400,374024,1000,458553485,3045438200,1,2011-10-24,J,148
602,08,13,15,18,24,41,27,41,24,08,18,13,15,1,1,400000000,23,13042600,613,587200,34318,9200,536251,1000,391868219,4104597200,1,2011-10-27,A,119
603,03,08,18,21,23,42,17,08,03,42,23,18,21,2,3,226379100,15,17236000,618,502000,32360,8400,493929,1000,0,3608143800,1,2011-10-31,B,115
604,09,15,20,22,28,43,37,28,15,43,22,20,09,3,2,107591000,20,9683100,394,589800,19180,10600,308770,1000,0,2566691200,1,2011-11-03,C,137
605,01,04,13,25,38,43,11,25,01,43,04,13,38,6,5,41549700,7,26710300,530,423300,21275,9300,325676,1000,0,2539296400,1,2011-11-07,F,124
606,08,15,24,26,35,42,07,26,35,42,15,24,08,4,3,70446700,16,11887700,676,337600,24831,8100,349500,1000,0,2623625800,1,2011-11-10,D,150
607,02,03,08,12,20,21,16,20,08,12,03,02,21,10,3,63061400,27,6306000,729,280200,25683,7000,356009,1000,0,2444465800,1,2011-11-14,J,66
608,04,06,16,17,18,26,40,26,06,18,04,17,16,9,4,49879600,9,19951600,451,477700,22482,8400,351603,1000,0,2524988600,1,2011-11-17,I,87
609,18,24,36,37,39,41,01,24,41,37,36,18,39,5,0,0,6,29455200,365,581000,16988,11000,283630,1000,196369972,2346419600,1,2011-11-21,E,195
610,02,05,12,23,26,41,36,26,05,41,23,12,02,8,7,60543300,15,13645800,671,366000,29970,7200,443681,1000,0,2973558000,1,2011-11-24,H,109
611,10,12,14,24,34,39,16,10,34,14,12,24,39,1,2,99847700,8,22465500,308,700200,17249,11000,289498,1000,0,2388521800,1,2011-11-28,A,133
612,07,18,31,32,39,40,35,07,40,31,32,39,18,2,0,0,4,49212100,304,777000,16442,12600,272948,1000,218722379,2518025600,1,2011-12-01,B,167
613,02,06,18,26,32,37,05,18,02,32,26,06,37,3,7,66079000,11,19949600,1183,222500,27476,8400,401658,1000,0,3023480800,1,2011-12-05,C,121
614,02,06,22,25,31,42,01,25,42,06,31,22,02,7,2,102950100,11,16846200,366,607500,18779,10400,299443,1000,0,2464847600,1,2011-12-08,G,128
615,06,16,24,32,36,43,28,36,32,24,16,06,43,2,2,97869700,27,6524500,575,367600,23808,7800,322023,1000,0,2426227000,2,2011-12-12,B,157
616,04,07,18,19,24,35,17,04,19,07,35,24,18,7,1,200000000,9,20717700,534,419000,22908,8600,351260,1000,7179695,2591177600,2,2011-12-15,G,107
617,05,08,18,28,34,35,10,35,18,05,34,28,08,10,1,217255800,19,9950800,576,393800,25174,7900,377746,1000,0,2675348000,1,2011-12-19,J,128
618,04,15,21,31,35,42,13,35,15,21,42,31,04,5,2,115085500,5,41430400,311,799300,15653,14000,277694,1000,0,2628625000,1,2011-12-22,E,148
619,02,11,29,31,33,38,14,11,31,38,02,29,33,3,0,0,12,15358800,313,706600,18990,10200,294412,1000,204786165,2443931000,1,2011-12-26,C,144
620,07,10,13,19,31,38,12,13,10,31,38,19,07,9,1,400000000,14,18033500,709,427300,27367,9700,416383,1000,85310686,3376875800,1,2011-12-29,I,118
621,06,15,16,28,36,40,20,36,15,16,28,06,40,4,1,327545100,12,18167400,725,360800,27671,8300,396698,1000,0,2998503800,1,2012-01-05,D,141
622,07,16,18,20,27,36,41,16,07,20,27,18,36,3,5,38782000,10,17451700,542,386300,22907,8000,319195,1000,0,2403958000,1,2012-01-09,C,124
623,07,08,16,35,39,42,09,35,16,08,07,42,39,8,0,0,7,27061800,378,601300,19952,10000,336343,1000,210483046,2586897600,1,2012-01-12,H,147
624,04,08,12,22,25,30,43,04,22,12,08,30,25,6,3,155194100,23,9982000,943,292100,33619,7200,468721,1000,0,3270985600,1,2012-01-16,F,101
625,05,17,26,37,39,42,20,05,42,37,17,26,39,1,13,16095600,7,26902500,795,284200,24804,8000,332653,1000,0,2567868800,1,2012-01-19,A,166
626,06,13,14,22,26,28,10,22,28,26,06,14,13,4,1,190646100,11,15598100,511,402900,23174,7800,341824,1000,0,2425717600,1,2012-01-23,D,109
627,02,04,07,19,34,42,30,42,07,04,34,02,19,10,1,200000000,8,23672500,385,590200,19797,10100,316328,1000,10424389,2541907200,1,2012-01-26,J,108
628,07,13,15,18,29,38,30,38,13,29,07,15,18,1,4,56958800,16,12229200,560,419200,25191,8200,376882,1000,0,2737529600,1,2012-01-30,A,120
629,06,16,21,30,34,43,36,34,21,16,06,30,43,2,1,200000000,10,19279400,368,628600,17139,11900,285832,1000,14218330,2507294600,1,2012-02-02,B,150
630,03,07,13,18,19,41,38,41,03,18,07,19,13,7,1,223115200,23,8174100,436,517400,24093,8200,391762,1000,0,2696189000,1,2012-02-06,G,101
631,02,05,07,10,36,40,12,40,02,07,05,36,10,9,0,0,10,18697100,324,692400,18380,10700,311525,1000,207747957,2507843800,1,2012-02-09,I,100
632,03,04,14,21,22,25,26,22,04,21,03,14,25,5,3,154298100,16,14351800,439,627600,23110,10500,404680,1000,0,3129084000,1,2012-02-13,E,89
633,07,09,11,14,15,18,05,18,15,09,14,07,11,6,1,195269800,14,12552900,451,467600,22977,8000,366488,1000,0,2520934200,1,2012-02-16,F,74
634,08,10,13,15,20,40,23,15,13,10,20,08,40,8,2,100888700,19,9557700,426,511500,20246,9400,308373,1000,0,2448662200,2,2012-02-20,H,106
635,08,11,12,15,41,43,22,41,15,08,12,43,11,3,0,0,14,12513600,344,611100,18914,9800,327988,1000,194658716,2430037800,2,2012-02-23,C,130
636,02,12,21,23,24,26,36,23,21,12,24,02,26,4,0,0,17,12374900,586,430800,30232,7300,445457,1000,428409654,3032717600,1,2012-02-27,D,108
637,07,12,16,28,31,34,11,34,16,28,07,12,31,2,7,103124900,26,10158300,914,346700,37538,7400,537198,1000,0,3758444200,1,2012-03-01,B,128
638,06,11,19,28,35,40,14,06,19,40,28,11,35,7,3,64471000,27,6447000,541,386100,20996,8700,311594,1000,0,2382720600,1,2012-03-05,G,139
639,01,16,20,24,33,34,08,16,01,24,20,34,33,10,3,73500100,9,22049800,244,975900,13892,15100,257490,1000,0,2499213400,1,2012-03-08,J,128
640,03,11,18,20,33,39,22,20,18,03,33,39,11,1,4,45794500,13,12681400,554,357000,22316,7800,320161,1000,0,2312313200,1,2012-03-12,A,124
641,03,14,21,24,26,29,32,14,03,24,29,26,21,9,0,0,12,14969600,310,695300,17750,10700,292039,1000,199596984,2393308000,1,2012-03-15,I,117
642,08,13,14,21,33,41,18,41,21,08,13,33,14,5,2,217597800,16,13252300,524,485500,23662,9400,354763,1000,0,2847323400,1,2012-03-19,E,130
643,02,06,21,31,35,37,15,02,31,06,21,35,37,6,0,0,13,14083600,238,923100,15660,12300,257069,1000,203432373,2349115400,1,2012-03-22,F,132
644,04,14,22,23,26,42,02,22,23,42,26,04,14,8,3,145189300,12,17410000,550,455800,26231,8400,406187,1000,0,2931335000,1,2012-03-26,H,131
645,03,10,12,32,33,43,31,32,03,12,33,10,43,3,2,99339200,2,89404500,358,599300,18174,10400,302976,1000,0,2409586000,1,2012-03-29,C,133
646,09,12,14,24,28,33,37,28,09,14,24,33,12,4,2,91242400,19,8643900,465,423800,23268,7400,350110,1000,0,2372806800,1,2012-04-02,D,120
647,02,07,15,22,36,43,27,22,15,02,36,07,43,2,1,193138200,18,9656800,533,391300,21602,8500,309863,1000,0,2376472200,1,2012-04-05,B,125
648,22,26,27,28,36,43,01,26,43,27,28,22,36,8,0,0,2,92621600,205,1084300,11961,16300,239199,1000,205827665,2330337400,1,2012-04-09,H,182
649,14,22,29,33,36,40,38,36,33,14,40,22,29,7,0,0,25,9210600,508,543900,25727,9400,362512,1000,461680353,3041548600,1,2012-04-12,G,174
650,12,31,34,40,41,43,06,41,40,31,12,43,34,10,1,400000000,10,31073900,396,941600,22211,14800,403488,1000,406949113,3914037800,1,2012-04-16,J,201
651,04,15,17,34,38,40,05,17,38,04,15,34,40,5,2,356844900,13,21235700,477,694500,24738,11800,405707,1000,0,3582263200,1,2012-04-19,E,148
652,01,10,16,19,20,39,29,01,10,16,39,20,19,1,2,105070900,9,21014000,335,677400,17568,11300,280702,1000,0,2460270000,1,2012-04-23,A,105
653,13,21,22,26,29,36,31,21,29,13,36,26,22,10,1,200000000,5,37971600,348,654600,18742,10700,309775,1000,10955557,2531987000,1,2012-04-26,J,147
654,12,18,21,29,32,38,02,18,12,29,21,32,38,3,1,220075400,8,23525700,444,508600,18923,10500,305974,1000,0,2507498200,1,2012-04-30,C,150
655,05,10,23,26,28,29,27,23,05,10,28,26,29,6,2,91563400,8,20601600,350,565000,18401,9400,303684,1000,0,2275250000,1,2012-05-03,F,121
656,02,08,13,17,25,37,30,17,02,08,13,37,25,9,6,29744700,36,4461600,872,221000,28592,5900,360905,1000,0,2361697000,1,2012-05-07,I,102
657,03,20,29,33,34,40,02,20,03,33,29,34,40,2,1,200000000,5,38412600,258,893300,13261,15300,239577,1000,13405435,2397401600,1,2012-05-10,B,159
658,14,24,32,40,41,42,09,32,41,40,14,42,24,4,0,0,8,24882600,373,640400,16803,12500,273719,1000,234586287,2541224200,1,2012-05-14,D,193
659,21,30,35,39,41,42,03,30,39,35,21,41,42,8,1,400000000,4,61223200,312,941800,17058,15100,309135,1000,106692039,3064973000,1,2012-05-17,H,208
660,08,20,31,36,37,38,39,36,37,31,20,38,08,1,3,115495200,7,30830300,324,799300,19540,11600,308731,1000,0,2781691400,2,2012-05-21,A,170
661,06,09,17,20,33,40,26,20,06,40,09,33,17,7,2,100065600,7,25730900,305,708600,16138,11800,277321,1000,0,2365271400,2,2012-05-24,G,125
662,12,31,32,34,36,40,06,12,34,40,31,36,32,1,3,67698400,4,45696000,307,714400,14300,13500,237603,1000,0,2302912000,1,2012-05-28,A,185
663,13,18,21,30,33,40,25,33,18,30,13,21,40,3,3,65429200,17,10391600,456,464800,19565,9500,298950,1000,0,2379746600,1,2012-05-31,C,155
664,02,08,11,12,26,29,22,08,12,02,29,26,11,5,3,54823400,22,6728200,841,211200,29594,5200,380371,1000,0,2282619800,1,2012-06-04,E,88
665,13,22,27,29,36,37,40,13,27,37,36,29,22,9,2,94049700,6,28214600,355,572200,18252,9800,291580,1000,0,2291808400,1,2012-06-07,I,164
666,02,06,28,30,31,41,07,30,28,31,41,02,06,4,0,0,7,24140100,344,589400,15807,11300,268246,1000,187758302,2236973200,1,2012-06-11,D,138
667,21,31,34,37,39,40,15,31,39,40,21,37,34,10,2,217956200,8,27917000,395,678400,17335,13600,291285,1000,0,2815986400,1,2012-06-14,J,202
668,07,13,20,27,34,35,22,13,20,34,07,35,27,6,5,39100200,10,17594900,473,446300,18285,10100,278021,1000,0,2326362600,1,2012-06-18,F,136
669,04,06,10,17,24,33,19,04,10,06,17,24,33,2,0,0,9,18037100,552,352900,23855,7200,339322,1000,180372714,2330375200,1,2012-06-21,B,94
670,01,04,07,25,32,41,18,25,41,32,01,07,04,7,2,215544800,22,10256500,414,654000,21940,10800,360096,1000,0,2991297400,1,2012-06-25,G,110
671,05,10,14,16,23,38,21,16,10,23,38,14,05,1,2,94581700,21,8106900,1407,145100,32335,5500,357452,1000,0,2447489000,1,2012-06-28,A,106
672,01,05,23,24,36,43,19,05,01,23,36,24,43,2,0,0,15,11997800,365,591600,17986,10500,277841,1000,199965654,2364978800,1,2012-07-02,B,132
673,02,06,16,27,28,29,38,29,02,28,16,06,27,8,2,215521300,19,10945600,605,412400,28726,7600,418501,1000,0,2949447600,1,2012-07-05,H,108
674,08,11,15,22,40,41,39,41,22,11,15,08,40,3,3,61634400,15,11094000,460,434100,20719,8500,314137,1000,0,2314002000,1,2012-07-09,C,137
675,08,10,15,21,24,34,28,21,08,24,34,15,10,5,3,62855400,3,56569400,364,559400,17630,10100,284305,1000,0,2279722400,1,2012-07-12,E,112
676,02,08,20,33,38,42,21,38,08,02,42,33,20,6,3,57166200,18,8574800,328,564600,15169,10700,252692,1000,0,2060311200,2,2012-07-16,F,143
677,04,11,22,31,32,35,23,32,31,04,11,35,22,10,1,189220100,10,17029600,263,777000,15158,11800,257737,1000,0,2226395600,2,2012-07-19,J,135
678,08,24,25,29,32,40,28,29,32,24,40,25,08,9,0,0,9,18312100,365,541800,16330,10600,247743,1000,183123113,2150902800,1,2012-07-23,I,158
679,04,05,07,37,41,42,39,41,07,37,04,42,05,7,1,400000000,14,15063900,308,821600,17156,13000,312307,1000,17453239,2741890400,1,2012-07-26,G,136
680,08,09,23,34,38,41,06,41,23,08,09,38,34,1,1,212106800,9,19465100,350,600600,18032,10200,299244,1000,0,2366117800,1,2012-07-30,A,153
681,01,11,13,30,37,41,27,41,01,37,13,11,30,4,0,0,11,15261400,268,751600,15062,11700,254431,1000,186530099,2195539600,1,2012-08-02,D,133
682,03,05,07,18,19,41,34,05,41,07,19,03,18,2,1,393430300,15,12413900,758,294700,25151,7800,374782,1000,0,2641007000,1,2012-08-06,B,93
683,16,24,29,32,35,38,37,38,35,29,24,16,32,10,1,185848300,8,20907700,440,456100,16563,10600,240641,1000,0,2158937400,1,2012-08-09,J,174
684,06,07,13,18,27,33,16,06,33,13,27,18,07,6,2,74642000,7,19193400,506,318600,22145,6400,315789,1000,0,2006387000,1,2012-08-13,F,104
685,12,23,27,32,39,43,15,39,27,23,12,43,32,8,2,87878800,9,17575600,373,508800,19174,8700,291374,1000,0,2183491800,1,2012-08-16,H,176
686,21,24,26,35,37,38,16,21,35,37,26,38,24,1,2,94737500,7,24360800,283,723000,13946,12900,244043,1000,0,2198191600,1,2012-08-20,A,181
687,16,20,27,33,40,42,34,42,40,16,20,27,33,3,2,94843400,15,11381100,300,682800,15659,11500,251692,1000,0,2217041200,1,2012-08-23,C,178
688,09,12,16,33,34,35,01,09,12,16,34,35,33,5,2,92819300,4,41768300,297,675000,15117,11600,258936,1000,0,2197759800,1,2012-08-27,E,139
689,06,08,12,17,24,31,38,17,06,24,12,31,08,9,8,20094300,34,4255200,753,230500,28797,5300,381008,1000,0,2251563600,1,2012-08-30,I,98
690,07,08,10,21,34,38,30,38,07,34,10,21,08,2,0,0,10,16397300,337,583800,17612,9800,286212,1000,182194767,2228276400,1,2012-09-03,B,118
691,04,07,08,15,16,42,23,07,15,04,16,08,42,7,3,134131500,3470,57100,702,338700,25913,8000,407943,1000,0,2830927800,1,2012-09-06,G,92
692,09,10,12,19,21,42,15,19,12,42,21,10,09,1,2,90732700,8,20414600,370,529600,18692,9200,293557,1000,0,2238225600,1,2012-09-10,A,113
693,04,14,18,22,32,35,10,04,14,18,32,35,22,4,0,0,4,43118000,338,612300,16304,11100,263624,1000,191637654,2260604800,1,2012-09-13,D,125
694,08,23,27,31,38,40,03,23,38,27,31,08,40,3,2,199696300,11,16997900,528,424900,23904,8200,361757,1000,0,2619532600,1,2012-09-17,C,167
695,04,07,11,12,13,19,27,07,13,12,19,04,11,2,5,33044600,20,7434900,658,271100,27156,5700,370176,1000,0,2266543400,1,2012-09-20,B,66
696,02,10,14,19,36,39,09,14,39,10,36,02,19,10,1,182624000,12,13696600,301,655200,15491,11200,256073,1000,0,2165052200,1,2012-09-24,J,120
697,02,12,14,18,40,41,06,41,40,12,18,02,14,8,1,188870600,11,15452900,309,660100,15611,11500,271554,1000,0,2254045200,1,2012-09-27,H,127
698,05,20,21,26,30,33,27,33,21,05,30,20,26,6,2,93065900,2,83758600,365,550700,16185,10900,249508,1000,0,2181120000,1,2012-10-01,F,135
699,12,13,21,25,29,32,20,25,21,32,13,12,29,9,1,178163800,6,26724300,355,542000,18314,9200,284386,1000,0,2188991600,1,2012-10-04,I,132
700,01,08,17,24,33,35,11,08,17,35,24,01,33,3,3,54372900,14,10486100,418,421400,18018,8600,269090,1000,0,2023510000,1,2012-10-08,C,118
701,20,22,24,32,36,39,29,20,24,22,32,36,39,5,0,0,3,58329700,215,976600,11908,15500,215751,1000,194434345,2178661400,1,2012-10-11,E,173
702,01,20,23,37,38,40,04,01,40,23,37,38,20,7,1,400000000,11,19778400,393,664300,20261,11300,332742,1000,36172490,2852042200,1,2012-10-15,G,159
703,20,24,27,28,38,41,04,41,27,38,24,28,20,10,1,245034100,8,23496700,341,661400,17531,11300,293198,1000,0,2476850000,1,2012-10-18,J,178
704,07,10,16,18,19,37,20,37,19,10,18,07,16,4,1,177385500,7,22806500,298,642800,18353,9200,302583,1000,0,2222627000,1,2012-10-22,D,107
705,14,15,16,18,20,33,03,20,14,16,15,18,33,1,0,0,4,44427900,298,715600,14174,13200,250174,1000,197459384,2281593600,1,2012-10-25,A,116
706,02,08,29,31,34,37,09,29,37,34,31,02,08,2,4,111096500,13,17094700,458,582200,20325,11500,337649,1000,0,2908292000,1,2012-10-29,B,141
707,08,15,21,32,40,41,07,41,08,21,40,15,32,8,2,95335600,13,13200200,477,431700,19514,9300,281767,1000,0,2292477000,1,2012-11-01,H,157
708,02,13,20,22,25,38,35,20,02,22,25,13,38,6,1,184591000,7,23732900,391,509800,18348,9500,283635,1000,0,2243491200,1,2012-11-05,F,120
709,01,11,13,29,37,39,08,39,01,11,29,13,37,2,0,0,7,24578400,298,692800,15241,11900,257460,1000,191167589,2242799000,1,2012-11-08,B,130
710,04,05,09,20,33,37,35,20,37,33,04,09,05,1,0,0,6,35796100,366,704100,20280,11200,344207,1000,429810925,2850473600,1,2012-11-12,A,108
711,05,11,15,24,34,39,37,24,39,11,05,15,34,3,1,400000000,17,15549400,628,505100,30018,9300,464018,1000,323524855,3597997200,1,2012-11-15,C,128
712,02,05,08,09,14,25,18,05,25,02,14,08,09,9,4,141654300,17,12869400,782,335700,33054,7000,453835,1000,0,3132974000,1,2012-11-19,I,63
713,19,20,21,24,25,26,35,25,21,26,20,19,24,5,8,25401100,8,22860800,352,623400,14884,13000,251853,1000,0,2335574600,1,2012-11-22,E,135
714,02,14,26,28,29,42,13,42,28,02,26,14,29,7,2,91019900,17,9637300,362,543000,17681,9800,266872,1000,0,2183945800,1,2012-11-26,G,141
715,05,10,12,25,28,31,36,28,05,12,10,31,25,10,4,43239100,14,11118500,758,246400,25011,6500,337181,1000,0,2260805800,1,2012-11-29,J,111
716,05,07,14,24,25,35,32,35,14,25,05,24,07,3,2,86824800,10,15628300,482,389000,21318,7700,315835,1000,0,2219427600,2,2012-12-03,C,110
717,13,14,16,21,29,42,20,13,14,42,21,16,29,4,3,63669600,5,34381300,241,855900,14288,12700,248490,1000,0,2221478800,2,2012-12-06,D,135
718,15,20,27,29,33,43,18,43,15,27,29,33,20,8,0,0,5,33759500,282,718200,14671,12100,248339,1000,187554507,2190954400,1,2012-12-10,H,167
719,11,14,27,31,34,42,13,31,27,34,42,11,14,1,5,84563100,15,14115500,494,514300,22053,10100,341062,1000,0,2813929600,1,2012-12-13,A,159
720,25,26,27,28,35,38,19,38,27,35,25,26,28,6,0,0,2,87731700,297,708900,14890,12400,262465,1000,194961175,2287074400,1,2012-12-17,F,179
721,01,14,23,24,27,40,10,23,01,27,14,24,40,2,0,0,12,18688100,359,749600,20142,11700,356463,1000,444138139,2969765400,1,2012-12-20,B,129
722,06,11,32,34,35,39,18,11,39,34,06,35,32,3,2,374402800,20,13709900,462,712200,24101,12000,394838,1000,0,3539990400,1,2012-12-24,C,157
723,16,27,28,36,39,42,02,39,16,36,28,42,27,7,0,0,16,11826100,397,571900,20634,9700,316570,1000,210243965,2540868200,1,2012-12-27,G,188
724,04,09,32,37,38,39,31,09,32,39,04,37,38,9,1,400000000,11,26093600,450,765400,24340,12400,418023,1000,129168839,3716111400,1,2013-01-07,I,159
725,05,06,07,20,31,41,22,07,06,31,41,20,05,5,1,380475100,8,28271700,429,632600,21324,11200,359060,1000,0,2994145800,1,2013-01-10,E,110
726,13,21,30,31,37,40,14,40,21,37,30,13,31,4,0,0,7,23991100,277,727500,15468,11400,245799,1000,186599329,2176962400,1,2013-01-14,D,172
727,03,24,26,27,39,41,04,26,27,24,39,03,41,10,3,143332300,19,11529200,490,536400,25828,8900,392446,1000,0,2999221200,1,2013-01-17,J,160
728,10,15,22,23,38,42,12,22,38,10,23,42,15,1,3,63530800,10,17153100,535,384700,22776,7900,325069,1000,0,2388016000,1,2013-01-21,A,150
729,02,10,16,18,27,42,22,27,18,10,02,42,16,8,2,98685000,17,10448900,418,509900,18377,10200,300980,1000,0,2393715200,1,2013-01-24,H,115
730,10,15,21,22,33,35,01,15,21,22,10,33,35,6,3,66314100,6,29841100,381,563900,18093,10400,283480,1000,0,2368568800,1,2013-01-28,F,136
731,06,07,23,25,38,42,21,07,38,42,06,25,23,2,2,98599200,6,29579500,436,488400,20143,9300,320236,1000,0,2435007400,1,2013-01-31,B,141
732,20,33,35,36,37,38,29,36,33,35,20,37,38,3,2,105133100,6,31539600,617,368000,16624,12000,249338,1000,0,2391659200,1,2013-02-04,C,199
733,05,13,14,26,37,38,28,37,14,13,26,38,05,5,6,31134100,20,8406100,785,257000,23909,7400,321170,1000,0,2346252400,1,2013-02-07,E,133
734,10,19,22,27,29,39,21,39,19,10,22,29,27,7,2,90878300,8,20447400,300,654300,17638,9800,280109,1000,0,2210885200,1,2013-02-11,G,146
735,05,12,19,22,32,39,14,39,32,19,22,12,05,4,1,191947900,10,17275100,341,607900,16562,11000,280926,1000,0,2301765800,1,2013-02-14,D,129
736,02,14,17,19,38,43,06,38,14,19,43,17,02,9,1,195249400,7,25103200,281,750400,15306,12100,258371,1000,0,2280495800,2,2013-02-18,I,133
737,06,10,21,24,27,39,11,27,39,10,06,21,24,10,5,35534000,12,13325100,570,336600,22915,7300,339048,1000,0,2306150800,2,2013-02-21,J,127
738,14,21,22,32,33,41,09,41,14,22,32,33,21,9,3,63074300,10,17029900,453,451100,19251,9300,280872,1000,0,2277831000,1,2013-02-25,I,163
739,11,13,18,20,28,38,31,13,38,20,18,28,11,8,1,189795600,5,34162900,403,508600,18674,9600,304231,1000,0,2334745000,1,2013-02-28,H,128
740,08,09,15,26,37,40,18,40,15,26,08,37,09,1,8,22908400,16,10308700,480,412300,20561,8400,301477,1000,0,2271575200,1,2013-03-04,A,135
741,08,11,15,29,36,43,18,15,29,43,11,08,36,2,3,62963200,12,14166600,558,365500,18270,9800,271536,1000,0,2254172000,1,2013-03-07,B,142
742,02,12,13,14,22,35,04,12,35,14,22,02,13,10,5,34263800,10,15418600,397,466000,20820,7800,314071,1000,0,2195141600,1,2013-03-11,J,98
743,03,04,08,10,14,37,32,04,37,03,14,08,10,6,1,166674600,8,18750700,367,490400,19543,8100,317038,1000,0,2161144000,1,2013-03-14,F,76
744,02,05,12,14,30,42,03,14,30,42,05,02,12,3,2,85021400,9,17004100,341,538500,16828,9600,279874,1000,0,2107993600,1,2013-03-18,C,105
745,08,12,16,23,33,34,06,12,16,23,08,34,33,1,2,81805900,14,10517800,540,327200,24091,6400,321033,1000,0,2143255600,1,2013-03-21,A,126
746,06,09,10,29,31,35,28,31,06,09,29,35,10,7,2,89450700,6,26834900,300,644000,15515,10900,260934,1000,0,2143322800,1,2013-03-25,G,120
747,08,19,20,23,24,35,05,35,24,19,20,23,08,5,5,35339700,9,17669700,400,477000,18197,9200,276521,1000,0,2158709800,1,2013-03-28,E,129
748,02,14,16,27,28,30,21,14,27,28,16,02,30,4,3,54555200,8,18412200,457,386700,19632,7900,285522,1000,0,2064813800,1,2013-04-01,D,117
749,07,08,11,13,23,40,25,07,11,40,23,13,08,9,1,147338200,6,22100500,335,474900,17898,7800,284239,1000,0,1919271200,1,2013-04-04,I,102
750,04,06,13,16,18,39,34,18,04,13,06,16,39,8,0,0,16,8372700,269,597600,16247,8700,265152,1000,148850413,1890071000,1,2013-04-08,H,96
751,13,16,21,25,31,38,43,25,21,31,13,38,16,10,2,170811100,6,28915500,358,581500,17659,10300,288732,1000,0,2326313200,1,2013-04-11,J,144
752,03,05,13,18,22,37,14,22,13,18,03,37,05,2,1,148264300,17,7849200,446,359000,20510,6800,292278,1000,0,1945229200,1,2013-04-15,B,98
753,02,04,11,15,20,38,18,02,38,11,15,04,20,7,1,153360100,8,17252800,379,437000,20046,7200,271662,1000,0,1943949400,1,2013-04-18,G,90
754,16,27,33,35,39,41,42,41,39,35,27,16,33,6,0,0,7,20351800,327,522800,14828,10100,231556,1000,158293668,1897940400,1,2013-04-22,F,191
755,10,16,20,25,29,39,02,10,29,39,16,25,20,3,1,357433900,4,44806100,291,739000,14962,12600,260639,1000,0,2319539400,1,2013-04-25,C,139
756,08,10,24,26,27,28,32,10,28,26,08,27,24,1,1,135304800,5,24354600,363,402500,16820,7600,258021,1000,0,1755846000,1,2013-04-29,A,123
757,04,10,14,19,35,38,17,38,14,04,10,19,35,5,1,158786500,8,17863300,302,567800,15047,10000,242963,1000,0,1927596800,1,2013-05-02,E,120
758,11,19,20,25,38,40,33,11,20,38,40,19,25,10,3,48205400,6,21692200,250,624700,12672,10800,203849,1000,0,1716840600,1,2013-05-06,J,153
759,14,22,25,28,37,41,31,41,25,22,14,28,37,4,1,150508300,9,15050700,367,442900,15858,9000,236736,1000,0,1841413200,1,2013-05-09,D,167
760,03,04,06,15,32,40,34,32,06,15,04,40,03,9,2,76066200,6,22819600,180,912700,11245,12800,210799,1000,0,1797970400,1,2013-05-13,I,100
761,08,10,11,12,20,40,42,08,10,12,40,11,20,1,3,45384700,4,30634400,473,310800,20431,6300,273910,1000,0,1798578200,1,2013-05-16,A,101
762,06,08,09,20,24,27,40,06,20,27,24,08,09,6,2,66848900,9,13369600,441,327400,17785,7100,264693,1000,0,1756628800,1,2013-05-20,F,94
763,06,08,10,21,39,42,36,10,39,42,21,06,08,8,4,36232500,8,16304500,280,559000,14976,9200,239671,1000,0,1799186800,1,2013-05-23,H,126
764,06,07,24,34,42,43,14,42,43,07,34,24,06,2,1,152476300,11,12475200,219,751900,11401,12700,192624,1000,0,1760586000,2,2013-05-27,B,156
765,04,14,17,22,26,41,06,14,41,26,22,04,17,3,1,143790100,5,25882000,297,522800,15081,9000,224874,1000,0,1756341600,2,2013-05-30,C,124
766,06,10,12,32,37,39,33,12,32,39,37,06,10,1,0,0,7,18355800,268,575300,14143,9600,228235,1000,142769195,1754887800,1,2013-06-03,A,136
767,02,06,11,27,29,37,14,02,11,06,29,37,27,5,0,0,18,8132500,456,385200,21215,7300,310443,1000,305421962,2111340200,1,2013-06-06,E,112
768,01,08,19,25,32,38,39,25,08,38,01,32,19,7,3,166626300,12,14584100,456,460500,19047,9700,294754,1000,0,2354423200,1,2013-06-10,G,123
769,01,02,04,16,17,38,08,02,38,04,17,01,16,10,2,71650300,12,10747400,288,537300,13603,10000,226626,1000,0,1755956800,1,2013-06-13,J,78
770,17,19,21,22,36,37,25,17,37,21,22,19,36,9,1,154692500,6,23203600,259,645000,13098,11200,207838,1000,0,1813763000,1,2013-06-17,I,152
771,15,21,31,32,33,34,27,15,34,33,32,31,21,4,0,0,4,35009600,189,889100,10927,13500,175199,1000,155599643,1749158800,1,2013-06-20,D,166
772,07,11,16,19,20,23,30,20,07,19,11,23,16,6,0,0,11,13398900,417,424100,20648,7500,316860,1000,319366210,2135334000,1,2013-06-24,F,96
773,04,07,10,11,12,32,09,04,07,32,10,12,11,2,3,168064100,25,6653600,695,287200,30895,5600,406952,1000,0,2519584200,1,2013-06-27,B,76
774,02,04,09,13,16,33,15,33,13,04,02,16,09,8,0,0,10,13294400,354,450600,18464,7600,276663,1000,147716863,1905744600,1,2013-07-01,H,77
775,01,02,21,22,37,38,17,02,21,01,37,22,38,5,6,56139200,18,9455800,429,476000,18043,9900,262328,1000,0,2235709000,1,2013-07-04,E,121
776,02,08,14,23,28,42,25,02,23,14,28,08,42,3,3,45776400,7,17656400,478,310200,19209,6800,270926,1000,0,1802216800,1,2013-07-08,C,117
777,15,16,23,29,37,39,42,37,23,15,16,29,39,1,1,146823800,4,33035000,328,483400,15483,9000,235592,1000,0,1806671200,1,2013-07-11,A,159
778,05,11,17,24,35,41,03,11,41,35,05,17,24,6,4,32229100,20,5801200,431,323000,16324,7500,230087,1000,0,1637943200,1,2013-07-15,F,133
779,10,13,27,34,36,39,07,10,13,27,39,34,36,7,2,72998900,3,43799000,279,565100,13568,10200,221111,1000,0,1767273600,1,2013-07-18,G,159
780,06,07,12,26,39,43,04,07,12,26,06,43,39,1,1,134329400,12,10074600,336,431700,15789,8100,242050,1000,0,1711830400,2,2013-07-22,A,133
781,05,06,15,23,40,43,39,06,23,43,40,05,15,9,1,147350400,4,33153500,216,736700,11587,12100,205268,1000,0,1743887000,2,2013-07-25,I,132
782,19,21,23,24,27,43,10,43,19,23,27,21,24,2,3,48647800,5,26269500,208,757700,10631,13000,179835,1000,0,1675072600,1,2013-07-29,B,157
783,09,14,22,24,25,32,13,22,24,25,09,32,14,9,1,140608100,5,25309200,229,663100,12913,10300,222023,1000,0,1722197000,1,2013-08-01,I,126
784,01,09,23,29,37,41,22,09,23,01,29,41,37,4,1,142822100,7,18362600,327,471700,11559,11700,185822,1000,0,1661099200,1,2013-08-05,D,140
785,01,09,18,20,24,29,15,20,09,29,24,01,18,8,0,0,11,11447700,236,640200,12531,10600,200326,1000,139918477,1667954600,1,2013-08-08,H,101
786,10,11,17,31,35,39,23,39,35,31,11,17,10,5,3,97530200,17,8082500,382,431600,16063,9000,243073,1000,0,1874406800,1,2013-08-12,E,143
787,04,05,13,21,33,34,15,04,05,13,21,34,33,7,1,130770500,4,29423100,297,475500,13391,9300,205498,1000,0,1599501800,1,2013-08-15,G,110
788,02,08,13,27,31,32,16,02,13,31,08,27,32,3,2,65271100,17,6910900,371,380000,16765,7400,239031,1000,0,1672024000,1,2013-08-19,C,113
789,12,17,29,32,38,40,28,29,32,17,12,38,40,10,0,0,7,18719500,229,686600,10958,12600,182429,1000,145597887,1677817400,1,2013-08-22,J,168
790,09,13,19,27,34,38,08,38,34,13,19,27,09,6,3,102876700,12,12227300,469,375400,17888,8600,261649,1000,0,2006226000,1,2013-08-26,F,140
791,01,10,22,24,34,37,20,24,37,22,34,01,10,9,1,149634700,5,26934000,202,800000,11282,12600,202821,1000,0,1758412600,1,2013-08-29,I,128
792,01,07,14,25,37,43,04,01,37,07,14,25,43,1,2,70622000,10,12711800,329,463600,13858,9700,209152,1000,0,1699152200,1,2013-09-02,A,127
793,10,13,14,19,26,43,12,14,13,10,26,43,19,3,0,0,2,63997200,238,645300,11941,11300,202293,1000,142217329,1692416000,1,2013-09-05,C,125
794,15,22,25,29,34,42,02,29,15,22,25,34,42,6,0,0,5,31753300,255,747100,13384,12500,227616,1000,318626275,2047499200,1,2013-09-09,F,167
795,13,19,24,28,33,38,29,38,13,19,24,33,28,8,7,73305200,10,17505800,476,441300,19683,9400,313263,1000,0,2396022800,1,2013-09-12,H,155
796,01,07,11,14,22,34,02,11,34,14,01,22,07,2,1,121870200,7,15668800,326,403700,15750,7300,227649,1000,0,1570944200,1,2013-09-16,B,89
797,01,04,13,18,23,39,35,18,01,39,13,23,04,4,2,68765900,12,10314800,293,506900,15527,8400,244497,1000,0,1745255200,1,2013-09-19,D,98
798,01,03,05,25,39,41,34,25,39,03,41,05,01,5,0,0,0,0,262,539000,12041,10300,206367,1000,248463449,1601434800,1,2013-09-23,E,114
799,04,06,08,10,19,28,25,10,19,06,04,28,08,7,7,58921400,24,6149400,839,211000,30477,5100,375012,1000,0,2266485800,1,2013-09-26,G,75
800,08,12,22,23,25,35,43,23,25,35,22,12,08,10,1,131166300,4,29512100,320,442600,16389,7600,258728,1000,0,1721249600,1,2013-09-30,J,125
801,02,18,19,20,25,31,32,18,19,25,20,02,31,1,1,145320600,4,32696800,257,610600,13546,10200,204656,1000,0,1724788200,1,2013-10-03,A,115
802,09,13,18,19,25,30,15,30,25,09,19,13,18,9,1,128449300,6,19267200,323,429400,15139,8000,238887,1000,0,1653413800,1,2013-10-07,I,114
803,09,29,33,34,35,41,27,35,09,41,29,33,34,3,0,0,4,33518100,198,812500,9338,15100,166329,1000,148970728,1671515800,1,2013-10-10,C,181
804,06,20,23,25,31,33,30,31,20,06,25,23,33,6,2,150886900,3,45840500,208,793300,12377,11700,218646,1000,0,1821269000,1,2013-10-14,F,138
805,02,14,19,22,24,43,06,19,22,24,14,02,43,8,1,140183100,8,15770400,226,669800,12925,10300,211614,1000,0,1695351800,1,2013-10-17,H,124
806,03,16,19,25,39,40,29,16,19,25,39,40,03,2,0,0,1,124949100,259,578900,12126,10900,202005,1000,138833615,1662204800,1,2013-10-21,B,142
807,01,06,12,20,22,23,27,12,01,06,20,23,22,5,1,291477000,14,9812700,479,344100,20517,7000,301302,1000,0,2003553000,1,2013-10-24,E,84
808,13,18,22,28,41,42,26,41,18,13,22,42,28,4,0,0,8,16455200,226,698900,10820,12800,192526,1000,146270097,1706129800,1,2013-10-28,D,164
809,02,11,20,31,32,37,17,11,20,37,31,32,02,7,3,107746800,5,31854300,284,672900,13367,12600,238791,1000,0,2077238600,1,2013-10-31,G,133
810,03,31,32,38,39,40,37,31,39,38,40,03,32,1,4,36263600,5,26109600,151,1037400,7629,18100,146835,1000,0,1593972800,1,2013-11-04,A,183
811,02,06,20,24,31,40,34,06,40,31,02,24,20,10,1,140999500,8,15862300,239,637100,12516,10700,204148,1000,0,1685895400,1,2013-11-07,J,123
812,01,12,15,26,34,40,22,01,40,12,26,34,15,3,0,0,4,31866100,225,679800,11537,11600,185757,1000,141628660,1650524800,1,2013-11-11,C,128
813,09,10,12,13,28,38,39,28,12,13,09,10,38,9,3,98109100,7,19632500,410,402200,18210,7900,287401,1000,0,1973146200,1,2013-11-14,I,110
814,04,07,15,23,38,42,01,42,23,38,04,15,07,6,5,26254400,18,6563500,472,300300,18446,6700,229387,1000,0,1656974200,1,2013-11-18,F,129
815,01,02,06,24,25,41,29,25,41,06,24,01,02,8,1,127087500,9,12708600,313,438500,14743,8200,240467,1000,0,1645024000,1,2013-11-21,H,99
816,05,14,19,24,27,37,09,05,19,14,37,24,27,1,2,62452100,10,11241200,327,412500,14949,7900,225174,1000,0,1591959600,2,2013-11-25,A,126
817,16,21,27,32,34,43,42,16,27,34,32,21,43,5,1,145727200,1,131153300,273,576400,10628,13000,169749,1000,0,1650770200,2,2013-11-28,E,173
818,05,21,24,34,37,38,16,34,21,38,24,37,05,2,0,0,7,17948400,179,842200,10437,12700,178498,1000,139600060,1616665200,1,2013-12-02,B,159
819,10,19,23,25,30,40,14,40,10,23,30,19,25,1,2,150045900,4,36110300,230,753600,13766,11100,236112,1000,0,1927276000,1,2013-12-05,A,147
820,01,11,19,28,39,43,16,01,43,11,19,39,28,4,1,137493800,4,30935800,216,687400,11136,11700,189176,1000,0,1621987600,1,2013-12-09,D,141
821,07,10,12,34,40,43,16,43,40,07,10,12,34,7,1,141089200,6,21163100,199,765700,11493,11600,194366,1000,0,1664941600,1,2013-12-12,G,146
822,06,11,15,24,27,33,29,11,27,33,15,24,06,3,5,24735100,12,9275600,879,151900,22235,5200,265093,1000,0,1669932800,1,2013-12-16,C,116
823,05,06,23,30,37,38,28,30,05,38,23,37,06,10,2,66918700,5,24090500,263,549500,15701,8100,218600,1000,0,1655419800,1,2013-12-19,J,139
824,16,19,26,27,29,32,04,27,29,19,16,26,32,7,0,0,5,24452600,191,768100,9642,13400,173719,1000,135848970,1573263400,1,2013-12-23,G,149
825,06,10,12,16,39,40,20,40,12,39,10,16,06,6,4,73795200,14,10242600,457,376500,19063,7900,285713,1000,0,2027363400,1,2013-12-26,F,123
826,05,15,22,24,29,36,02,15,05,29,24,36,22,9,3,45122000,12,10152300,279,523900,15073,8500,220594,1000,0,1673211800,1,2013-12-30,I,131
827,02,04,23,24,33,41,05,33,02,24,23,04,41,5,0,0,7,17356200,240,607400,13690,9300,221352,1000,134993898,1671641800,1,2014-01-06,E,127
828,02,09,10,24,25,43,26,09,25,24,10,02,43,3,1,293783400,22,6495800,415,413200,17662,8500,268714,1000,0,1984847800,1,2014-01-09,C,113
829,02,03,23,32,36,39,20,02,36,32,03,23,39,10,1,136213400,1,122590900,239,615500,11598,11100,188628,1000,0,1609579400,1,2014-01-13,J,135
830,05,06,09,18,28,40,22,28,40,18,09,06,05,1,4,34145100,8,15365200,272,542300,14411,9000,232226,1000,0,1709674400,1,2014-01-16,A,106
831,03,04,07,13,22,31,19,13,22,03,04,31,07,8,3,42071400,18,6310600,466,292500,18647,6400,251782,1000,0,1662536200,1,2014-01-20,H,80
832,19,24,27,31,32,33,17,31,33,24,27,19,32,4,2,70326900,2,63293600,214,709800,10849,12300,187952,1000,0,1646883600,1,2014-01-23,D,166
833,05,06,13,20,22,28,02,05,22,13,06,28,20,2,1,129867100,13,8990700,327,428900,16073,7600,244601,1000,0,1678502200,1,2014-01-27,B,94
834,04,17,27,39,41,42,08,39,27,17,42,41,04,6,0,0,6,21514700,218,710500,11359,12000,191647,1000,143432919,1679381600,1,2014-01-30,F,170
835,05,09,10,28,39,40,24,10,40,28,05,39,09,9,4,76167200,19,7637400,467,372800,19997,7600,279209,1000,0,2029552200,1,2014-02-03,I,131
836,07,11,31,34,38,43,28,11,07,31,43,38,34,7,2,69974600,3,41984400,176,858700,10893,12200,189934,1000,0,1645130600,1,2014-02-06,G,164
837,05,17,34,37,39,42,28,34,42,39,37,17,05,5,0,0,14,8679700,304,479600,10891,11800,170404,1000,135019275,1558645800,1,2014-02-10,E,174
838,12,28,32,36,38,43,13,43,28,38,36,12,32,3,1,302484800,3,50239200,207,873700,11321,14000,202036,1000,0,1912495800,1,2014-02-13,C,189
839,01,03,05,12,13,38,37,38,13,03,01,12,05,1,2,58819200,6,17645600,314,404600,16653,6700,247517,1000,0,1578113000,2,2014-02-17,A,72
840,03,04,17,24,27,34,39,24,27,03,34,04,17,10,2,62492100,13,8652600,384,351500,15097,7800,229602,1000,0,1602498600,2,2014-02-20,J,109
841,08,22,24,28,31,36,38,31,24,22,28,08,36,8,0,0,3,39133100,278,506700,12710,9700,208703,1000,130444902,1603778000,1,2014-02-24,H,149
842,08,11,17,26,33,43,24,17,26,08,11,33,43,4,2,142963400,12,11661000,338,496800,15410,9600,236424,1000,0,1884186600,1,2014-02-27,D,138
843,03,07,08,26,42,43,11,08,03,43,42,26,07,2,1,132563500,9,13256200,232,617100,12643,9900,212024,1000,0,1629673200,1,2014-03-03,B,129
844,02,05,18,27,35,38,24,27,18,35,38,05,02,6,0,0,12,9473800,362,376800,15405,7800,229370,1000,126319769,1613654000,1,2014-03-06,F,125
845,02,12,13,22,24,34,20,13,02,24,22,12,34,1,1,270730000,9,14440900,497,313800,20003,6800,281828,1000,0,1888325200,1,2014-03-10,A,107
846,09,14,18,28,30,33,04,30,28,09,14,18,33,7,0,0,10,11883200,218,654100,11698,10700,193837,1000,132037455,1584660200,1,2014-03-13,G,132
847,09,10,23,31,35,36,38,09,35,10,23,36,31,9,0,0,4,36614400,252,697400,13351,11600,227156,1000,294769911,1926954400,1,2014-03-17,I,144
848,06,07,13,15,35,39,33,06,39,13,35,15,07,5,2,232909500,7,21991800,308,599700,17312,9400,282009,1000,0,2121531800,1,2014-03-20,E,115
849,01,03,04,10,15,40,34,01,03,15,04,40,10,3,2,64046100,6,19213600,318,435000,15195,8000,231075,1000,0,1632933600,1,2014-03-24,C,73
850,02,11,30,32,38,41,04,11,02,32,30,41,38,4,0,0,2,63132700,309,490300,10333,12900,182677,1000,140296289,1632036400,1,2014-03-27,D,154
851,05,08,14,20,26,27,07,20,14,08,27,26,05,10,3,96122100,11,12114700,548,291800,22620,6200,298615,1000,0,1957614400,1,2014-03-31,J,100
852,03,17,22,23,27,40,35,40,27,03,22,17,23,2,1,129224400,4,29075200,217,643100,12279,10000,205933,1000,0,1586956600,1,2014-04-03,B,132
853,02,09,22,26,31,35,07,26,02,35,31,09,22,6,0,0,3,39881400,245,586000,11444,11000,193734,1000,132939440,1592314000,1,2014-04-07,F,125
854,04,11,14,18,25,37,42,25,18,37,04,11,14,8,1,280741900,33,4030900,586,272300,21049,6600,287638,1000,0,1930881800,1,2014-04-10,H,109
855,10,13,15,25,37,42,30,25,15,42,37,10,13,1,0,0,5,24191300,329,441100,12644,10100,201206,1000,134397657,1621662200,1,2014-04-14,A,142
856,10,24,32,34,38,40,43,34,32,10,38,40,24,9,2,155268000,9,17613600,255,745900,12954,12900,220199,1000,0,2028653800,1,2014-04-17,I,178
857,01,03,06,17,28,42,24,42,03,28,17,06,01,7,1,128078300,5,23053900,291,475300,14162,8600,226093,1000,0,1621740600,1,2014-04-21,G,97
858,03,14,29,32,33,42,40,32,29,14,33,42,03,5,2,71353500,4,32108800,199,774400,10157,13300,171855,1000,0,1629057000,1,2014-04-24,E,153
859,01,12,15,17,21,36,24,36,17,15,01,21,12,3,0,0,4,30692700,213,691600,11239,11500,197400,1000,136413520,1630821600,1,2014-04-28,C,102
860,14,16,32,35,38,41,06,35,32,14,41,16,38,1,3,101556000,5,30285500,259,701500,14422,11100,220507,1000,0,1960437800,1,2014-05-01,A,176
861,04,17,21,28,35,42,29,04,42,28,35,21,17,10,3,41471000,13,8613100,329,408400,13241,8900,173693,1000,0,1473265400,1,2014-05-05,J,147
862,05,10,16,34,36,39,43,34,05,10,16,36,39,4,0,0,2,60909600,262,557900,11911,10800,198149,1000,135355967,1623243800,1,2014-05-08,D,140
863,04,14,18,26,35,36,02,35,14,18,04,36,26,2,2,145531400,12,11677900,295,570000,15027,9800,235339,1000,0,1883741200,1,2014-05-12,B,133
864,19,21,24,28,32,40,12,19,32,40,21,28,24,8,2,68694900,15,8243300,162,915900,10051,13000,169634,1000,0,1577652200,1,2014-05-15,H,164
865,05,07,08,12,23,25,26,07,05,08,12,25,23,6,6,16727400,18,5018200,683,158700,24693,3800,302771,1000,0,1549941000,2,2014-05-19,F,80
866,01,03,10,21,29,43,39,10,21,03,01,43,29,9,0,0,3,38572500,199,697700,11462,10600,187301,1000,128576326,1539888000,2,2014-05-22,I,107
867,02,14,21,26,37,38,18,14,21,26,38,02,37,6,0,0,19,6870700,476,329100,18410,7500,241477,1000,273626115,1804245200,1,2014-05-26,F,138
868,05,18,19,26,31,43,10,26,19,43,31,05,18,7,0,0,9,17432300,325,579200,14921,11100,235048,1000,447951484,2045805800,1,2014-05-29,G,142
869,05,07,23,24,37,38,40,38,05,07,37,24,23,3,7,89021500,8,19709700,568,333100,24054,6900,339050,1000,0,2284560200,1,2014-06-02,C,134
870,01,11,14,21,23,39,26,11,39,23,21,14,01,5,1,129034400,4,29032400,248,561900,12547,9700,210166,1000,0,1594702800,1,2014-06-05,E,109
871,03,10,11,13,20,27,25,11,03,27,10,20,13,8,3,38178300,16,6442500,423,292400,16767,6500,243854,1000,0,1542850800,1,2014-06-09,H,84
872,06,10,17,18,19,24,07,17,18,24,06,19,10,1,1,117975100,12,8848000,326,390800,15540,7200,235912,1000,0,1555265600,1,2014-06-12,A,94
873,04,22,26,27,32,43,20,26,43,04,22,27,32,2,1,136319400,9,13631800,175,841200,10278,12600,181091,1000,0,1593757200,1,2014-06-16,B,154
874,02,08,21,27,33,37,42,02,21,08,33,37,27,10,0,0,14,8032700,271,497900,13808,8600,215928,1000,124955572,1571860800,1,2014-06-19,J,128
875,04,05,11,13,22,25,43,04,25,22,13,05,11,4,2,129788300,13,9319800,548,265300,22358,5700,316117,1000,0,1878973200,1,2014-06-23,D,80
876,11,12,18,25,35,39,09,18,25,12,35,39,11,9,1,128626000,6,19293700,251,553400,14155,8600,217060,1000,0,1606453600,1,2014-06-26,I,140
877,03,14,17,32,35,43,10,17,03,35,32,14,43,1,0,0,9,13837700,266,561800,11736,11200,181484,1000,138378499,1612625200,1,2014-06-30,A,144
878,05,14,16,22,25,40,43,05,22,14,25,40,16,6,1,290609800,3,45669000,287,572800,14504,9900,239784,1000,0,1863245000,1,2014-07-03,F,122
879,24,27,34,35,36,43,25,35,24,27,36,34,43,7,0,0,3,41643400,139,1078500,8393,15700,155070,1000,138812697,1557722000,1,2014-07-07,G,199
880,01,08,11,16,25,32,19,16,11,01,08,25,32,3,2,140523000,5,25601700,373,411800,17420,7700,258518,1000,0,1817501400,1,2014-07-10,C,93
881,04,06,12,18,28,41,35,18,41,28,12,04,06,10,0,0,12,8741200,364,345800,15752,7000,232486,1000,116551216,1535208400,2,2014-07-14,J,109
882,05,15,23,26,30,36,06,05,23,26,15,30,36,5,1,262268600,5,26228900,281,560000,14937,9200,239827,1000,0,1806413200,2,2014-07-17,E,135
883,10,16,25,29,38,42,23,16,25,29,10,42,38,8,1,118297900,8,13308300,211,605500,10798,10400,171941,1000,0,1415928800,1,2014-07-21,H,160
884,02,07,25,26,38,42,19,25,38,42,02,07,26,2,0,0,17,6344300,334,387400,13789,8200,201260,1000,119838550,1494546200,1,2014-07-24,B,140
885,22,28,33,36,37,41,14,37,33,28,36,22,41,4,1,269046500,7,19183700,187,861700,10551,13400,182621,1000,0,1709793400,1,2014-07-28,D,197
886,07,10,13,23,34,39,11,39,10,07,23,13,34,9,1,120138400,14,7723100,259,500900,12508,9100,201571,1000,0,1497857800,1,2014-07-31,I,126
887,03,04,06,18,32,37,07,04,18,37,06,32,03,1,1,114992600,7,14784600,230,539900,12502,8700,201406,1000,0,1452520600,1,2014-08-04,A,100
888,02,04,09,36,37,39,43,04,09,39,36,02,37,6,1,122981400,2,55341100,167,795300,9658,12100,169698,1000,0,1451875200,1,2014-08-07,F,127
889,02,10,21,28,41,43,12,28,43,10,41,21,02,3,0,0,5,22008100,191,691300,9635,12000,163652,1000,122268699,1432210600,1,2014-08-11,C,145
890,01,04,06,14,28,31,21,01,04,31,28,14,06,7,0,0,7,16806600,340,415200,15425,8000,233681,1000,252988536,1661687400,1,2014-08-14,G,84
891,07,09,14,30,42,43,24,42,30,07,14,09,43,10,2,213055100,7,22258300,182,1027300,11872,13800,212299,1000,0,1984733800,1,2014-08-18,J,145
892,14,19,31,35,40,43,38,31,40,14,19,35,43,8,0,0,4,31507900,142,1065000,7580,17600,139518,1000,140036758,1533859400,1,2014-08-21,H,182
893,10,12,26,28,29,37,34,10,26,12,37,28,29,1,0,0,15,8852200,305,522400,16380,8500,248566,1000,287576167,1841756000,1,2014-08-25,A,142
894,04,05,09,20,21,32,40,21,04,20,32,05,09,5,2,229891000,5,30996800,372,499900,16692,9800,265248,1000,0,2094394800,1,2014-08-28,E,91
895,05,12,24,25,37,38,39,12,24,25,38,37,05,2,6,19453800,14,7503500,705,178800,21098,5200,255673,1000,0,1588235800,1,2014-09-01,B,141
896,05,06,21,27,32,38,34,05,32,38,06,21,27,9,0,0,1,113976600,297,460500,13292,9000,210128,1000,126641809,1573708400,1,2014-09-04,I,129
897,08,10,14,15,27,30,12,27,15,30,08,14,10,4,3,89071400,12,10542800,429,353800,18476,7200,273801,1000,0,1836948800,1,2014-09-08,D,104
898,13,17,21,25,29,37,23,21,13,17,37,25,29,3,4,31560700,6,18936200,557,244700,15052,7900,201693,1000,0,1551478200,1,2014-09-11,C,142
899,03,10,15,18,27,40,38,03,15,10,40,27,18,6,1,115363100,7,14832200,300,415300,13786,7900,206827,1000,0,1467805200,1,2014-09-15,F,113
900,08,12,21,22,31,35,02,35,22,31,21,12,08,7,2,63211900,8,14222500,223,612200,12238,9800,195769,1000,0,1539894800,1,2014-09-18,G,129
901,06,13,22,28,29,37,14,28,06,22,37,29,13,1,0,0,25,4297800,424,304000,16008,7100,214267,1000,119387020,1519504600,1,2014-09-22,A,135
902,11,21,26,31,32,33,22,33,21,32,26,11,31,8,1,269162200,13,10368900,217,745400,11407,12500,198066,1000,0,1749073000,1,2014-09-25,H,154
903,01,03,06,07,16,19,12,07,16,19,06,01,03,5,1,113300900,19,5366800,444,275500,18382,5800,244707,1000,0,1533961200,1,2014-09-29,E,52
904,02,04,06,15,21,41,29,15,21,06,04,41,02,10,0,0,9,11858300,269,476000,13620,8200,214264,1000,118584306,1512482800,1,2014-10-02,J,89
905,04,15,24,40,41,42,31,24,15,04,42,41,40,2,2,131284900,5,25917100,267,582400,11293,12100,181831,1000,0,1662398800,1,2014-10-06,B,166
906,06,09,12,13,30,40,31,13,30,12,09,40,06,9,0,0,13,8407800,274,478600,12621,9100,201409,1000,121447115,1508935000,1,2014-10-09,I,110
907,05,13,18,22,27,41,19,18,05,41,22,27,13,4,5,49352900,12,9398700,389,347900,15657,7600,217235,1000,0,1577928800,1,2014-10-13,D,126
908,06,14,21,22,23,30,32,22,06,21,30,14,23,6,1,119933000,3,35979500,297,436100,14214,8000,216638,1000,0,1529545000,1,2014-10-16,F,116
909,12,15,21,27,30,35,28,30,21,15,35,27,12,3,1,121772100,7,15656200,252,521800,12431,9300,196128,1000,0,1500039600,1,2014-10-20,C,140
910,11,12,13,17,25,33,14,12,13,17,11,33,25,7,1,109769800,5,19758400,343,345600,16285,6400,231738,1000,0,1474282200,1,2014-10-23,G,111
911,08,16,18,22,27,35,03,16,22,08,27,35,18,1,1,118690300,20,5341000,346,370400,15055,7500,217732,1000,0,1521116200,1,2014-10-27,A,126
912,05,14,19,20,32,42,11,32,14,42,05,20,19,8,2,64620500,8,14539500,172,811500,9577,12800,167641,1000,0,1502009600,1,2014-10-30,H,132
913,05,08,20,31,36,41,16,08,05,20,31,41,36,5,2,60952200,6,18285500,168,783600,8689,13300,152654,1000,0,1404587800,1,2014-11-03,E,141
914,02,03,26,33,36,40,19,36,40,02,26,33,03,2,0,0,0,0,165,842700,8486,14400,155451,1000,244632508,1470667200,1,2014-11-06,B,140
915,07,12,21,33,38,40,42,21,12,33,38,40,07,10,4,100782800,3,47549200,287,596400,14367,10500,228507,1000,0,1892957600,1,2014-11-10,J,151
916,06,14,25,27,38,43,21,25,06,27,38,43,14,7,1,115937100,13,8026300,386,324300,15017,7300,208560,1000,0,1476672600,1,2014-11-13,G,153
917,02,06,25,26,41,42,18,25,41,42,26,06,02,9,0,0,12,9120500,278,472400,11490,10000,178259,1000,121608804,1458903600,1,2014-11-17,I,142
918,10,15,25,29,34,36,39,25,36,34,29,15,10,4,0,0,0,0,195,814100,10594,13200,187326,1000,400925200,1701033800,1,2014-11-20,D,149
919,02,09,12,17,33,42,26,02,42,12,17,09,33,6,0,0,43,3238800,344,485800,15753,9300,252416,1000,555673063,1913308200,1,2014-11-24,F,115
920,09,17,27,30,35,38,06,17,30,27,09,35,38,1,0,0,10,16202200,262,742000,14058,12200,243139,1000,735700073,2113614000,1,2014-11-27,A,156
921,05,07,26,36,38,39,32,26,07,36,39,05,38,2,1,400000000,6,28136100,325,623300,16475,10800,283036,1000,523276110,2268247000,2,2014-12-01,B,151
922,04,06,19,32,33,38,01,19,32,04,33,06,38,3,2,342422300,7,20772900,321,543500,15039,10200,248204,1000,0,1963556400,2,2014-12-04,C,132
923,05,13,30,31,32,35,29,32,35,05,13,30,31,10,2,68159800,6,20447700,178,827100,10399,12400,173958,1000,0,1577908000,1,2014-12-08,J,146
924,13,20,24,32,35,42,43,13,35,32,20,24,42,8,0,0,4,30925200,153,970200,8805,14800,154962,1000,137446611,1545543400,1,2014-12-11,H,166
925,25,26,27,28,32,37,40,37,27,28,26,32,25,5,3,97251100,6,23145800,207,805000,11700,12500,207803,1000,0,1810313800,1,2014-12-15,E,175
926,16,26,32,35,37,39,25,37,39,32,16,26,35,7,0,0,3,40151000,173,835500,9177,13800,158847,1000,133838035,1522640400,1,2014-12-18,G,185
927,02,29,30,31,33,34,37,30,31,29,02,34,33,1,0,0,6,24430000,295,596200,11031,14000,181052,1000,296706788,1825692200,1,2014-12-22,A,159
928,01,21,23,26,31,33,14,23,21,26,31,33,01,4,1,400000000,5,31265300,220,852600,11639,14200,217849,1000,70404713,2002102400,1,2014-12-25,D,135
929,10,12,15,25,31,34,26,15,34,10,25,31,12,9,5,43471100,10,13225400,277,572900,14585,9500,235620,1000,0,1807846000,1,2014-12-29,I,127
930,10,12,37,39,40,43,11,10,43,12,39,37,40,2,1,137750200,12,10331100,180,826400,9395,13900,161776,1000,0,1563338800,1,2015-01-05,B,181
931,14,18,19,24,25,33,21,18,33,19,24,14,25,6,0,0,3,37457700,229,588800,11113,10700,189205,1000,124860306,1511643800,1,2015-01-08,F,133
932,04,15,30,37,42,43,32,15,43,04,30,42,37,3,1,276721400,3,45557900,174,942500,9816,14700,173684,1000,0,1713120200,1,2015-01-12,C,171
933,05,09,20,21,31,41,26,41,21,31,05,09,20,4,2,62693000,6,18807700,369,366900,13930,8500,183824,1000,0,1504280400,1,2015-01-15,D,127
934,03,07,16,17,20,32,12,07,03,17,16,20,32,10,1,125978000,11,10307200,203,670200,11659,10200,193783,1000,0,1531585200,1,2015-01-19,J,95
935,02,12,14,26,38,43,08,02,38,14,26,43,12,8,2,58012000,28,3729300,513,244200,14979,7300,198231,1000,0,1454480200,1,2015-01-22,H,135
936,01,03,12,16,20,35,05,16,35,03,12,20,01,2,0,0,7,16162200,276,491800,12217,9800,201739,1000,125707844,1546904000,1,2015-01-26,B,87
937,13,15,21,25,36,41,08,25,41,15,21,36,13,5,3,89474500,12,10703500,276,558400,13258,10200,213583,1000,0,1721862000,1,2015-01-29,E,151
938,05,09,12,19,30,35,29,35,19,05,30,12,09,9,3,40465900,14,7804000,307,427000,14299,8000,211349,1000,0,1530593200,1,2015-02-02,I,110
939,08,11,15,17,26,43,32,43,17,08,15,26,11,1,0,0,8,13413400,336,383200,13458,8400,206628,1000,119231853,1501173000,1,2015-02-05,A,120
940,01,18,28,31,35,37,39,18,37,35,01,31,28,7,1,272046600,4,34383000,192,859500,9486,15300,178345,1000,0,1731812800,1,2015-02-09,G,150
941,05,12,22,29,38,39,19,29,38,05,22,12,39,3,1,121390700,8,13656300,252,520200,12677,9100,203463,1000,0,1513007000,1,2015-02-12,C,145
942,02,03,14,27,28,38,08,03,28,38,02,14,27,6,0,0,9,11636500,415,302800,17589,6300,244572,1000,116366306,1560450200,1,2015-02-16,F,112
943,09,10,14,15,39,43,25,09,10,39,43,14,15,4,3,87917000,6,22107500,232,686000,11718,11900,200206,1000,0,1732938600,1,2015-02-19,D,130
944,07,20,25,29,33,37,27,25,33,07,29,20,37,10,1,129554500,5,23319600,275,508700,12046,10200,185838,1000,0,1545186200,2,2015-02-23,J,151
945,03,10,15,23,36,37,31,36,37,03,10,23,15,2,2,59488300,3,35692600,265,484800,13957,8100,207406,1000,0,1500672000,2,2015-02-26,B,124
946,02,09,12,16,31,36,41,31,16,36,09,02,12,8,4,29998800,8,13499300,256,506200,13640,8300,212313,1000,0,1520480800,1,2015-03-02,H,106
947,01,06,21,23,27,40,09,27,01,21,06,40,23,5,2,61398000,5,22103000,204,650000,11507,10100,190634,1000,0,1496779000,1,2015-03-05,E,118
948,07,16,17,28,39,43,24,17,39,28,43,07,16,9,0,0,7,15672300,243,541700,11228,10300,177668,1000,121896967,1460108600,1,2015-03-09,I,150
949,05,19,26,36,39,43,09,39,36,05,19,43,26,1,0,0,7,18622600,206,759300,11264,12200,185515,1000,266741384,1678090400,1,2015-03-12,A,168
950,02,06,16,24,30,41,18,41,30,06,16,24,02,3,1,400000000,9,15288100,301,548500,15091,9600,237241,1000,19624312,1863287800,1,2015-03-16,C,119
951,11,15,22,23,26,30,37,26,15,11,23,22,30,7,0,0,3,37349300,289,465200,12726,9300,205751,1000,144123227,1545254400,1,2015-03-19,G,127
952,10,16,22,25,31,39,27,16,31,39,10,22,25,6,2,143126900,13,9839700,332,462300,14747,9100,224937,1000,0,1741978000,1,2015-03-23,F,143
953,02,09,17,38,39,42,20,38,39,02,42,17,09,10,4,30379200,5,21872800,330,397600,12594,9100,190896,1000,0,1486183200,1,2015-03-26,J,147
954,03,23,24,28,29,42,41,28,29,42,23,24,03,2,0,0,3,37315300,212,633600,10939,10800,188407,1000,124385476,1505720800,1,2015-03-30,B,149
955,14,19,27,28,37,42,24,28,37,42,27,19,14,4,1,267084300,4,32106900,236,653000,12689,10700,211286,1000,0,1716608800,1,2015-04-02,D,167
956,01,04,06,22,24,38,34,04,06,22,38,24,01,8,0,0,4,26079900,273,458500,13477,8100,215206,1000,115912032,1491222400,1,2015-04-06,H,95
957,02,11,22,32,36,42,20,32,11,42,22,02,36,5,3,86595800,5,25897300,307,506100,13427,10200,190103,1000,0,1679818200,1,2015-04-09,E,145
958,09,18,23,24,26,30,21,23,24,30,26,09,18,9,2,59353800,6,17805900,235,545500,11307,10000,188815,1000,0,1457007000,1,2015-04-13,I,130
959,01,16,18,28,36,38,42,16,38,28,18,01,36,1,1,135036000,7,17361600,218,668900,10689,12000,175599,1000,0,1570336800,1,2015-04-16,A,137
960,05,18,23,32,35,39,10,35,32,39,23,18,05,4,2,61430200,11,10052100,339,391400,13311,8700,190151,1000,0,1496269600,1,2015-04-20,D,152
961,05,11,17,18,19,25,34,05,11,25,19,18,17,3,1,115013400,7,14787300,345,360000,16266,6700,235668,1000,0,1528840600,1,2015-04-23,C,95
962,04,06,10,24,32,37,35,24,04,10,37,32,06,6,4,29602900,7,15224200,323,395900,14995,7500,219474,1000,0,1522553800,1,2015-04-27,F,113
963,04,23,29,31,32,35,17,04,23,29,31,35,32,7,2,64350000,10,11582900,171,812800,9483,12900,164088,1000,0,1489384600,1,2015-04-30,G,154
964,02,21,23,29,30,43,26,29,02,23,30,21,43,2,0,0,3,35650400,129,994800,7811,14400,142167,1000,118835741,1354464600,1,2015-05-04,B,148
965,10,12,19,20,21,22,13,10,12,21,19,20,22,5,2,126654500,6,20170800,401,362100,14299,8900,216098,1000,0,1655417200,1,2015-05-07,E,104
966,10,22,31,34,36,43,30,43,31,22,10,36,34,10,1,133072000,1,119763800,134,1072500,7613,16600,140833,1000,0,1475915400,1,2015-05-11,J,176
967,01,11,26,30,32,40,08,40,01,26,32,30,11,8,1,123100400,4,27697300,141,942800,8608,13600,150296,1000,0,1409799200,1,2015-05-14,H,140
968,06,10,15,20,23,26,17,20,06,10,15,26,23,9,1,110911400,9,11091000,260,460700,12620,8300,203581,1000,0,1421687600,2,2015-05-18,I,100
969,03,09,19,22,23,40,10,03,22,09,19,23,40,4,1,113134300,13,7832300,237,515500,11689,9200,188835,1000,0,1408345000,2,2015-05-21,D,116
970,02,04,18,23,31,38,01,04,31,23,38,18,02,1,2,55926200,6,16777700,288,419400,14684,7200,199148,1000,0,1420060400,1,2015-05-25,A,116
971,02,03,04,12,22,29,11,03,22,12,02,04,29,6,4,25715300,18,5143000,367,302600,15860,6100,225769,1000,0,1400643800,1,2015-05-28,F,72
972,02,07,17,18,21,40,29,02,17,18,21,07,40,3,1,117796500,13,8155000,184,691400,10071,11100,167141,1000,0,1400880800,1,2015-06-01,C,105
973,01,05,06,12,30,31,24,12,06,31,01,05,30,2,2,49737200,13,6886600,494,217400,17816,5300,227173,1000,0,1374163600,1,2015-06-04,B,85
974,02,03,29,30,32,43,26,03,32,29,02,30,43,7,0,0,5,21359800,189,678000,8868,12700,149283,1000,118666833,1368801800,1,2015-06-08,G,139
975,03,11,13,27,29,36,15,03,11,36,13,27,29,5,0,0,9,12306900,313,424600,14571,8000,220424,1000,241737086,1565375600,1,2015-06-11,E,119
976,06,13,22,28,42,43,29,06,42,28,13,43,22,10,0,0,8,16874200,285,568300,13533,10500,216001,1000,391731490,1790844200,1,2015-06-15,J,154
977,10,15,17,27,42,43,33,15,17,42,43,10,27,9,0,0,6,25241100,234,776600,12198,13100,214139,1000,560007047,1946470400,1,2015-06-18,I,154
978,03,11,19,30,38,42,31,42,38,30,19,03,11,1,1,400000000,8,20054800,292,659300,15030,11200,245252,1000,338273733,2102925600,1,2015-06-22,A,143
979,09,12,16,18,27,38,10,38,27,12,18,16,09,8,1,400000000,13,9727000,422,359500,19760,6700,282042,1000,78776205,1854649400,1,2015-06-25,H,120
980,15,20,23,35,38,42,13,23,35,15,38,20,42,4,3,75206100,6,22026100,240,660700,13412,10400,184617,1000,0,1693554800,1,2015-06-29,D,173
981,14,19,22,23,31,37,21,23,19,14,31,37,22,2,1,120197200,5,21635300,333,389800,14279,8000,199325,1000,0,1493381400,1,2015-07-02,B,146
982,15,19,21,22,29,40,42,19,40,29,15,21,22,6,0,0,3,38465000,170,814500,9155,13300,163901,1000,128218058,1484757000,1,2015-07-06,F,146
983,15,19,32,35,36,38,31,19,15,35,38,32,36,7,1,271689400,6,21520500,181,856000,9903,13800,171870,1000,0,1635769000,1,2015-07-09,G,175
984,14,23,24,28,37,38,20,28,14,23,38,24,37,4,0,0,5,20823000,288,433800,13647,8000,200372,1000,115684719,1456271400,2,2015-07-13,D,164
985,03,11,19,26,29,38,31,38,11,29,03,26,19,3,4,60289500,6,18820800,370,366200,15579,7600,226551,1000,0,1599992600,2,2015-07-16,C,126
986,04,11,17,30,36,43,05,11,43,30,04,36,17,3,2,56736900,4,25531400,228,537500,10314,10400,156759,1000,0,1340033400,1,2015-07-20,C,141
987,03,14,15,24,25,36,33,36,24,25,14,15,03,1,4,27898400,32,3138500,354,340400,14334,7400,188227,1000,0,1393529800,1,2015-07-23,A,117
988,05,06,10,22,34,41,19,22,05,41,34,06,10,5,0,0,7,14713900,225,549300,11100,9800,179699,1000,114443128,1399480800,1,2015-07-27,E,118
989,05,07,31,33,36,39,21,31,33,05,36,07,39,10,1,246688200,6,19836500,170,840100,9865,12700,177905,1000,0,1551070600,1,2015-07-30,J,151
990,04,12,16,27,28,41,42,12,27,28,41,16,04,2,4,26701800,8,12015700,344,335300,14295,7100,200336,1000,0,1378608400,1,2015-08-03,B,128
991,03,18,21,25,29,37,35,03,29,25,21,37,18,9,3,35920900,2,48492800,349,333400,12022,8500,179954,1000,0,1341666400,1,2015-08-06,I,133
992,04,06,08,22,27,38,34,06,38,22,08,27,04,8,0,0,7,12311000,320,323100,16012,5600,227018,1000,95753342,1341299000,1,2015-08-10,H,105
993,01,05,10,32,38,40,18,01,05,32,40,10,38,4,0,0,0,0,192,694400,9449,12400,165736,1000,330330282,1447270800,1,2015-08-13,D,126
994,18,22,29,31,39,43,09,29,18,43,22,31,39,6,0,0,5,27679100,176,943600,9959,14700,181812,1000,484104446,1747901000,1,2015-08-17,F,182
995,07,11,17,21,37,39,36,11,39,21,37,17,07,5,1,400000000,18,7496200,363,446000,16692,8500,251599,1000,234031537,1869362600,1,2015-08-20,E,132
996,01,03,14,26,27,42,25,03,26,14,01,27,42,1,0,0,10,12282100,290,508200,14260,9100,221547,1000,370501171,1684972000,1,2015-08-24,A,113
997,03,05,08,11,33,43,23,43,03,11,33,05,08,10,1,400000000,16,7763100,373,399600,18067,7200,267313,1000,108513197,1800153600,1,2015-08-27,J,103
998,01,03,12,19,26,29,28,26,19,03,12,01,29,7,2,120240500,6,19795000,355,401400,16312,7700,239891,1000,0,1686394600,1,2015-08-31,G,90
999,08,15,17,30,32,36,43,30,17,15,32,08,36,3,0,0,5,22610600,245,553700,11484,10400,181305,1000,125615901,1500691600,1,2015-09-03,C,138
1000,01,15,21,22,26,29,37,01,29,15,21,26,22,2,0,0,8,16056900,303,508700,13791,9800,211620,1000,268345233,1717617200,1,2015-09-07,B,114
1001,09,12,15,16,18,35,02,35,18,12,16,09,15,4,1,400000000,5,24985100,256,585500,14036,9400,231019,1000,7153015,1726454600,1,2015-09-10,D,105
1002,08,14,22,25,27,41,11,25,14,41,22,08,27,9,0,0,11,10121900,317,421400,14901,7900,222179,1000,130866503,1574897000,1,2015-09-14,I,137
1003,13,22,26,34,38,43,42,38,22,34,13,26,43,1,2,136053200,6,21185800,261,584400,12914,10400,200786,1000,0,1680526400,1,2015-09-17,A,176
1004,03,21,23,24,27,32,36,23,24,03,32,27,21,8,1,108151300,7,13905000,245,476700,11895,8600,191147,1000,0,1369935200,1,2015-09-21,H,130
1005,05,13,20,24,25,27,42,05,24,27,25,20,13,6,1,111149300,5,20006700,267,449500,13211,8000,205891,1000,0,1428900000,1,2015-09-24,F,114
1006,07,08,16,31,32,33,12,33,07,31,16,32,08,9,1,124749700,3,37424500,275,489900,11417,10400,182588,1000,0,1495973000,1,2015-09-28,I,127
1007,03,08,17,25,28,43,42,43,08,25,03,28,17,3,1,113492400,5,20428400,349,351200,14109,7600,209079,1000,0,1456461200,1,2015-10-01,C,124
1008,11,14,16,21,24,39,36,39,16,24,21,14,11,5,0,0,3,37173200,184,727300,9773,12000,171520,1000,123911966,1464056000,1,2015-10-05,E,125
1009,03,19,34,36,40,43,28,34,36,03,40,43,19,10,0,0,4,33118900,124,1282000,8302,16800,152322,1000,271108458,1624883600,1,2015-10-08,J,175
1010,06,12,16,24,25,37,17,06,24,37,12,25,16,9,2,196662400,11,9999400,517,255300,20647,5600,275657,1000,0,1680653400,1,2015-10-12,I,120
1011,23,26,27,29,30,43,06,23,27,43,26,30,29,7,1,129960800,4,29240900,172,816000,8546,14400,155577,1000,0,1481490000,1,2015-10-15,G,178
1012,09,11,19,22,27,38,02,38,27,11,09,22,19,2,1,108211900,14,6956400,361,323700,16548,6200,229783,1000,0,1456323000,1,2015-10-19,B,126
1013,03,20,36,38,39,41,22,20,38,41,03,39,36,6,0,0,3,38731600,105,1327900,7587,16200,143472,1000,129106482,1447123400,1,2015-10-22,F,177
1014,02,03,09,19,40,42,06,02,40,19,03,09,42,4,0,0,2,62646500,193,779000,11694,11300,205037,1000,268322168,1672281600,1,2015-10-26,D,115
1015,09,14,20,23,27,32,22,09,32,20,23,27,14,1,1,400000000,2,67680500,318,510700,14713,9700,229339,1000,18724752,1824051400,1,2015-10-29,A,125
1016,01,14,31,32,39,42,34,31,42,14,01,32,39,8,0,0,1,127248600,134,1139500,7989,16800,147595,1000,160113420,1563623000,1,2015-11-02,H,159
1017,01,04,24,30,39,40,05,04,01,24,30,40,39,1,3,103756100,8,17004700,215,759200,10104,14200,181801,1000,0,1724987000,1,2015-11-05,A,138
1018,03,22,25,28,32,39,21,25,39,32,03,22,28,5,0,0,4,26215400,203,619800,11545,9600,187395,1000,116514121,1434682000,1,2015-11-09,E,149
1019,08,14,15,22,25,40,19,40,22,14,08,15,25,7,0,0,4,30280400,298,487700,13339,9600,213949,1000,251095228,1651583200,1,2015-11-12,G,124
1020,02,25,27,28,35,42,06,42,27,35,28,02,25,5,3,133486700,6,22404500,261,618000,12672,11200,216588,1000,0,1786647600,1,2015-11-16,E,159
1021,03,30,32,33,34,39,28,03,39,34,30,32,33,3,0,0,1,113040300,177,766300,8144,14600,146052,1000,125601483,1422225600,1,2015-11-19,C,171
1022,03,15,19,30,34,37,12,37,03,34,30,19,15,1,2,128119200,6,19595300,221,638400,10288,12000,174458,1000,0,1529357400,1,2015-11-23,A,138
1023,09,17,24,25,33,40,43,25,09,33,17,24,40,10,2,58344500,3,35006400,308,409100,12105,9100,172886,1000,0,1403969800,1,2015-11-26,J,148
1024,02,04,05,20,37,43,32,05,37,43,04,20,02,5,0,0,6,18321300,160,824400,8734,13300,158788,1000,122143275,1420305600,2,2015-11-30,E,111
1025,10,17,20,21,36,43,34,43,21,17,10,20,36,9,1,260943800,5,24983800,146,1026700,9129,14400,157394,1000,0,1562780800,2,2015-12-03,I,147
1026,01,08,11,17,22,26,31,01,08,17,11,26,22,9,2,52917100,11,8659000,400,285700,16724,6000,228080,1000,0,1431759800,1,2015-12-07,I,85
1027,13,16,17,19,20,38,18,38,13,16,17,20,19,3,0,0,5,21773700,165,791700,8349,13800,151310,1000,120966218,1393401200,1,2015-12-10,C,123
1028,07,10,18,21,28,36,40,28,36,21,07,18,10,2,4,62660500,6,19451200,306,457600,14237,8600,216466,1000,0,1614308000,1,2015-12-14,B,120
1029,05,13,22,31,37,39,04,22,37,13,39,31,05,1,1,119024800,16,6695000,305,421400,13102,8600,188473,1000,0,1459019400,1,2015-12-17,A,147
1030,04,09,17,20,23,42,19,23,20,17,09,42,04,6,0,0,7,15109300,272,466600,12278,9100,189165,1000,117518400,1447392000,1,2015-12-21,F,115
1031,02,04,07,22,32,35,01,07,32,02,35,22,04,4,0,0,4,30377500,198,736400,11909,10800,201973,1000,252531046,1628741200,1,2015-12-24,D,102
1032,11,20,21,30,36,43,17,30,36,21,43,11,20,8,0,0,15,9625100,211,821100,12124,12600,197770,1000,412952008,1841451400,1,2015-12-28,H,161
1033,01,15,21,24,37,41,07,21,01,15,24,37,41,7,2,282753200,12,11441400,275,599100,12533,11500,213441,1000,0,1807528800,1,2016-01-04,G,139
1034,14,20,24,25,31,32,29,32,14,25,24,31,20,4,1,127300500,6,19094900,185,743100,9540,12700,165368,1000,0,1479999000,1,2016-01-07,D,146
1035,09,15,17,19,27,33,40,09,33,17,19,27,15,1,0,0,7,14638400,243,506000,12436,8700,198214,1000,113855362,1435488600,1,2016-01-11,A,120
1036,02,08,17,27,30,31,13,17,02,31,30,27,08,10,4,61726800,11,10885900,325,442100,14581,8600,216644,1000,0,1644210000,1,2016-01-14,J,115
1037,01,03,12,13,21,32,41,12,01,03,21,13,32,3,1,113813400,21,4877600,272,451900,13238,8100,202034,1000,0,1443611200,1,2016-01-18,C,82
1038,03,07,24,25,27,39,20,07,27,24,25,39,03,9,2,52512600,17,5560100,514,220600,17217,5800,234727,1000,0,1439459600,1,2016-01-21,I,125
1039,06,09,20,34,37,41,25,09,37,41,20,34,06,5,0,0,5,22509000,144,937800,8495,14000,147378,1000,125051453,1420365400,1,2016-01-25,E,147
1040,07,13,15,21,23,34,12,34,13,21,07,15,23,6,4,65169100,4,30515400,284,515700,13495,9500,211732,1000,0,1655782000,1,2016-01-28,F,113
1041,14,22,27,29,33,37,24,33,27,37,14,22,29,2,3,39365300,4,26571400,268,475900,13351,8400,201271,1000,0,1479343600,1,2016-02-01,B,162
1042,04,10,11,12,18,25,36,25,11,04,12,10,18,4,12,8291100,17,5267200,663,162000,22031,4300,257868,1000,0,1442538800,1,2016-02-04,D,80
1043,21,29,30,32,38,42,16,29,38,32,30,21,42,6,1,132237700,2,59506400,135,1057800,7237,17400,135837,1000,0,1457522000,1,2016-02-08,F,192
1044,03,07,16,26,34,39,23,03,16,07,39,34,26,8,1,111439200,11,9117600,260,462800,11750,9000,183459,1000,0,1381584400,1,2016-02-11,H,125
1045,01,19,21,30,31,43,18,19,30,31,01,43,21,7,2,64732900,4,29129500,193,724400,9072,13500,150132,1000,0,1465063800,1,2016-02-15,G,145
1046,06,13,17,18,27,43,21,27,17,13,18,43,06,4,0,0,4,26537100,223,571200,11877,9400,196801,1000,117943963,1468080000,1,2016-02-18,D,124
1047,05,09,13,31,32,35,26,09,32,05,35,31,13,1,1,254367900,18,6821100,287,513300,12092,10700,197142,1000,0,1630339800,1,2016-02-22,A,125
1048,26,27,30,31,34,40,20,26,31,27,34,30,40,10,0,0,3,39578100,149,956200,7164,17500,135576,1000,131928303,1454237400,1,2016-02-25,J,188
1049,03,06,15,23,24,31,11,24,23,06,15,31,03,5,1,254007900,12,9155800,451,292300,18708,6200,258068,1000,0,1640372000,2,2016-02-29,E,102
1050,03,08,14,28,31,43,35,08,31,28,14,43,03,1,3,38678500,9,11603400,325,385500,13239,8300,200585,1000,0,1459812200,2,2016-03-03,A,127
1051,05,13,20,28,30,32,16,05,13,32,20,30,28,3,1,119160600,1,107243600,247,521000,11351,10000,180178,1000,0,1441773200,1,2016-03-07,C,128
1052,06,26,34,37,42,43,13,26,34,43,42,06,37,2,0,0,10,11211500,130,1034900,8010,14800,142007,1000,124574314,1404260000,1,2016-03-10,B,188
1053,04,11,23,27,35,42,15,35,23,11,04,27,42,5,3,82239100,23,4779400,412,320100,15393,7500,216691,1000,0,1548977800,1,2016-03-14,E,142
1054,07,09,10,19,28,33,36,09,33,07,28,10,19,8,1,107805100,9,10780400,329,353800,13690,7500,206139,1000,0,1400225200,1,2016-03-17,H,106
1055,05,11,20,25,26,32,06,32,11,05,25,20,26,3,0,0,10,9432500,254,445600,12223,8100,184437,1000,104806984,1325796800,1,2016-03-21,C,119
1056,14,16,19,29,32,37,24,32,19,14,29,37,16,6,0,0,7,17268200,197,736300,10229,12500,168887,1000,239117105,1549077200,1,2016-03-24,F,147
1057,02,11,19,21,28,38,25,11,19,28,21,02,38,9,1,376797400,10,12391100,304,489100,14181,9200,230885,1000,0,1716303600,1,2016-03-28,I,119
1058,11,12,17,23,29,43,37,17,11,43,12,29,23,10,1,115484500,8,12991900,250,498800,12891,8500,196365,1000,0,1445618000,1,2016-03-31,J,135
1059,08,26,27,29,35,43,06,43,35,08,27,29,26,7,2,61718600,5,22218500,179,744700,9556,12300,160376,1000,0,1435143400,1,2016-04-04,G,168
1060,05,10,16,17,32,37,36,16,05,10,32,37,17,1,1,112704100,4,25358200,256,475400,10719,10000,176459,1000,0,1377083400,1,2016-04-07,A,117
1061,01,12,14,16,20,29,04,14,16,01,20,12,29,9,1,121147800,7,15576000,200,654100,10082,11400,170517,1000,0,143770400,1,2016-04-11,I,92
1062,02,07,28,39,42,43,41,42,28,07,02,43,39,4,0,0,1,107383400,155,831300,9107,12400,163002,1000,119316010,1404961800,1,2016-04-14,D,161
1063,06,12,13,34,38,42,41,34,13,12,42,38,06,3,2,127447200,3,40673100,311,470800,13335,9600,210535,1000,0,1652712600,1,2016-04-18,C,145
1064,04,13,18,27,30,39,34,13,27,04,30,39,18,2,1,112756900,11,9225400,337,361300,13852,7700,197217,1000,0,1423673400,1,2016-04-21,B,131
1065,11,13,27,37,41,42,40,41,11,42,37,27,13,5,2,61590200,1,110861400,220,604600,10286,11400,174906,1000,0,1465188000,1,2016-04-25,E,171
1066,02,11,29,36,40,42,17,42,02,29,36,11,40,6,2,62523100,9,12504500,150,900300,8782,13500,152781,1000,0,1432326200,1,2016-04-28,F,160
1067,05,09,25,27,28,33,10,33,27,25,05,28,09,8,1,108258500,11,8857300,287,407300,14127,7300,218639,1000,0,1431965800,1,2016-05-02,H,127
1068,03,09,21,34,35,42,04,34,09,21,42,03,35,9,1,110869000,3,33260400,166,721300,8710,12100,145310,1000,0,1291825800,1,2016-05-05,I,144
1069,12,17,26,30,33,40,08,33,12,40,26,30,17,7,4,30234500,9,12093700,184,709800,9501,12100,157175,1000,0,1406191400,1,2016-05-09,G,158
1070,11,21,25,34,35,36,15,36,35,34,21,11,25,4,0,0,5,21929900,173,760500,7986,14500,144986,1000,121834155,1386933000,1,2016-05-12,D,162
1071,01,10,25,27,31,40,03,25,10,01,40,31,27,7,2,126632600,10,11828700,286,496300,11483,10900,188142,1000,0,1566706400,2,2016-05-16,G,134
1072,03,17,20,32,36,43,04,20,17,36,03,43,32,1,2,59091100,6,17727100,302,422600,10227,11000,152410,1000,0,1371515400,2,2016-05-19,A,151
1073,01,03,05,08,20,39,30,39,08,03,05,01,20,10,0,0,6,16236800,255,458400,12971,7900,196338,1000,108246759,1382304600,1,2016-05-23,J,76
1074,08,09,16,27,30,33,19,08,27,09,33,30,16,3,2,115607900,13,8513100,295,450100,13570,8600,212559,1000,0,1547014000,1,2016-05-26,C,123
1075,07,08,21,24,34,42,01,08,21,34,42,07,24,9,0,0,5,20547500,181,681100,9771,11100,168233,1000,114154317,1371476800,1,2016-05-30,I,136
1076,21,22,24,30,31,43,19,24,30,31,21,22,43,6,0,0,2,63286300,189,803600,8612,15500,157572,1000,254791972,1579230800,1,2016-06-02,F,171
1077,01,04,09,23,30,36,05,30,01,04,36,09,23,2,2,197901400,13,9762200,321,474400,15244,8800,231542,1000,0,1746870800,1,2016-06-06,B,103
1078,03,12,20,33,35,41,34,03,41,35,12,20,33,5,1,115777800,3,34733000,199,628300,9609,11400,157806,1000,0,1362494000,1,2016-06-09,E,144
1079,08,12,19,24,30,36,42,30,12,08,24,19,36,8,4,26765200,9,10706000,393,294200,14781,6900,193542,1000,0,1365728800,1,2016-06-13,H,129
1080,06,15,16,19,38,41,23,15,19,38,16,41,06,9,1,118773200,12,8907900,215,596600,10966,10300,172913,1000,0,1422243200,1,2016-06-16,I,135
1081,06,08,13,17,18,20,28,18,17,08,06,13,20,4,0,0,6,16932600,240,507900,12616,8500,202671,1000,112885276,1436915200,1,2016-06-20,D,82
1082,09,12,19,21,39,40,16,09,21,40,12,39,19,7,2,121707300,5,23495000,309,456200,13159,9400,202405,1000,0,1590521000,1,2016-06-23,G,140
1083,10,13,15,18,25,38,20,13,25,38,18,15,10,4,3,38342600,2,51762100,280,443600,12477,8700,191647,1000,0,1431143200,1,2016-06-27,D,119
1084,01,07,20,28,34,38,16,20,38,28,01,34,07,1,2,62278200,9,12455500,170,791200,8315,14200,152233,1000,0,1426828600,1,2016-06-30,A,128
1085,03,20,21,30,34,35,23,20,21,30,34,35,03,10,1,120330700,4,27074100,264,492200,10882,10500,158671,1000,0,1404205400,1,2016-07-04,J,143
1086,03,07,09,31,38,43,29,38,09,31,07,43,03,1,0,0,5,20635100,176,703400,10120,10700,177784,1000,114640897,1396953600,1,2016-07-07,A,131
1087,10,13,26,27,30,36,06,36,10,27,26,30,13,5,1,245458400,6,19622400,214,660100,12149,10200,199421,1000,0,1586408200,1,2016-07-11,E,142
1088,05,08,16,24,32,33,22,33,24,16,05,08,32,6,2,52484700,13,7267000,514,220500,16121,6200,193377,1000,0,1347083600,1,2016-07-14,F,118
1089,05,17,19,22,41,42,04,05,41,19,42,22,17,8,1,110844700,8,12469900,198,604600,9164,11500,150369,1000,0,1302855400,2,2016-07-18,H,146
1090,03,10,15,22,27,40,23,40,03,27,15,22,10,3,2,52371900,9,10474300,374,302400,13630,7300,191289,1000,0,1340472800,2,2016-07-21,C,117
1091,21,22,24,26,28,30,38,30,22,28,26,24,21,3,15,8046100,2,54310800,347,375600,8833,13000,139155,1000,0,1363992400,1,2016-07-25,C,151
1092,02,11,18,27,30,33,14,30,02,33,11,18,27,2,1,104835100,11,8577300,257,440500,13016,7600,195486,1000,0,1350596600,1,2016-07-28,B,121
1093,04,19,26,40,42,43,09,43,04,19,42,26,40,9,0,0,3,35760000,146,881700,8073,14000,136131,1000,119201119,1344244400,1,2016-08-01,I,174
1094,06,07,20,24,28,43,11,06,24,43,28,07,20,7,1,243901900,7,16032800,245,549600,11565,10200,190507,1000,0,1513143200,1,2016-08-04,G,128
1095,03,06,15,18,23,27,38,18,23,03,27,06,15,10,2,46378400,18,4637800,471,212600,17901,4900,226412,1000,0,1313766000,1,2016-08-08,J,92
1096,06,19,21,31,38,41,40,31,38,06,21,41,19,6,0,0,3,32235500,256,453300,8542,11900,140731,1000,107452884,1251795600,1,2016-08-11,F,156
1097,01,05,08,14,19,21,04,05,21,08,19,01,14,5,1,220816300,11,9275100,309,396200,14524,7400,217395,1000,0,1473814200,1,2016-08-15,E,68
1098,01,19,31,33,35,43,29,19,33,01,35,43,31,2,0,0,5,22216900,109,1222900,6443,18200,121343,1000,123428429,1348325800,1,2016-08-18,B,162
1099,06,08,12,17,18,24,35,17,24,12,08,06,18,4,5,45971700,6,15964400,495,232200,20738,4800,259629,1000,0,1507076600,1,2016-08-22,D,85
1100,02,06,16,23,32,35,37,02,23,06,35,32,16,1,3,37958600,7,14641000,316,389100,12108,8900,183363,1000,0,1402666000,1,2016-08-25,A,114
1101,04,05,07,10,13,16,01,07,13,16,10,04,05,8,1,104501300,18,5225000,352,320600,14895,6600,215598,1000,0,1392372800,1,2016-08-29,H,55
1102,03,06,09,13,36,37,32,37,36,06,13,03,09,3,2,53346000,5,19204400,334,344900,14321,7000,207390,1000,0,1393278200,1,2016-09-01,C,104
1103,08,13,14,18,24,38,25,13,38,14,18,24,08,2,0,0,8,12223700,256,458300,13401,7700,199579,1000,108656081,1393084000,1,2016-09-05,B,115
1104,15,25,32,33,36,38,40,15,32,38,33,36,25,9,1,240488900,8,14831000,147,968500,9710,12900,166967,1000,0,1523161000,1,2016-09-08,I,179
1105,12,15,25,31,39,40,26,25,12,39,40,15,31,7,3,39244000,4,26489500,176,722400,10118,11000,165330,1000,0,1396293800,1,2016-09-12,G,162
1106,01,04,08,10,18,33,15,10,04,01,08,18,33,2,3,35491900,7,13689600,285,403400,13184,7600,193826,1000,0,1361246000,1,2016-09-15,B,74
1107,06,07,12,22,30,33,36,06,33,12,30,07,22,10,1,99931500,5,17987500,233,463100,11718,8100,184362,1000,0,1283022000,1,2016-09-19,J,110
1108,12,25,29,32,38,43,35,12,32,43,29,25,38,1,0,0,2,49302700,217,545200,8895,11700,144072,1000,109562711,1277658400,1,2016-09-22,A,179
1109,06,08,14,27,36,42,28,06,42,27,36,14,08,6,2,116339700,12,9233600,355,374500,15025,7800,223291,1000,0,1572153400,1,2016-09-26,F,133
1110,01,06,21,34,36,39,29,34,39,21,36,01,06,5,1,119660300,3,35897700,138,936400,7404,15300,139014,1000,0,1354664600,1,2016-09-29,E,137
1111,06,16,17,27,33,41,42,17,41,16,33,06,27,4,2,56059200,5,20181100,249,486200,10910,9700,173574,1000,0,1365553600,1,2016-10-03,D,140
1112,06,09,15,19,39,42,34,06,39,15,09,19,42,8,0,0,1,98295100,218,541000,10804,9600,171416,1000,109217758,1335408200,1,2016-10-06,H,130
1113,01,12,14,26,34,41,06,01,34,14,26,41,12,3,1,232610100,15,7403400,216,616900,10805,10800,172551,1000,0,1461806600,1,2016-10-10,C,128
1114,02,07,09,28,38,39,26,02,09,38,39,28,07,6,0,0,8,11980300,190,605300,10923,9200,174790,1000,106492819,1319092000,1,2016-10-13,F,123
1115,03,10,12,26,38,42,04,12,03,42,38,26,10,9,4,56683600,11,9837800,417,311400,16046,7100,232595,1000,0,1567704400,1,2016-10-17,I,131
1116,01,11,33,34,35,38,29,33,38,35,01,11,34,2,0,0,0,0,168,764000,7807,14500,138057,1000,225823223,1345498000,1,2016-10-20,B,152
1117,02,06,07,09,19,23,21,09,19,02,07,23,06,7,2,174617600,8,13883700,567,235000,21364,5500,282219,1000,0,1795685400,1,2016-10-24,G,66
1118,01,11,21,25,34,36,28,36,01,11,21,34,25,5,0,0,6,17537400,281,449300,9877,11200,164430,1000,116917626,1387175000,1,2016-10-27,E,128
1119,03,06,15,21,42,43,11,42,43,03,15,21,06,10,3,81465700,7,16390000,324,424900,13580,8900,211017,1000,0,1583005400,1,2016-10-31,J,130
1120,10,12,13,29,35,39,33,10,35,29,13,12,39,6,0,0,4,25024400,178,674800,9105,11600,156071,1000,111220831,1318813600,1,2016-11-03,F,138
1121,02,08,31,38,40,42,41,31,38,08,40,02,42,8,0,0,3,41424200,164,909300,9921,13200,178687,1000,249302847,1603818600,1,2016-11-07,H,161
1122,22,24,29,31,32,34,40,22,29,34,31,24,32,1,0,0,1,135292500,182,892000,8596,16600,159494,1000,399629190,1668174000,1,2016-11-10,A,172
1123,04,08,23,29,34,35,15,08,04,35,23,34,29,4,3,184681300,15,9264800,246,677900,14227,10300,231821,1000,0,1864632400,1,2016-11-14,D,133
1124,01,16,24,28,40,42,33,01,24,42,28,40,16,3,1,120119000,2,54053100,192,675600,8881,12800,146276,1000,0,1374811000,1,2016-11-17,C,151
1125,02,16,19,20,24,36,27,19,20,36,24,16,02,8,0,0,7,14989700,201,626400,10191,10800,165665,1000,116587730,1387036400,1,2016-11-21,H,117
1126,04,05,26,30,34,42,27,05,42,04,34,26,30,9,2,121776000,6,19044400,163,841200,9404,12800,166812,1000,0,1480269000,1,2016-11-24,I,141
1127,09,15,17,21,23,42,24,42,23,15,09,17,21,2,0,0,3,34377200,235,526600,10996,9900,177119,1000,114591920,1395047800,2,2016-11-28,B,127
1128,03,15,21,29,30,35,39,30,03,21,15,35,29,5,0,0,8,14655600,318,442400,13056,9500,196830,1000,244865806,1575899000,2,2016-12-01,E,133
1129,06,11,19,28,30,43,32,06,11,30,19,28,43,7,2,193235600,13,9803300,350,436900,15340,8700,233083,1000,0,1755490400,1,2016-12-05,G,137
1130,01,11,37,38,39,42,26,37,38,01,42,39,11,10,1,121251200,5,21825000,214,611900,9379,12300,152854,1000,0,1399323400,1,2016-12-08,J,168
1131,06,12,25,36,38,41,18,41,36,12,38,06,25,5,2,54306800,15,6516700,474,247400,15952,6400,210055,1000,0,1415993400,1,2016-12-12,E,158
1132,04,05,24,29,33,35,40,29,35,05,33,04,24,6,1,116000500,2,52199700,200,626300,10015,1100,174763,1000,0,1402122800,1,2016-12-15,F,130
1133,03,18,19,20,37,38,09,19,38,37,18,20,03,1,0,0,9,12135900,218,601200,10331,11100,172860,1000,121360932,1444739600,1,2016-12-19,A,135
1134,05,06,12,14,30,38,29,30,14,12,38,06,05,3,0,0,15,7264000,318,411100,15140,7600,242773,1000,242429091,1597543200,1,2016-12-22,C,105
1135,20,22,28,29,32,41,14,28,32,41,22,20,29,9,0,0,4,36650300,163,1079200,9168,16900,171912,1000,405320947,1805583000,1,2016-12-26,I,172
1136,03,04,07,08,22,33,18,03,07,08,04,22,33,10,1,400000000,17,7754200,451,350700,20985,6600,304439,1000,151792210,1956583400,1,2016-12-29,J,77
1137,01,18,21,31,37,41,20,31,18,37,21,41,01,6,0,0,4,33328600,279,573300,13786,10200,175278,1000,299920710,1684042000,1,2017-01-05,F,149
1138,08,15,21,24,35,38,22,15,38,24,35,21,08,5,0,0,6,21156000,367,415000,16193,8200,237752,1000,440962245,1760938200,1,2017-01-09,E,141
1139,04,06,14,17,23,33,26,04,23,14,33,17,06,4,1,400000000,9,14843800,337,475700,17517,8000,272459,1000,189401711,1902717400,1,2017-01-12,D,97
1140,11,21,30,31,36,37,23,31,36,21,30,11,37,8,1,331666000,8,16004500,204,753100,11492,11700,182252,1000,0,1648291200,1,2017-01-16,H,166
1141,01,04,10,14,24,26,29,24,14,10,04,26,01,7,3,37793100,4,25510100,334,366600,14334,7500,203639,1000,0,1443386200,1,2017-01-19,G,79
1142,12,13,19,23,28,35,31,28,35,19,13,23,12,2,1,112869100,7,14511600,250,487500,12927,8300,196772,1000,0,1423665400,1,2017-01-23,B,130
1143,19,21,31,39,42,43,29,21,42,43,19,39,31,1,1,126349600,5,22742700,141,967700,7737,15500,138227,1000,0,1411375400,1,2017-01-26,A,195
1144,07,13,14,33,39,43,29,07,14,13,43,33,39,3,1,124530000,3,37358600,208,646500,10199,11600,164448,1000,0,1453742200,1,2017-01-30,C,149
1145,01,04,15,18,25,28,36,01,04,15,18,28,25,6,0,0,3,33835800,269,452800,12030,8900,19292,1000,112787035,1412992200,1,2017-02-02,F,91
1146,01,10,19,23,26,34,27,23,19,34,01,10,26,10,2,124691200,5,24586900,275,536400,11920,10900,197804,1000,0,1633310200,1,2017-02-06,J,113
1147,02,03,10,16,26,27,23,27,03,16,10,02,26,5,2,102768800,13,4743300,484,137500,15880,4400,221368,1000,0,1390071200,1,2017-02-09,E,84
1148,03,05,16,23,31,43,39,16,23,03,31,05,43,9,0,0,9,7745500,286,263200,12463,6300,192732,1000,232357669,1443631800,1,2017-02-13,I,121
1149,02,14,22,23,35,43,31,23,35,43,14,02,22,2,0,0,9,9621000,315,296800,13606,7200,207026,1000,520980964,1721261400,1,2017-02-16,B,139
1150,07,11,17,27,32,40,18,32,17,07,11,27,40,4,4,210763700,13,7432700,421,247800,17894,6100,254987,1000,0,1974011600,1,2017-02-20,D,134
1151,05,23,25,26,29,31,19,05,23,25,26,31,29,5,1,200000000,6,11877700,227,339000,11400,7100,188551,1000,37547727,1457019800,1,2017-02-23,E,139
1152,06,08,10,33,35,43,22,08,43,35,06,33,10,7,0,0,7,11649000,183,481200,10419,8900,188674,1000,309349226,1606972600,2,2017-02-27,G,135
1153,04,15,20,24,26,30,29,30,20,04,26,15,24,8,0,0,7,12513200,265,356900,14004,7100,223686,1000,601316116,1772894200,2,2017-03-02,H,119
1154,08,12,30,36,41,42,04,42,12,30,36,41,08,1,2,427134000,11,9353500,329,337700,14813,7900,237756,1000,0,2026951400,1,2017-03-06,A,169
1155,14,19,22,23,28,43,25,14,22,23,28,43,19,7,0,0,2,35719700,222,347500,11858,6800,185000,1000,238123706,1453490000,1,2017-03-09,G,149
1156,03,06,19,31,35,40,12,06,40,35,03,31,19,8,0,0,5,17651700,257,370800,13099,7600,214518,1000,532309257,1762215800,1,2017-03-13,H,134
1157,05,17,20,28,39,42,01,20,39,17,42,05,28,6,1,600000000,6,16203700,361,290800,14908,7400,225173,1000,256373097,1916453400,1,2017-03-16,F,151
1158,22,24,27,30,32,40,23,32,24,27,30,40,22,4,2,273100900,4,21737800,153,613700,8610,11500,159064,1000,0,1619946800,1,2017-03-20,D,175
1159,01,04,15,16,23,30,17,04,30,23,01,15,16,10,1,200000000,8,8073900,322,216600,15157,4800,202033,1000,15299173,1389759800,1,2017-03-23,J,89
1160,09,22,31,32,34,43,24,43,09,22,32,31,34,3,1,281850900,5,15993600,140,616800,8006,11300,148235,1000,0,1494168200,1,2017-03-27,C,171
1161,01,02,12,16,19,40,18,02,12,19,16,01,40,9,1,200000000,4,17683000,169,452000,9989,8000,173373,1000,35766902,1415509200,1,2017-03-30,I,90
1162,03,04,08,12,24,37,10,24,04,12,08,37,03,2,0,0,15,4228500,533,128500,20365,3500,265661,1000,247187990,1514209200,1,2017-04-03,B,88
1163,11,17,19,24,33,41,09,41,33,11,24,19,17,5,1,522072300,8,10308500,293,303900,13538,6900,211028,1000,0,1670119400,1,2017-04-06,E,145
1164,04,07,11,33,34,37,24,33,37,11,04,07,34,1,1,200000000,12,5738000,254,292700,12054,6500,186238,1000,29513853,1416774000,1,2017-04-10,A,126
1165,18,20,21,24,40,42,25,42,40,24,20,18,21,6,1,285641000,7,10977200,182,455900,8533,10200,149378,1000,0,1451155800,1,2017-04-13,F,165
1166,04,08,17,20,29,41,03,17,08,04,29,20,41,9,1,200000000,12,5951900,334,230900,12886,6300,185092,1000,38069652,1451613800,1,2017-04-17,I,119
1167,06,13,20,25,36,42,28,36,42,25,20,06,13,7,3,97676200,12,6374100,285,289800,12469,7000,186704,1000,0,1528998400,1,2017-04-20,G,142
1168,01,03,08,14,35,39,18,39,08,01,35,03,14,8,0,0,5,14103000,200,380700,11809,6800,195791,1000,235042467,1462161400,1,2017-04-24,H,100
1169,19,24,25,36,37,43,10,24,36,43,37,19,25,4,1,525593200,2,43584000,300,313700,12042,8200,197378,1000,0,1708244000,1,2017-04-27,D,184
1170,01,08,13,19,23,28,39,01,19,13,23,08,28,10,2,112794200,5,13535700,324,225500,14195,5400,215673,1000,0,1465032800,1,2017-05-01,J,92
1171,09,10,13,21,34,36,40,36,09,10,21,34,13,3,3,75591500,8,8504300,196,374800,9078,8500,153236,1000,0,1331466600,1,2017-05-04,C,123
1172,03,10,31,32,38,39,15,32,03,31,38,39,10,2,0,0,6,12203400,187,422800,8950,9300,156242,1000,244061225,1413684200,1,2017-05-08,B,153
1173,05,07,11,16,33,38,25,38,05,11,16,33,07,5,2,245503400,17,4358000,379,211100,16837,5000,246227,1000,0,1626255000,1,2017-05-11,E,110
1174,07,08,09,25,29,31,28,09,25,07,31,29,08,9,0,0,10,6684500,268,269300,12582,6000,195563,1000,222811225,1408207600,1,2017-05-15,I,109
1175,02,04,06,21,27,37,10,27,02,06,04,21,37,2,1,469005400,13,5681500,357,223400,16235,5100,244460,1000,0,1619045000,1,2017-05-18,B,97
1176,02,09,18,23,29,32,34,09,29,23,02,18,32,6,2,113683200,5,13642400,343,214700,12329,6300,178351,1000,0,1389864400,1,2017-05-22,F,113
1177,02,05,21,22,23,38,36,05,23,21,22,38,02,1,1,200000000,7,9195400,267,260300,12979,5600,196818,1000,14553105,1374910800,1,2017-05-25,A,111
1178,16,17,20,22,29,40,31,16,29,17,20,22,40,5,0,0,2,38521200,145,573800,8921,9800,153552,1000,271353304,1463372200,1,2017-05-29,E,144
1179,05,12,27,36,39,40,37,05,36,39,12,27,40,7,0,0,9,8965800,272,320300,13286,6900,204998,1000,540321223,1630866200,1,2017-06-01,G,159
1180,02,04,05,13,18,21,40,21,13,05,02,04,18,10,0,0,7,12405500,380,246700,17354,5700,271903,1000,829773653,1869055600,1,2017-06-05,J,63
1181,15,16,17,29,31,32,12,31,15,16,29,32,17,6,2,589180700,4,26144900,376,300300,15734,7500,240752,1000,0,2058236400,1,2017-06-08,F,140
1182,05,06,10,13,24,33,40,10,24,33,13,06,05,4,4,52790500,7,9050100,308,222100,14460,4900,220368,1000,0,1412426400,1,2017-06-12,D,91
1183,02,19,22,25,32,36,39,32,02,19,25,36,22,8,0,0,4,17969600,172,451300,9751,8400,166975,1000,239586911,1417983800,1,2017-06-15,H,136
1184,02,06,21,30,31,36,41,31,06,36,30,02,21,3,0,0,4,21252700,325,282400,13247,7300,213823,1000,522947436,1713369000,1,2017-06-19,C,126
1185,06,15,18,26,27,31,38,27,31,26,15,18,06,9,1,600000000,10,9011000,377,258100,17174,5900,263353,1000,223304816,1897707200,1,2017-06-22,I,123
1186,08,10,20,25,38,43,39,38,25,08,43,10,20,2,0,0,5,17591100,228,416600,12386,8100,206464,1000,516480549,1739905400,2,2017-06-26,B,144
1187,03,13,18,20,24,31,37,24,13,03,20,18,31,10,1,600000000,8,11730300,301,336700,15090,7000,244160,1000,229279477,1909422200,2,2017-06-29,J,109
1188,03,09,19,20,23,30,14,09,20,19,03,23,30,1,4,123969400,8,9997700,402,214800,17431,5200,244764,1000,0,1708881000,1,2017-07-03,A,104
1189,08,24,28,30,38,41,32,28,41,08,30,24,38,5,1,200000000,3,25063900,160,507500,9950,8600,167540,1000,50631101,1467499400,1,2017-07-06,E,169
1190,01,03,13,29,38,39,08,01,29,38,03,13,39,8,0,0,7,11250700,191,445300,10987,8100,185154,1000,313139337,1558541400,1,2017-07-10,H,123
1191,03,05,11,20,25,32,30,25,03,32,11,05,20,9,2,291801500,5,16228300,438,200000,16621,5500,247922,1000,0,1732789600,1,2017-07-13,I,96
1192,15,17,18,22,30,39,28,30,18,15,22,17,39,1,0,0,5,13824500,238,313600,9826,8000,153499,1000,230401766,1347900600,1,2017-07-17,A,141
1193,01,02,07,08,10,42,28,01,07,02,08,42,10,7,0,0,5,15062800,327,248700,16158,5300,239004,1000,481440653,1628090200,1,2017-07-20,G,70
1194,12,18,20,23,33,40,01,40,12,23,18,20,33,3,2,394326500,7,13166600,228,436500,12111,8600,209436,1000,0,1807846400,2,2017-07-24,C,146
1195,01,04,17,22,35,42,07,22,17,35,01,42,04,2,5,46954900,4,17608600,255,298300,10543,7600,165130,1000,0,1392855000,2,2017-07-27,B,121
1196,06,07,19,31,39,41,14,19,07,41,06,31,39,6,1,200000000,3,22883700,216,343200,11028,7100,180023,1000,28830082,1399975000,1,2017-07-31,F,143
1197,03,24,28,36,37,39,27,37,24,36,03,28,39,1,2,133476300,2,35719500,189,408200,10904,7400,181310,1000,0,1443440800,1,2017-08-03,A,167
1198,01,14,20,26,27,34,33,27,34,26,01,20,14,4,1,200000000,4,16698100,200,360600,10211,7400,155594,1000,22635058,1318617800,1,2017-08-07,D,122
1199,09,10,11,20,28,40,17,20,28,11,40,09,10,10,2,124149600,7,9671600,279,262000,12758,6000,187608,1000,0,1402996800,1,2017-08-10,J,118
1200,02,08,10,12,31,42,21,08,02,42,10,31,12,7,1,186945300,5,11217000,272,222600,13393,4700,192619,1000,0,1244941400,1,2017-08-14,G,105
1201,01,15,19,22,26,28,33,01,26,19,22,28,15,9,1,200000000,8,8344300,190,379400,11053,6800,169391,1000,22509741,1348730200,1,2017-08-17,I,111
1202,09,12,15,19,26,39,28,19,26,39,12,15,09,5,0,0,15,4580200,287,258500,12981,6000,197977,1000,251516681,1440645600,1,2017-08-21,E,120
1203,02,04,06,37,39,42,41,06,02,42,37,39,04,8,0,0,3,26755000,218,397600,11542,7900,193197,1000,519058296,1598409200,1,2017-08-24,H,130
1204,10,20,21,24,39,43,17,24,39,20,43,21,10,3,1,600000000,11,9295200,239,462000,13330,8700,222051,1000,259874500,1982718800,1,2017-08-28,C,157
1205,12,25,26,32,35,42,02,26,12,35,32,25,42,6,0,0,12,7372300,229,417200,10902,9200,186995,1000,554757354,1704100600,1,2017-08-31,F,172
1206,11,19,20,26,32,33,22,20,26,11,19,32,33,2,3,298063900,9,11314800,328,335200,15141,7600,236909,1000,0,2009699400,1,2017-09-04,B,141
1207,06,16,17,20,22,43,34,43,20,16,22,17,06,3,0,0,6,12518700,142,571200,9054,9400,161484,1000,250367098,1452888000,1,2017-09-07,C,124
1208,05,14,20,30,38,41,08,30,05,38,14,20,41,1,2,278697200,10,9211100,245,406000,12613,8300,202770,1000,0,1792224400,1,2017-09-11,A,148
1209,11,12,24,32,38,40,07,32,38,24,11,40,12,4,0,0,5,14124200,227,335900,11198,7100,174254,1000,235396540,1415848600,1,2017-09-14,D,157
1210,05,06,12,16,23,36,09,05,12,23,36,16,06,10,1,474683600,18,3988200,379,204500,18056,4500,257079,1000,0,1616904800,1,2017-09-18,J,98
1211,03,08,24,25,26,28,43,26,03,08,25,24,28,7,4,51872600,9,6916500,354,189900,15478,4500,225683,1000,0,1408193800,1,2017-09-21,G,114
1212,02,16,27,35,40,42,25,02,42,40,16,27,35,8,1,200000000,4,18797200,179,453600,9293,9200,153659,1000,50621917,1436612600,1,2017-09-25,H,162
1213,03,13,22,26,30,39,01,03,30,26,39,13,22,5,1,287589500,10,7109200,286,268400,11979,6700,191061,1000,0,1460062600,1,2017-09-28,E,133
1214,02,19,23,30,33,36,40,19,02,23,33,30,36,6,4,60794100,2,36477700,170,463400,9319,8900,163858,1000,0,1426743800,1,2017-10-02,F,143
1215,03,06,09,15,21,42,07,21,06,15,09,42,03,2,2,106367500,5,12764500,446,157500,15810,4600,210838,1000,0,1398122600,1,2017-10-05,B,96
1216,08,14,25,39,42,43,37,14,43,25,08,42,39,9,1,200000000,2,33513500,188,385000,9313,8200,152203,1000,23416379,1314496400,1,2017-10-09,I,171
1217,14,16,17,34,36,41,25,36,17,16,41,14,34,3,2,137428500,5,15086900,164,496700,8190,10500,144960,1000,0,1420859400,1,2017-10-12,C,158
1218,05,08,13,20,28,42,35,08,28,13,20,42,05,4,2,108143100,12,5407300,263,266400,12597,5800,187026,1000,0,1360724200,1,2017-10-16,D,116
1219,14,22,24,36,39,42,32,22,24,39,14,42,36,10,1,200000000,1,67618600,209,349400,9559,8000,153497,1000,25387956,1325987200,1,2017-10-19,J,177
1220,09,15,21,23,32,42,14,23,32,09,15,42,21,6,2,127209100,8,8588900,288,257600,11290,6900,171252,1000,0,1381359000,1,2017-10-23,F,142
1221,03,10,11,31,33,36,21,10,31,03,33,11,36,1,2,108912600,10,6534900,261,270400,11642,6400,189890,1000,0,1373813600,1,2017-10-26,A,124
1222,01,05,07,11,29,39,40,07,01,39,11,29,05,8,2,102038900,9,6802800,363,182100,14916,4600,211400,1000,0,1361541800,1,2017-10-30,H,92
1223,12,22,28,30,36,43,34,36,22,12,28,43,30,7,1,200000000,3,22912700,146,508400,9084,8600,156754,1000,29120372,1349534600,1,2017-11-02,G,171
1224,05,18,33,38,41,43,06,05,18,43,38,33,41,5,0,0,6,12802700,150,553000,9148,9500,156712,1000,285167109,1467102000,1,2017-11-06,E,178
1225,19,22,25,30,33,34,36,34,25,33,30,22,19,3,0,0,6,14357700,169,550500,9751,10000,173743,1000,572312467,1640841000,1,2017-11-09,C,163
1226,07,08,28,34,37,41,13,34,08,07,37,28,41,4,1,600000000,6,16576700,230,467000,13000,8700,224552,1000,303835637,1947668600,1,2017-11-13,D,155
1227,01,08,14,28,40,43,06,40,01,28,43,14,08,2,3,198251700,7,12468300,240,392700,11979,8300,194037,1000,0,1702431600,1,2017-11-16,B,134
1228,06,18,19,25,28,40,03,40,19,28,18,25,06,6,0,0,9,7774200,212,356400,10724,7400,175934,1000,233219529,1410069000,2,2017-11-20,F,136
1229,10,28,35,37,39,43,16,28,10,35,39,37,43,1,0,0,5,16861300,149,611000,9112,10500,158194,1000,514233131,1579493600,2,2017-11-23,A,192
1230,01,02,06,09,17,38,34,17,01,38,06,02,09,10,1,600000000,6,15095000,329,297300,18623,5500,285605,1000,216124593,1953859600,1,2017-11-27,J,73
1231,01,14,16,24,32,36,02,32,36,01,24,16,14,9,1,494240100,9,9270800,209,431100,11103,8500,185932,1000,0,1628469800,1,2017-11-30,I,123
1232,05,10,14,31,35,38,16,31,35,10,38,05,14,8,1,200000000,3,24468400,210,377500,9833,8500,166380,1000,44676530,1438901800,1,2017-12-04,H,133
1233,02,07,12,21,29,33,16,12,07,02,29,21,33,7,1,269539600,14,4818600,373,195300,15786,4800,218994,1000,0,1469242800,1,2017-12-07,G,104
1234,07,11,16,20,30,40,28,40,20,30,07,16,11,5,0,0,2,35404500,205,373000,10704,7500,168854,1000,236022484,1406583800,1,2017-12-11,E,124
1235,08,17,24,34,36,42,33,08,17,36,34,42,24,3,0,0,5,15723000,323,262800,13818,6400,203612,1000,498064563,1597522200,1,2017-12-14,C,161
1236,01,03,11,26,38,39,34,03,01,38,26,11,39,8,2,403855000,8,11612000,420,238800,18048,5800,268471,1000,0,1949667000,1,2017-12-18,H,118
1237,01,04,06,35,38,40,27,06,04,40,35,38,01,2,0,0,4,18740800,167,484700,8606,9900,161338,1000,249870372,1450393000,1,2017-12-21,B,124
1238,08,14,28,29,33,40,32,33,14,29,40,08,28,4,2,277207200,11,8306000,432,228400,15721,6600,228310,1000,0,1838129000,1,2017-12-25,D,152
1239,02,19,27,28,30,38,22,27,02,30,38,19,28,6,1,200000000,8,9538300,191,431400,10944,7900,189837,1000,54348251,1533291200,1,2017-12-28,F,144
1240,15,18,22,36,37,39,26,36,37,39,18,22,15,1,0,0,6,12293800,262,304000,11847,7100,183858,1000,300217992,1482955800,1,2018-01-04,A,167
1241,04,07,15,17,23,25,08,23,07,04,25,17,15,10,1,573175500,15,5459300,364,242900,18667,5000,277009,1000,0,1808324200,1,2018-01-08,J,91
1242,12,22,28,34,37,42,33,28,12,34,42,37,22,9,1,200000000,3,24857500,173,465500,10255,8200,167282,1000,48567751,1457909800,1,2018-01-11,I,175
1243,23,24,32,37,41,42,29,37,24,32,42,23,41,2,1,322894600,7,11757200,187,475300,9881,9500,173164,1000,0,1583541200,1,2018-01-15,B,199
1244,10,15,17,18,20,41,35,18,20,41,15,17,10,7,0,0,2,36995000,147,543500,7776,10800,146526,1000,246625579,1403298600,1,2018-01-18,G,121
1245,13,15,27,30,31,39,08,27,31,13,39,30,15,5,0,0,11,7719600,320,286500,14731,6500,220599,1000,529670483,1727047600,1,2018-01-22,E,155
1246,04,10,11,23,36,37,34,23,10,11,37,04,36,3,4,208129200,11,8259700,338,290300,17606,5800,259457,1000,0,1899926600,1,2018-01-25,C,121
1247,04,07,17,18,26,36,35,36,17,07,04,18,26,8,3,78487100,5,14128100,265,287800,12698,6300,194401,1000,0,1460903200,1,2018-01-29,H,108
1248,02,06,14,28,34,37,03,02,34,37,28,14,06,6,1,200000000,10,6616600,339,210700,14017,5300,193443,1000,20547536,1393604800,1,2018-02-01,F,121
1249,05,08,15,20,25,27,06,05,20,27,15,25,08,4,3,82418700,7,9716400,341,215400,17409,4400,236417,1000,0,1516025000,2,2018-02-05,D,100
1250,03,10,18,22,23,40,27,23,10,40,03,22,18,1,1,200000000,17,3846400,282,250400,13076,5700,186681,1000,17958783,1367266000,2,2018-02-08,A,116
1251,21,28,31,33,34,40,23,21,28,34,31,33,40,8,0,0,2,37898500,142,576400,7296,11800,131873,1000,270607267,1397054800,1,2018-02-12,H,187
1252,04,15,18,19,22,29,37,04,15,19,29,22,18,10,0,0,14,5893600,295,302000,14690,6400,234933,1000,545633736,1723862600,1,2018-02-15,J,107
1253,01,12,14,24,33,37,15,14,33,01,24,12,37,9,1,600000000,5,19848100,275,389700,15566,7200,254671,1000,276426216,2011406800,1,2018-02-19,I,121
1254,07,08,11,15,36,39,37,07,08,11,15,36,39,2,2,266505100,7,10996800,347,239500,16244,5400,249210,1000,0,1675001200,1,2018-02-22,B,116
1255,02,14,15,27,40,43,41,40,27,02,14,43,15,1,1,200000000,9,8373700,216,376800,11043,7700,173151,1000,51204253,1482472800,1,2018-02-26,A,141
1256,02,05,16,32,35,41,25,16,41,02,05,35,32,7,0,0,9,8648600,218,385600,11671,7600,178256,1000,310655473,1529854200,1,2018-03-01,G,131
1257,01,11,19,23,32,37,14,01,11,32,23,37,19,3,2,303281400,16,6828800,299,320600,14077,7100,222893,1000,0,1788350600,1,2018-03-05,C,123
1258,08,14,20,25,31,41,35,31,14,25,08,41,20,5,1,200000000,5,13728100,215,344700,9770,8000,156882,1000,28795810,1348400800,1,2018-03-08,E,139
1259,10,16,20,26,33,36,41,16,33,26,36,20,10,7,0,0,7,11575700,214,408900,10048,9200,163850,1000,298888606,1544341600,1,2018-03-12,G,141
1260,03,08,16,19,25,26,32,03,16,08,25,26,19,10,2,281942000,22,3613600,398,215700,18024,5000,259415,1000,0,1734434200,1,2018-03-15,J,97
1261,09,20,26,29,30,34,42,29,26,34,30,20,09,6,0,0,3,24827700,143,562500,8652,9800,153917,1000,248268877,1426903800,1,2018-03-19,F,148
1262,04,11,15,20,24,43,10,15,11,24,43,20,04,4,0,0,5,16225100,243,360500,12230,7500,205652,1000,518679054,1638621800,1,2018-03-22,D,117
1263,03,08,13,14,31,37,06,31,03,37,08,14,13,8,1,600000000,5,19231500,352,295000,19174,5700,291858,1000,239194456,2049136600,1,2018-03-26,H,106
1264,01,06,27,33,35,43,15,43,01,33,06,35,27,1,0,0,10,8745300,205,460700,11081,9000,189627,1000,530695336,1695171200,1,2018-03-29,A,145
1265,05,20,26,27,28,33,12,20,26,27,33,05,28,9,1,600000000,17,5789300,303,350700,15212,7300,252506,1000,258748125,1994624000,1,2018-04-02,I,139
1266,03,12,16,23,25,28,17,25,03,28,12,16,23,4,3,168675400,13,5706600,504,158900,22019,3800,274000,1000,0,1689425600,1,2018-04-05,D,107
1267,04,18,31,33,34,41,09,34,33,18,04,31,41,2,1,200000000,8,9610300,174,477100,9289,9400,158285,1000,56267219,1471561000,1,2018-04-09,B,161
1268,08,11,15,22,35,36,30,22,36,15,08,11,35,7,0,0,6,11633900,372,202600,16294,4800,223237,1000,288938801,1512792400,1,2018-04-12,G,127
1269,09,10,11,33,39,42,25,09,11,39,42,33,10,4,0,0,11,8442300,259,387200,13658,7700,227667,1000,598482491,1858546600,1,2018-04-16,D,144
1270,09,10,24,30,35,40,38,10,09,24,30,40,35,10,0,0,6,17602100,230,495900,12847,9300,220595,1000,950514135,2028491600,1,2018-04-19,J,148
1271,01,11,14,27,39,42,32,14,39,01,11,42,27,3,1,600000000,12,9956600,463,278600,20219,6700,309541,1000,748766205,2428119800,1,2018-04-23,C,134
1272,04,09,13,32,37,38,42,04,13,09,37,32,38,8,0,0,9,11430000,411,270300,17361,6700,266492,1000,0,1091655132,1,2018-04-26,H,133
1273,18,20,22,26,34,37,04,34,20,18,37,22,26,6,0,0,13,9101500,356,358900,15759,8500,253524,1000,1486043254,2286753200,1,2018-04-30,F,157
1274,03,15,18,23,31,37,34,18,15,23,37,03,31,7,9,206748000,21,5352800,739,164200,26657,4800,354582,1000,0,2425246200,1,2018-05-03,G,127
1275,07,19,21,28,40,41,03,19,07,41,40,21,28,9,1,200000000,9,8181300,309,257300,11991,7000,179635,1000,45432652,1471661400,1,2018-05-07,I,156
1276,05,06,09,11,16,35,22,11,16,09,06,05,35,1,1,276629800,14,4954300,277,270400,15622,5000,233320,1000,0,1528756400,1,2018-05-10,A,82
1277,12,16,20,22,31,43,33,31,20,16,22,43,12,5,1,200000000,1,76027400,176,466500,8578,10100,155018,1000,53416511,1451844200,1,2018-05-14,E,144
1278,03,04,18,28,34,36,06,04,18,03,34,36,28,2,0,0,11,6614700,229,343100,2020,6900,203075,1000,295949279,1511078600,1,2018-05-17,B,123
1279,04,10,16,17,20,24,31,10,20,17,16,24,04,4,0,0,8,10614400,270,339600,15008,6400,232640,1000,578991991,1753795800,1,2018-05-21,D,91
1280,01,09,11,21,29,36,07,01,21,11,36,29,09,10,1,600000000,12,7665100,453,219200,16973,6100,263528,1000,285586726,1925351600,1,2018-05-24,J,107
1281,03,07,09,15,29,40,17,40,29,07,09,15,03,8,1,571521400,4,21445800,346,267700,16452,5900,249985,1000,0,1804977600,1,2018-05-28,H,103
1282,01,04,10,11,24,28,29,11,24,04,28,01,10,3,4,51367400,15,4109500,632,105300,20253,3400,246442,1000,0,1445495000,1,2018-05-31,C,78
1283,01,26,27,30,37,38,04,01,38,26,30,37,27,10,0,0,5,15490600,140,597400,8184,10800,159189,1000,258168830,1481879400,1,2018-06-04,J,159
1284,04,14,17,21,24,39,07,04,21,24,39,17,14,6,0,0,7,11765900,277,321100,13809,6800,216404,1000,532698735,1680517200,1,2018-06-07,F,119
1285,07,08,13,36,38,42,06,07,36,38,13,42,08,5,3,280267300,3,30811300,298,334900,14645,7200,242303,1000,0,1884777400,1,2018-06-11,E,144
1286,11,32,37,39,41,42,43,11,39,42,32,37,41,7,1,200000000,5,15152000,223,366800,9653,8900,151359,1000,52525496,1439819600,1,2018-06-14,G,202
1287,09,21,23,34,37,38,40,21,34,23,37,09,38,9,2,161407700,5,16217900,207,423000,11588,7900,193422,1000,0,1610919200,1,2018-06-18,I,162
1288,08,09,19,24,35,43,11,09,19,43,24,35,08,1,0,0,9,8119400,197,400600,10900,7600,181785,1000,243576796,1468329600,1,2018-06-21,A,138
1289,06,09,16,24,29,37,03,06,29,16,24,37,09,2,1,522362900,27,3097700,399,226300,16548,5700,250180,1000,0,1774173400,1,2018-06-25,B,121
1290,18,24,27,32,35,41,10,41,24,18,32,27,35,5,0,0,5,14982100,209,387000,10206,8300,161049,1000,249693798,1448979200,1,2018-06-28,E,177
1291,02,06,08,12,13,17,01,12,08,17,06,13,02,4,1,506881500,14,5511300,514,162100,20846,4200,290663,1000,0,1769756600,1,2018-07-02,D,58
1292,01,18,29,30,31,37,35,01,18,29,37,31,30,10,3,78782500,3,23635500,185,413900,9215,8700,152991,1000,0,1372753600,1,2018-07-05,J,146
1293,02,05,15,27,30,35,11,30,05,35,15,02,27,8,1,200000000,13,5268800,280,264100,13415,5800,193522,1000,28310786,1427703600,1,2018-07-09,H,114
1294,07,14,18,26,28,39,02,26,07,14,39,18,28,2,1,258113600,12,5745200,331,224900,14692,5300,205387,1000,0,1460590400,1,2018-07-12,B,132
1295,14,23,31,37,39,43,32,14,31,43,39,37,23,8,1,200000000,3,23040400,161,463600,9057,8700,142032,1000,30396782,1322396600,1,2018-07-16,H,187
1296,05,11,15,16,23,32,04,05,11,16,15,32,23,3,3,84258400,9,7412800,355,202900,15301,4900,212444,1000,0,1443829800,1,2018-07-19,C,102
1297,01,02,07,29,34,42,41,29,02,07,01,34,42,1,1,200000000,1,69787900,123,612700,8865,8900,158700,1000,32618983,1369147000,2,2018-07-23,A,115
1298,04,06,15,22,30,42,07,22,30,06,04,42,15,6,0,0,5,14020200,225,336400,11493,6900,188659,1000,266282024,1440284800,2,2018-07-26,F,119
1299,03,12,24,28,38,39,10,24,03,12,39,28,38,7,2,259380200,17,4455600,424,192900,17776,4800,252669,1000,0,1664747400,1,2018-07-30,G,144
1300,03,18,25,26,32,33,27,33,26,32,25,18,03,9,1,200000000,5,13105000,300,235800,13090,5700,183347,1000,18410686,1361831800,1,2018-08-02,I,137
1301,06,07,09,16,30,41,22,41,30,09,07,16,06,10,0,0,3,23477200,199,382200,11338,7000,189255,1000,253175343,1446423000,1,2018-08-06,J,109
1302,04,07,25,30,34,43,38,07,04,34,43,30,25,8,0,0,3,27331800,274,323100,11765,7900,175049,1000,526484438,1583282600,1,2018-08-09,H,143
1303,07,10,24,33,35,42,43,42,33,24,35,07,10,10,0,0,6,14727200,255,374200,13263,7600,218284,1000,821019464,1772111800,1,2018-08-13,J,151
1304,06,25,30,38,40,42,17,06,40,30,42,38,25,5,1,600000000,12,8887600,247,466300,13787,8800,229519,1000,576512858,2063449600,1,2018-08-16,E,181
1305,04,06,19,36,38,40,28,04,40,36,06,19,38,2,0,0,10,9931800,256,418900,13785,8200,224118,1000,907562919,1944636800,1,2018-08-20,B,143
1306,07,11,23,36,38,41,37,36,23,38,11,07,41,4,1,600000000,13,7710200,446,242700,18676,6100,280525,1000,641663268,2083314600,1,2018-08-23,D,156
1307,06,25,27,28,30,43,14,43,30,28,06,27,25,3,1,600000000,7,14158900,255,419700,15399,7300,247462,1000,372026796,1993512400,1,2018-08-27,C,159
1308,06,09,10,15,34,39,03,09,06,15,10,39,34,6,0,0,9,9668100,256,367000,14009,7000,230628,1000,662062930,1779884000,1,2018-08-30,F,113
1309,24,32,34,36,41,43,23,24,41,34,36,32,43,1,1,600000000,10,10762100,252,461200,11693,10500,195021,1000,420789350,2000914800,1,2018-09-03,A,210
1310,09,24,25,27,34,36,14,24,34,36,09,27,25,7,0,0,11,7524800,286,312500,14822,6300,227796,1000,696692533,1711833600,1,2018-09-06,G,155
1311,12,23,26,29,36,37,15,29,26,37,12,36,23,9,3,335970100,11,8488000,325,310200,15349,6900,244472,1000,0,1903207200,1,2018-09-10,I,163
1312,13,24,25,26,32,39,06,24,32,39,13,26,25,2,2,120471500,14,5163200,309,252600,13016,6300,193425,1000,0,1482688000,1,2018-09-13,B,159
1313,05,12,21,31,36,43,27,36,05,31,43,21,12,6,1,200000000,6,11915800,181,426500,9087,8900,154134,1000,38309977,1383868400,1,2018-09-17,F,148
1314,03,10,20,21,27,33,39,20,33,27,03,21,10,5,3,91653600,7,10142500,305,251300,13248,6100,194740,1000,0,1466855200,1,2018-09-20,E,114
1315,03,08,23,30,32,40,31,23,32,08,40,30,03,8,1,200000000,4,17043400,190,387500,9841,7900,168580,1000,27238834,1367592800,1,2018-09-24,H,136
1316,06,16,26,35,36,39,14,26,35,39,36,06,16,3,3,92137600,8,9344300,403,200300,11715,7200,167824,1000,0,1461763800,1,2018-09-27,C,158
1317,06,10,13,19,32,43,22,43,19,06,13,10,32,10,0,0,11,6410700,182,418400,9855,8100,160730,1000,235054490,1384300600,1,2018-10-01,J,123
1318,02,03,07,14,19,41,34,03,41,14,02,19,07,1,2,242181400,4,18698700,295,273800,13591,6200,216022,1000,0,1569457400,1,2018-10-04,A,86
1319,09,10,19,21,28,30,43,09,21,19,30,28,10,4,0,0,2,31876300,284,242400,11520,6300,173918,1000,212501736,1315058000,1,2018-10-08,D,117
1320,04,06,12,16,17,34,28,12,16,04,34,06,17,7,2,227401800,8,9086600,275,285400,14280,5800,223907,1000,0,1556363000,1,2018-10-11,G,89
1321,10,24,31,40,41,43,33,43,41,40,24,10,31,5,2,127197300,2,38160400,149,553100,8502,10200,140450,1000,0,1423745000,1,2018-10-15,E,189
1322,02,03,13,28,32,37,07,28,03,02,13,32,37,3,1,200000000,6,11355900,197,373500,10662,7200,174193,1000,27111518,1379509800,1,2018-10-18,C,115
1323,05,06,10,24,29,40,26,40,24,06,05,29,10,6,0,0,5,13773400,252,295100,13424,5800,205184,1000,256661111,1459032400,1,2018-10-22,F,114
1324,01,07,08,17,25,42,11,07,42,25,08,01,17,9,3,168286300,10,7446100,376,213800,17682,4800,246469,1000,0,1632265200,1,2018-10-25,I,100
1325,08,18,23,26,33,38,34,23,38,33,26,18,08,8,0,0,8,8549000,320,230800,14327,5400,207614,1000,227968303,1457522600,1,2018-10-29,H,146
1326,02,03,09,12,30,41,21,12,02,03,41,30,09,2,2,238587500,14,5340300,370,218200,16046,5300,239516,1000,0,1621222000,1,2018-11-01,B,97
1327,02,03,13,22,23,30,27,30,02,13,22,23,03,10,2,115034500,6,11503800,298,250100,13371,5800,194287,1000,0,1437086800,1,2018-11-05,J,93
1328,07,09,23,32,37,40,41,40,37,09,32,07,23,1,2,115973100,5,13917200,184,408400,9976,7900,168341,1000,0,1387632200,1,2018-11-08,A,148
1329,11,15,18,22,37,42,31,22,18,15,11,37,42,4,1,200000000,9,7695100,270,277000,11969,6600,181089,1000,30846620,1411155600,2,2018-11-12,D,145
1330,02,19,24,32,36,43,30,02,24,19,36,32,43,7,1,276653200,4,18436100,255,312300,11455,7300,170913,1000,0,1453913400,2,2018-11-15,G,156
1331,02,14,30,31,38,39,26,31,30,39,14,38,02,3,0,0,2,36138000,132,591300,8849,9300,150446,1000,240912284,1387044200,1,2018-11-19,C,154
1332,05,15,18,22,33,40,06,05,15,18,22,33,40,5,2,249251400,8,9659900,313,266600,13027,6700,196694,1000,0,1562697000,1,2018-11-22,E,133
1333,02,09,15,22,26,35,05,26,09,15,22,35,02,1,1,200000000,3,22413900,285,254800,12504,6100,184902,1000,24132387,1390289600,1,2018-11-26,A,109
1334,01,02,07,14,29,43,40,07,29,14,01,43,02,9,1,259569200,3,23544400,238,320500,11893,6700,186002,1000,0,1442131400,1,2018-11-29,I,96
1335,10,16,19,34,35,39,04,19,39,35,10,34,16,6,4,62235400,3,24894900,151,534100,8255,10300,146445,1000,0,1413239800,1,2018-12-03,F,153
1336,04,05,11,19,31,34,43,04,11,31,05,19,34,8,2,108017300,7,9258900,219,319600,11013,6700,179513,1000,0,1342929400,1,2018-12-06,H,104
1337,03,06,21,28,29,34,15,21,06,34,28,03,29,10,4,55161000,7,9456400,242,295400,12290,6100,192483,1000,0,1391894200,1,2018-12-10,J,121
1338,02,06,23,25,30,31,35,02,23,31,25,30,06,2,1,200000000,8,7908400,281,243100,12597,5700,195164,1000,10886363,1355212600,1,2018-12-13,B,117
1339,01,10,15,33,34,42,39,10,34,01,42,15,33,4,1,265958300,2,38262000,181,456500,9806,8900,164196,1000,0,1479473600,1,2018-12-17,D,135
1340,06,15,18,20,26,29,09,18,06,15,26,20,29,7,0,0,7,9991200,232,325500,10872,7300,176900,1000,233121796,1411788600,1,2018-12-20,G,114
1341,09,12,15,16,26,39,34,16,26,15,09,39,12,1,2,243666700,9,8474000,313,263100,14275,6000,221101,1000,0,1602170400,1,2018-12-24,A,117
1342,01,04,09,16,23,31,42,31,23,04,01,09,16,6,1,200000000,5,14089200,394,193000,15573,5100,219088,1000,34812633,1512928200,1,2018-12-27,F,84
1343,02,08,10,12,19,23,16,12,19,10,02,23,08,5,2,149831600,22,3611700,755,113600,26068,3400,328489,1000,0,1887299200,1,2019-01-07,E,74
1344,08,16,20,28,37,43,29,20,43,08,16,37,28,10,1,200000000,4,18371500,194,409000,9991,8300,159732,1000,44945823,1425305200,1,2019-01-10,J,152
1345,01,15,26,27,29,33,18,27,15,29,26,01,33,1,0,0,5,14260400,239,322100,11606,7000,184888,1000,282612734,1449400600,1,2019-01-14,A,131
1346,05,10,22,27,38,42,36,22,27,10,05,38,42,3,3,184111400,8,10114800,341,256200,13469,6800,207387,1000,0,1639468600,1,2019-01-17,C,144
1347,08,10,11,18,36,43,07,43,36,10,11,08,18,9,2,116194600,8,8714800,214,351800,11399,6900,187011,1000,0,1431056600,1,2019-01-21,I,126
1348,01,02,14,19,21,33,43,02,19,01,21,14,33,8,2,113126700,5,13575600,208,352400,10746,7200,169796,1000,0,1365989200,1,2019-01-24,H,90
1349,02,16,19,32,34,42,33,32,42,19,34,16,02,7,0,0,3,24312300,189,416700,9216,9000,156759,1000,243115607,1410701000,1,2019-01-28,G,145
1350,07,08,09,10,20,38,16,08,10,09,38,07,20,10,1,490945100,5,14870200,266,301800,14247,5900,218833,1000,0,1569241600,1,2019-01-31,J,92
1351,08,14,18,22,28,29,05,28,14,08,29,18,22,3,1,200000000,15,4482000,262,277100,12969,5900,196665,1000,24096183,1416271400,2,2019-02-04,C,119
1352,05,06,09,15,19,36,22,06,19,09,15,36,05,2,0,0,6,10431100,276,244800,14885,4700,224193,1000,232713045,1409804400,2,2019-02-07,B,90
1353,02,11,12,19,21,24,36,12,24,11,19,21,02,5,3,151274200,5,13267000,444,161300,16918,4400,242167,1000,0,1504337200,1,2019-02-11,E,89
1354,04,25,27,28,32,41,26,32,27,04,41,28,25,1,1,200000000,4,16938700,164,446100,9423,8200,153600,1000,25842518,1328202400,1,2019-02-14,A,157
1355,05,15,27,29,34,37,12,15,05,37,29,34,27,4,1,270445900,13,5644800,269,294600,12215,6800,189030,1000,0,1488915800,1,2019-02-18,D,147
1356,04,06,10,16,24,43,12,06,16,24,43,04,10,9,2,104132300,12,5206700,329,205000,13826,5100,202692,1000,0,1360485200,1,2019-02-21,I,103
1357,02,03,08,15,19,28,21,28,08,02,15,03,19,6,5,37305200,13,4304500,552,109400,21182,3000,263356,1000,0,1400304200,1,2019-02-25,F,75
1358,09,15,23,27,29,40,28,29,40,23,09,27,15,2,2,107316100,5,12878300,260,267400,12385,5900,181777,1000,0,1341832800,1,2019-02-28,B,143
1359,06,08,14,18,25,41,09,08,18,41,14,06,25,8,0,0,5,12900800,222,313700,12333,5900,190707,1000,215007459,1363316200,1,2019-03-04,H,112
1360,04,09,10,16,17,42,23,04,17,42,09,10,16,10,2,227332200,14,5135600,258,300900,14060,5800,223629,1000,0,1544188000,1,2019-03-07,J,98
1361,03,04,12,18,28,38,32,12,38,04,28,03,18,7,0,0,10,6340500,421,162600,15412,4600,217530,1000,211345060,1406919200,1,2019-03-11,G,103
1362,08,16,19,28,36,39,01,36,39,16,08,28,19,3,3,152305300,4,18418400,388,205000,15998,5200,220340,1000,0,1562721000,1,2019-03-14,C,146
1363,02,05,23,36,37,41,43,05,36,23,41,37,02,7,0,0,6,11742300,236,322400,11466,7000,181252,1000,234838859,1428962800,1,2019-03-18,G,144
1364,05,13,14,16,25,27,03,14,13,27,16,05,25,5,0,0,12,5981300,315,246000,14046,5800,211352,1000,474085347,1515111800,1,2019-03-21,E,100
1365,04,07,14,20,31,41,32,14,07,31,04,20,41,2,0,0,7,12615000,247,386000,12322,8100,204590,1000,768425970,1740831200,1,2019-03-25,B,117
1366,14,15,17,29,31,39,10,15,39,14,17,29,31,4,1,600000000,6,15806100,231,443300,11848,9100,206149,1000,484539363,1839436600,1,2019-03-28,D,145
1367,03,08,11,14,22,41,34,14,22,41,08,11,03,1,1,600000000,15,5298400,495,173300,18166,4900,256988,1000,149454317,1728689200,1,2019-04-01,A,99
1368,06,11,17,20,34,35,10,35,20,06,34,17,11,9,1,416288200,0,0,337,256500,11256,8100,182061,1000,80052792,1570570000,1,2019-04-04,I,123
1369,12,15,25,32,41,43,07,12,15,41,32,25,43,3,0,0,4,19909400,167,515000,9797,9200,167043,1000,345502969,1531150200,1,2019-04-08,C,168
1370,08,22,24,30,40,41,02,41,08,22,40,30,24,6,0,0,4,21354700,167,552300,9985,9700,181674,1000,630223174,1647868200,1,2019-04-11,F,165
1371,04,05,06,07,24,28,30,05,07,24,04,06,28,3,2,452218500,16,5141600,422,210500,21478,4300,308457,1000,0,1883699000,1,2019-04-15,C,74
1372,03,05,10,21,33,39,08,05,03,39,33,21,10,8,0,0,6,11361200,267,275700,12534,6200,197109,1000,227218151,1430900200,1,2019-04-18,H,111
1373,01,10,13,18,20,41,11,10,13,01,41,20,18,10,2,256094200,5,17098700,181,510100,11130,8700,195255,1000,0,1679141200,1,2019-04-22,J,103
1374,01,04,05,19,23,35,36,23,04,05,01,35,19,7,1,200000000,2,32868500,337,210600,13816,5400,206320,1000,19116746,1415968200,1,2019-04-25,G,87
1375,02,05,21,22,31,38,28,38,22,05,21,31,02,5,0,0,11,6275100,253,294600,11021,7100,179333,1000,249197830,1403908200,1,2019-04-29,E,119
1376,02,05,22,31,32,43,27,22,32,43,05,31,02,2,0,0,6,12929700,227,369000,11845,7400,176893,1000,507783386,1523042600,1,2019-05-02,B,135
1377,01,07,13,24,40,43,20,24,13,07,40,01,43,5,2,401809500,2,44376800,249,384900,11683,8600,196190,1000,0,1728698000,1,2019-05-06,E,128
1378,01,10,15,24,35,43,09,43,15,24,01,35,10,4,2,117942400,9,7863000,236,323800,10563,7600,166435,1000,0,1400607000,1,2019-05-09,D,128
1379,01,02,19,21,24,37,32,37,02,24,01,21,19,1,1,200000000,1,70287000,227,334300,11153,7100,178505,1000,34282495,1420427200,1,2019-05-13,A,104
1380,01,03,24,26,29,33,42,03,29,33,24,01,26,9,3,90915700,4,17885400,240,321900,11283,7200,190198,1000,0,1464687400,1,2019-05-16,I,116
1381,02,04,05,16,19,38,25,02,04,16,05,19,38,3,1,200000000,13,4792800,293,229600,14524,4800,223635,1000,7685086,1404492800,1,2019-05-20,C,84
1382,08,09,12,25,26,28,32,12,26,09,28,08,25,6,4,52124100,3,20081800,398,163400,17191,3900,231593,1000,0,1392141600,1,2019-05-23,F,108
1383,02,04,09,15,18,39,24,39,18,15,09,02,04,1,1,200000000,10,6320000,260,262500,13944,5100,211631,1000,10661970,1390825400,1,2019-05-27,A,87
1384,03,06,13,32,38,43,40,32,38,43,06,13,03,8,1,251413100,5,14445500,208,375000,10761,7600,174116,1000,0,1438940400,1,2019-05-30,H,135
1385,09,20,28,35,41,43,23,09,20,28,35,41,43,10,2,128087300,3,25618300,136,610200,7458,11700,134863,1000,0,1419108200,1,2019-06-03,J,176
1386,04,11,14,15,20,38,35,11,20,38,04,15,14,2,0,0,8,8291400,217,330100,10289,7300,173335,1000,221098245,1351326800,1,2019-06-06,B,102
1387,11,27,29,30,37,38,33,27,29,37,38,30,11,10,1,490835000,3,26974500,304,287400,10283,8900,181090,1000,0,1581097000,1,2019-06-10,J,172
1388,09,10,12,15,29,37,11,12,10,15,29,37,09,8,4,52668900,8,7900500,289,236100,13504,5300,202523,1000,0,1370645600,1,2019-06-13,H,112
1389,06,16,21,23,26,42,43,42,26,21,16,23,06,5,0,0,6,12012400,222,350600,11404,7200,181209,1000,240241160,1452473800,1,2019-06-17,E,134
1390,10,11,13,28,34,39,35,10,13,28,34,11,39,4,0,0,5,15977000,255,338300,12573,7200,200791,1000,506516251,1609750400,1,2019-06-20,D,135
1391,03,12,23,31,36,42,43,36,23,03,12,31,42,2,2,403380500,10,9007600,347,280300,15723,6500,246490,1000,0,1859742200,1,2019-06-24,B,147
1392,06,09,12,19,40,42,07,42,40,06,09,12,19,7,0,0,10,7036900,213,356700,12206,6500,191383,1000,234558536,1450251200,1,2019-06-27,G,128
1393,07,11,26,32,42,43,24,26,42,32,07,11,43,9,0,0,5,17473900,196,481400,11336,8700,196898,1000,525782104,1710117200,1,2019-07-01,I,161
1394,08,09,35,36,42,43,22,08,43,35,09,36,42,1,2,421482700,5,19031600,230,446800,11780,9200,199755,1000,0,1829903400,1,2019-07-04,A,173
1395,05,16,18,27,30,43,25,43,05,27,30,18,16,3,1,200000000,6,12351500,180,444600,10104,8300,171744,1000,47022904,1461074800,1,2019-07-08,C,139
1396,03,07,11,15,23,41,21,11,15,41,23,03,07,6,2,128244100,5,12568300,521,130200,18851,3800,245971,1000,0,1461907800,1,2019-07-11,F,100
1397,09,18,19,21,25,26,07,09,19,18,21,25,26,7,1,200000000,8,8096300,194,360500,9903,7400,168920,1000,15896750,1318786600,1,2019-07-15,G,118
1398,23,29,34,35,40,43,42,35,40,43,34,29,23,10,1,270589100,2,38205100,98,842000,6521,13300,124263,1000,0,1389075200,1,2019-07-18,J,204
1399,07,20,21,33,41,43,08,20,21,41,43,07,33,1,0,0,6,11780500,197,387400,8780,9100,145496,1000,235603525,1352846400,2,2019-07-22,A,165
1400,08,10,26,31,34,39,36,08,10,39,26,34,31,5,0,0,5,15859700,224,382300,11315,7900,186315,1000,499923455,1569038000,2,2019-07-25,E,148
1401,02,13,23,24,25,33,36,13,33,24,23,25,02,8,2,392579300,9,9508100,369,250400,15582,6200,238611,1000,0,1776645800,1,2019-07-29,H,120
1402,10,24,26,33,36,42,28,33,36,24,26,42,10,3,0,0,4,17535600,162,467600,8840,9000,152987,1000,233801199,1361617400,1,2019-08-01,C,171
1403,01,03,10,27,34,41,22,34,41,01,03,27,10,9,0,0,4,19917000,254,338700,12939,7000,214360,1000,499352964,1636743000,1,2019-08-05,I,116
1404,02,17,29,37,38,39,05,38,02,17,39,29,37,4,1,600000000,9,9733600,241,392500,12999,7600,209324,1000,191352294,1741120400,1,2019-08-08,D,162
1405,03,04,06,19,23,24,42,03,19,04,24,23,06,1,2,198313700,4,15396100,433,153600,18918,3700,258033,1000,0,1470402000,1,2019-08-12,A,79
1406,20,24,27,29,34,35,43,29,20,27,24,34,35,6,0,0,5,13512800,115,634400,6489,11800,120439,1000,225206073,1251730200,1,2019-08-15,F,169
1407,10,13,19,28,33,39,15,39,28,19,10,13,33,2,0,0,6,13604700,282,312600,13905,6600,213240,1000,497291867,1662806000,1,2019-08-19,B,142
1408,02,17,24,26,34,43,32,02,34,17,26,43,24,7,0,0,3,30636200,341,291000,14807,7000,219067,1000,803644212,1825490200,1,2019-08-22,G,146
1409,05,06,08,20,22,25,13,08,22,25,20,06,05,10,3,378412300,19,5235800,548,196000,22618,5000,322026,1000,0,2164582000,1,2019-08-26,J,86
1410,08,14,17,25,36,41,23,36,41,25,14,17,08,5,2,116189400,14,4979700,354,212600,12317,6400,174950,1000,0,1404209200,1,2019-08-29,E,141
1411,02,05,07,20,25,28,03,25,02,07,20,28,05,3,3,73919900,14,4752100,428,167800,16007,4700,223818,1000,0,1466402000,1,2019-09-02,C,87
1412,02,19,24,25,32,42,08,02,24,25,32,19,42,8,2,111720100,9,7448200,248,291900,11836,6400,176426,1000,0,1368429600,1,2019-09-05,H,144
1413,07,13,17,21,24,26,12,07,26,17,24,13,21,9,0,0,6,11301700,237,308900,12881,6000,192008,1000,226026624,1414358000,1,2019-09-09,I,108
1414,12,19,21,26,40,41,20,41,12,19,40,26,21,4,1,497554300,6,13576800,185,475500,10171,9100,169878,1000,0,1564007200,1,2019-09-12,D,159
1415,01,03,07,34,39,40,33,39,01,03,40,07,34,6,0,0,26,2610100,142,516100,8491,9100,153636,1000,226201717,1329852000,1,2019-09-16,F,124
1416,02,09,10,15,24,36,13,02,36,09,15,10,24,4,4,114223800,9,7690000,540,138400,18930,4100,250672,1000,0,1565115400,1,2019-09-19,D,96
1417,03,10,25,26,27,31,05,10,03,26,25,27,31,9,3,67394900,5,12131400,262,250000,12800,5400,194714,1000,0,1316189800,1,2019-09-23,I,122
1418,04,21,32,35,42,43,15,21,35,32,43,42,04,1,0,0,4,18158100,119,659100,7208,11400,132052,1000,242100541,1351361000,1,2019-09-26,A,177
1419,05,10,11,12,21,37,41,10,21,12,37,11,05,8,1,475191400,7,9989900,414,182400,17696,4500,256745,1000,0,1589086800,2,2019-09-30,H,96
1420,01,02,14,16,22,28,04,01,28,22,16,14,02,5,0,0,7,8963300,263,257600,11978,5900,183291,1000,209138253,1321189400,2,2019-10-03,E,83
1421,02,14,20,23,37,43,30,43,14,23,20,37,02,6,2,237822500,3,26651500,224,385400,10954,8300,177542,1000,0,1559098600,2,2019-10-07,F,139
1422,12,14,17,20,24,30,39,12,17,24,20,30,14,4,3,73241900,20,3295900,189,376600,9008,8300,158350,1000,0,1312029800,2,2019-10-10,D,117
1423,11,24,29,36,37,42,13,24,36,11,42,29,37,2,1,200000000,3,20474900,188,352800,9194,7600,144451,1000,4742987,1215672200,1,2019-10-14,B,179
1424,06,07,25,26,33,36,19,07,36,33,26,06,25,7,1,224539100,8,8242600,238,299200,11699,6400,185152,1000,0,1371897200,1,2019-10-17,G,133
1425,01,24,28,33,35,42,27,24,42,35,28,01,33,10,0,0,3,23333300,132,572700,8250,9600,146503,1000,233326132,1345132600,1,2019-10-21,J,163
1426,04,13,17,19,30,43,24,43,19,30,13,04,17,3,2,243874100,4,19082200,181,455400,10185,8500,170523,1000,0,1490693800,1,2019-10-24,C,126
1427,01,07,25,26,38,41,31,26,41,25,07,38,01,3,1,200000000,3,22623200,232,315900,11149,6900,172439,1000,26224638,1371736600,1,2019-10-28,C,138
1428,16,18,19,34,35,36,06,18,16,34,36,19,35,9,0,0,6,12586800,183,445600,8318,10300,142094,1000,277952941,1415747200,1,2019-10-31,I,158
1429,04,08,13,18,21,23,22,13,23,08,18,21,04,6,2,260708500,9,8115700,279,282700,13994,5900,217089,1000,0,1546291000,1,2019-11-04,F,87
1430,04,07,09,12,20,28,03,09,07,28,12,04,20,4,4,48503600,31,1877600,515,122000,18724,3500,233749,1000,0,1367231400,1,2019-11-07,D,80
1431,02,27,28,33,38,40,30,33,02,28,38,27,40,5,1,200000000,5,14270800,134,575000,8834,9200,155601,1000,37840016,1385074800,1,2019-11-11,E,168
1432,04,05,15,32,33,43,13,04,33,32,05,15,43,10,1,274604000,4,17757800,191,401600,9254,8700,155558,1000,0,1380277400,1,2019-11-14,J,132
1433,03,05,12,16,38,42,06,42,03,12,16,38,05,8,0,0,7,8978700,238,285100,12422,5700,192389,1000,209498189,1342980000,1,2019-11-18,H,116
1434,02,20,30,38,39,40,04,02,20,39,40,38,30,1,0,0,5,16046000,186,465800,8590,10600,144301,1000,476923544,1489243400,1,2019-11-21,A,169
1435,02,04,16,21,22,40,09,04,22,40,21,16,02,2,1,600000000,4,20969700,258,351100,12594,7600,205039,1000,156510465,1677359400,1,2019-11-25,B,105
1436,03,07,17,18,30,36,33,03,36,07,18,17,30,3,0,0,7,9861300,328,227200,14294,5500,204684,1000,386599935,1460280400,1,2019-11-28,C,111
1437,03,11,24,25,37,40,14,25,40,03,11,37,24,1,0,0,7,11106200,423,198400,15215,5800,223791,1000,645738163,1629675400,1,2019-12-02,A,140
1438,02,05,06,20,33,38,22,33,20,38,05,06,02,7,2,458648600,6,13578400,286,307600,15304,6000,245132,1000,0,1731375800,1,2019-12-05,G,104
1439,11,17,23,28,34,41,04,28,41,17,34,11,23,9,3,77370500,23,3027600,269,279500,11160,7100,169673,1000,0,1391314200,1,2019-12-09,I,154
1440,01,07,20,31,41,42,28,31,42,41,07,20,01,6,0,0,7,10081600,160,476300,8784,9100,146797,1000,235230661,1354108200,1,2019-12-12,F,142
1441,12,22,24,33,35,42,36,22,12,35,42,24,33,5,1,515887800,6,14033300,265,343100,12851,7400,203573,1000,0,1678778400,1,2019-12-16,E,168
1442,12,21,35,36,40,43,39,35,36,43,40,21,12,2,2,122984000,3,24597600,195,408600,8320,10100,139848,1000,0,1385585600,1,2019-12-19,B,187
1443,02,04,08,10,22,33,28,02,10,08,04,22,33,4,2,106577600,12,5329000,322,214400,16570,4400,234330,1000,0,1452162800,1,2019-12-23,D,79
1444,11,20,24,25,30,37,14,30,25,37,24,11,20,10,0,0,8,8796000,319,238200,11985,6700,185765,1000,234554381,1437748600,1,2019-12-26,J,147
1445,03,14,24,29,30,42,21,24,42,03,29,14,30,8,1,507733800,8,10244500,219,404100,11964,7800,199939,1000,0,1638027200,1,2019-12-30,H,142
1446,02,05,11,20,21,32,13,32,02,21,20,05,11,3,3,95828100,14,6160500,420,221700,18033,5400,261954,1000,0,1838347600,1,2020-01-09,C,91
1447,02,09,12,13,14,22,10,14,12,02,22,13,09,5,3,70389900,12,5279400,358,191100,14934,4800,220287,1000,0,1412280000,1,2020-01-13,E,72
1448,10,12,25,29,32,41,40,12,25,32,10,41,29,1,4,57688600,8,8653500,208,359400,9879,7900,165774,1000,0,1376720600,1,2020-01-16,A,149
1449,06,19,20,26,34,38,04,26,20,19,34,06,38,7,3,78635800,11,6434000,298,256400,11826,6800,170543,1000,0,1409835000,2,2020-01-20,G,143
1450,24,25,26,27,34,36,03,34,24,25,36,26,27,9,2,121327500,6,12133100,278,282800,9421,8800,156580,1000,0,1408290600,2,2020-01-23,I,172
1451,02,06,10,20,24,43,34,20,24,43,10,06,02,3,10,21232800,19,3352600,1033,66500,19806,3600,223595,1000,0,1424695400,1,2020-01-27,C,105
1452,17,19,29,31,37,39,35,39,19,37,31,17,29,6,1,200000000,6,12012500,249,312600,8697,9400,144177,1000,40243754,1370191800,1,2020-01-30,F,172
1453,10,22,26,27,28,41,39,10,22,26,27,28,41,2,2,148241900,6,12812400,211,393400,10288,8500,181129,1000,0,1522206800,1,2020-02-03,B,154
1454,03,15,19,34,37,40,41,34,40,03,19,15,37,1,1,200000000,7,10189700,205,375700,9095,8900,149738,1000,37752571,1371663800,1,2020-02-06,A,148
1455,01,10,12,22,34,43,23,34,01,43,12,10,22,4,2,139607700,19,3812600,250,312900,11947,6900,186627,1000,0,1469852400,1,2020-02-10,D,122
1456,02,18,19,24,29,31,33,18,02,24,31,29,19,10,0,0,3,20920900,179,378600,11032,6400,180866,1000,209202625,1316081800,1,2020-02-13,J,123
1457,01,03,11,17,20,37,29,01,11,20,03,37,17,7,2,230610700,6,12601300,394,207200,15070,5700,230253,1000,0,1612925800,1,2020-02-17,G,89
1458,04,16,19,22,26,29,06,19,26,16,29,22,04,8,0,0,6,11002400,227,314000,11498,6500,179086,1000,220041336,1359488400,1,2020-02-20,H,116
1459,02,17,19,24,28,29,07,29,24,19,02,28,17,5,3,152341800,13,5469000,327,234800,16663,4800,234569,1000,0,1556820200,1,2020-02-24,E,119
1460,03,06,10,15,29,30,04,29,30,06,03,15,10,9,3,67943900,22,2779600,447,147700,16563,4200,221261,1000,0,1382379800,1,2020-02-27,I,93
1461,05,07,08,18,22,26,24,05,08,22,18,07,26,3,0,0,39,1573000,386,171600,15398,4500,222280,1000,204490218,1387521000,1,2020-03-02,C,86
1462,04,18,19,28,33,36,09,18,19,04,33,28,36,6,1,453585500,7,10675800,282,286100,12642,6700,200604,1000,0,1534264000,1,2020-03-05,F,138
1463,18,29,32,34,35,39,36,29,39,34,18,35,32,5,0,0,3,24833100,161,499700,7543,11200,130905,1000,248323703,1376005600,1,2020-03-09,E,187
1464,08,13,14,18,29,31,23,08,29,31,13,18,14,2,1,504639300,8,9612100,293,283400,13297,6500,204099,1000,0,1573581400,1,2020-03-12,B,113
1465,11,15,16,24,28,38,03,15,28,38,11,16,24,1,3,72464300,7,9317100,239,294700,12502,5900,197476,1000,0,1388783200,1,2020-03-16,A,132
1466,06,10,15,18,32,40,35,18,15,40,06,32,10,7,0,0,3,22915200,181,410100,9044,8600,157669,1000,229144920,1351675200,1,2020-03-19,G,121
1467,03,14,16,25,26,38,07,14,03,38,16,25,26,9,2,240980700,18,4213700,399,205200,15865,5400,219840,1000,0,1593271600,1,2020-03-23,I,122
1468,04,08,15,24,25,31,26,15,31,24,08,25,04,4,1,200000000,5,12164100,408,160900,15347,4500,215839,1000,2729175,1365512400,1,2020-03-26,D,107
1469,04,09,10,13,24,27,22,04,10,27,24,09,13,5,2,102077800,12,5035800,464,140600,16985,4000,228774,1000,0,1388565000,1,2020-03-30,E,87
1470,04,08,14,16,39,40,23,40,08,16,04,39,14,10,0,0,2,33401700,181,398500,9724,7800,161360,1000,222671139,1331588800,1,2020-04-02,J,121
1471,01,03,08,32,37,43,24,32,08,43,01,37,03,7,1,495652700,7,11699500,155,570600,9810,9500,184708,1000,0,1603316200,1,2020-04-06,G,124
1472,01,06,07,09,23,40,43,07,40,01,09,23,06,8,1,197820500,7,8478300,266,240900,12982,5200,185354,1000,0,1276318600,1,2020-04-09,H,86
1473,01,05,06,27,33,38,11,01,38,05,33,27,06,3,1,181579500,10,5447500,205,286900,9747,6300,159683,1000,0,1148303200,1,2020-04-13,C,110
1474,04,06,08,22,27,32,26,22,32,04,08,06,27,6,1,182687800,10,5480800,262,225900,12337,5000,186340,1000,0,1212384200,1,2020-04-16,F,99
1475,06,07,09,20,21,27,02,07,27,06,20,09,21,2,3,55886900,9,5588800,264,205700,12844,4400,179177,1000,0,1130802200,1,2020-04-20,B,90
1476,06,22,38,40,41,42,35,38,40,41,22,42,06,5,0,0,4,14063100,73,832200,6343,10100,101900,1000,187502802,1045779600,1,2020-04-23,E,189
1477,04,13,14,25,27,32,01,13,25,04,32,14,27,1,2,177912200,6,8416300,279,195400,9786,5800,146064,1000,0,1060105400,1,2020-04-27,A,115
1478,07,12,15,21,40,42,32,07,15,42,12,21,40,10,0,0,2,23360200,132,382200,6302,8400,107783,1000,155729584,920012800,1,2020-04-30,J,137
1479,01,20,30,32,35,37,33,32,35,01,20,37,30,8,1,334097800,1,53512200,84,687900,4496,13500,84196,1000,0,966522000,1,2020-05-04,H,155
1480,02,04,05,06,24,34,39,02,04,24,05,34,06,9,0,0,1,37922500,217,188700,12944,3300,155185,1000,126404430,897207800,1,2020-05-07,I,75
1481,03,09,21,31,41,42,18,03,41,09,42,31,21,7,1,319783400,4,14503900,178,351900,8224,8000,133376,1000,0,1141403800,1,2020-05-11,G,147
1482,08,26,28,32,41,43,14,08,28,26,32,41,43,4,0,0,3,18220400,119,496000,6370,9700,113798,1000,182198254,1049040200,1,2020-05-14,D,178
1483,03,10,20,23,29,43,22,20,43,03,23,29,10,1,0,0,1,64859500,188,372500,10008,7300,167670,1000,398389709,1317296600,1,2020-05-18,A,128
1484,04,12,17,18,23,41,28,41,17,23,04,18,12,6,0,0,8,9131900,265,297700,13373,6200,207773,1000,641899336,1525787200,1,2020-05-21,F,115
1485,09,10,18,27,28,35,37,28,35,18,09,27,10,3,2,466750300,8,10935400,370,255300,15646,6300,238116,1000,0,1803363600,1,2020-05-25,C,127
1486,18,24,29,33,39,42,34,24,42,39,29,18,33,10,1,200000000,4,16841300,172,422900,9156,8300,150614,1000,24543661,1315891200,1,2020-05-28,J,185
1487,05,07,09,17,24,35,36,05,17,09,07,24,35,2,1,246318900,3,22178200,299,240300,14630,5100,219068,1000,0,1455914000,1,2020-06-01,B,97
1488,04,10,11,17,34,37,38,17,10,34,04,37,11,10,0,0,3,20712500,284,236200,12465,5600,189787,1000,207118226,1326798000,1,2020-06-04,J,113
1489,04,06,11,13,23,32,01,06,32,23,04,13,11,8,0,0,11,6594700,369,212300,16118,5100,250353,1000,448916617,1612931800,1,2020-06-08,H,89
1490,07,19,24,29,39,43,11,07,19,39,29,24,43,1,2,364999800,11,7666100,220,413900,12134,7900,199045,1000,0,1670577400,1,2020-06-11,A,161
1491,08,11,23,31,34,37,01,08,23,11,37,31,34,7,1,200000000,0,0,259,291100,11858,6700,186570,1000,102612262,1431770400,1,2020-06-15,G,144
1492,04,16,18,32,38,42,36,32,18,42,04,16,38,4,2,181232600,7,11136900,222,379200,11960,7400,185658,1000,0,1548059200,1,2020-06-18,D,150
1493,11,18,24,27,37,38,15,38,24,37,27,18,11,5,1,200000000,11,6386400,307,247100,14801,5400,217042,1000,34161074,1505534400,1,2020-06-22,E,155
1494,08,15,17,24,26,38,27,38,15,26,17,08,24,9,1,262835300,7,9800600,369,200700,15227,5100,218029,1000,0,1483752000,1,2020-06-25,I,128
1495,18,24,32,34,37,41,22,24,37,34,18,32,41,6,0,0,5,14732800,269,295700,12822,6500,179188,1000,245538914,1471132400,1,2020-06-29,F,186
1496,05,09,13,16,17,34,37,13,05,09,17,16,34,3,2,256141600,8,10003200,253,341600,13646,6600,216435,1000,0,1646567400,1,2020-07-02,C,94
1497,06,22,28,30,35,37,08,30,06,22,35,28,37,2,1,200000000,3,24417100,169,468000,9249,9000,158982,1000,44163408,1420219600,1,2020-07-06,B,158
1498,01,06,07,09,31,37,43,31,37,09,07,06,01,1,0,0,6,11521200,258,289300,14027,5600,213032,1000,274581523,1480267600,1,2020-07-09,A,91
1499,10,11,27,28,29,37,13,11,29,28,27,10,37,8,1,536585000,13,6046400,365,232500,16480,5400,243349,1000,0,1685658200,1,2020-07-13,H,142
1500,19,21,22,28,29,30,04,19,30,21,28,29,22,9,0,0,1,75501700,224,364000,8677,9900,152586,1000,251664236,1438782800,1,2020-07-16,I,149
1501,06,10,13,25,31,38,15,06,31,10,13,25,38,10,26,19933500,10,7998500,602,143400,15538,5800,230344,1000,0,1676879600,1,2020-07-20,J,123
1502,01,17,25,28,32,42,26,28,17,42,25,32,01,4,0,0,7,10029300,171,443300,8230,9700,142854,1000,234010543,1340014400,1,2020-07-23,D,145
1503,01,08,16,35,40,42,20,40,42,01,08,16,35,7,1,521514300,4,21563400,236,394700,9751,10000,165939,1000,0,1625065000,1,2020-07-27,G,142
1504,05,07,09,21,42,43,35,21,05,09,42,07,43,5,1,200000000,4,16900100,195,374300,10088,7600,171661,1000,25327438,1366087200,1,2020-07-30,E,127
1505,01,02,14,15,21,34,19,01,15,21,14,02,34,2,1,278421000,3,25310100,197,416200,10296,8400,175685,1000,0,1496360000,1,2020-08-03,B,87
1506,10,12,19,28,35,41,39,19,28,41,12,35,10,6,0,0,3,22161500,280,256400,10501,7200,166199,1000,221608616,1337699200,1,2020-08-06,F,145
1507,19,20,22,30,35,43,29,19,35,43,22,30,20,10,0,0,5,16665500,158,569500,8351,11300,150443,1000,499358563,1548019000,1,2020-08-10,J,169
1508,09,13,28,29,32,40,41,32,28,40,29,09,13,1,3,263028200,11,7901800,310,302800,14237,6900,216203,1000,0,1746473800,1,2020-08-13,A,151
1509,06,11,12,34,36,41,43,06,41,36,34,12,11,8,1,200000000,3,23530700,209,364700,10936,7300,181042,1000,35299545,1430509200,1,2020-08-17,H,140
1510,08,13,17,18,21,38,23,08,18,17,21,13,38,5,2,136105800,9,7897300,262,292900,13361,6000,200432,1000,0,1480644800,1,2020-08-20,E,115
1511,11,16,22,24,38,40,06,24,40,11,22,38,16,3,1,200000000,5,14487400,198,395000,11001,7500,173331,1000,41449124,1440245600,1,2020-08-24,C,151
1512,01,11,12,24,32,38,39,24,01,32,11,38,12,9,1,277445900,10,7080100,326,234500,15409,5200,224112,1000,0,1529267400,1,2020-08-27,I,118
1513,13,14,18,19,25,42,05,25,42,13,18,19,14,5,1,200000000,4,18384000,170,467100,9710,8600,172911,1000,45111996,1455318000,1,2020-08-31,E,131
1514,11,16,22,29,37,43,14,43,16,37,29,11,22,10,7,42779100,3,25435000,222,371200,10893,7900,178863,1000,0,1508878000,1,2020-09-03,J,158
1515,05,09,17,21,27,29,30,27,29,17,21,05,09,4,0,0,7,9128400,332,207800,13667,5300,202489,1000,212989888,1380682200,1,2020-09-07,D,108
1516,25,32,34,37,41,42,28,25,42,37,34,32,41,7,2,253136000,3,29329100,185,513600,9643,10400,157862,1000,0,1632366000,1,2020-09-10,G,211
1517,14,25,27,30,39,41,08,39,30,27,14,41,25,10,1,200000000,4,18463300,157,508000,8661,9700,153333,1000,46170569,1416437000,1,2020-09-14,J,176
1518,06,15,16,22,36,41,20,36,22,15,16,06,41,4,1,291679500,2,36827500,275,289200,12082,6900,178650,1000,0,1469806200,1,2020-09-17,D,136
1519,05,08,20,21,27,43,09,05,08,20,27,21,43,2,0,0,8,8135500,248,283400,11615,6300,178299,1000,216940381,1344189200,1,2020-09-21,B,124
1520,01,06,11,13,30,33,04,13,01,06,30,33,11,6,2,232863600,4,18659600,281,286800,13811,6100,212338,1000,0,1558992200,1,2020-09-24,F,94
1521,17,21,22,40,41,42,13,21,17,22,42,40,41,3,3,83844800,6,12577100,183,445300,8464,10100,139994,1000,0,1410234200,1,2020-09-28,C,183
1522,05,17,21,22,32,35,41,21,22,05,17,35,32,9,0,0,3,23112200,230,325500,10129,7800,159605,1000,231115292,1364587400,1,2020-10-01,I,132
1523,02,15,17,25,34,38,27,25,17,34,38,15,02,1,0,0,14,5861500,219,404600,12080,7700,197630,1000,504644081,1634422600,2,2020-10-05,A,131
1524,02,03,15,24,30,43,39,30,03,24,02,43,15,5,0,0,6,13708300,272,326500,13785,6800,219892,1000,778802175,1686643600,2,2020-10-08,E,117
1525,03,07,20,21,28,32,24,21,07,20,28,32,03,1,6,181609300,16,5828600,323,311800,15861,6700,241661,1000,0,1895368800,1,2020-10-12,A,111
1526,04,17,19,21,39,41,36,39,04,41,19,21,17,8,3,78738700,4,17716700,262,292100,10885,7400,174226,1000,0,1419367800,1,2020-10-15,H,141
1527,02,05,09,11,27,32,33,02,27,11,05,32,09,4,3,68377800,9,6838000,400,166100,17653,3900,236061,1000,0,1420956200,1,2020-10-19,D,86
1528,01,14,17,34,35,37,16,14,17,35,34,01,37,7,2,119727100,4,17959600,187,414800,8633,9400,147557,1000,0,1374253400,1,2020-10-22,G,138
1529,03,19,26,28,33,40,01,28,33,40,19,26,03,10,0,0,5,14263300,228,337800,10932,7400,171838,1000,237713916,1420606000,1,2020-10-26,J,149
1530,02,05,10,34,37,40,07,02,05,40,10,37,34,8,1,512112200,4,20580500,164,542100,10015,9300,178343,1000,0,1595362400,1,2020-10-29,H,128
1531,02,06,07,10,30,33,14,10,33,02,30,06,07,2,0,0,5,13325500,271,265500,14114,5300,213504,1000,222085941,1444907200,1,2020-11-02,B,88
1532,02,09,14,16,17,21,34,16,14,21,09,02,17,7,2,240046100,7,11057700,250,334300,13610,6400,224208,1000,0,1625656400,1,2020-11-05,G,79
1533,15,22,27,37,38,41,05,22,37,38,27,41,15,5,2,117494300,11,6408900,222,342900,11570,6900,180971,1000,0,1428992800,1,2020-11-09,E,180
1534,01,09,18,22,24,43,39,43,24,22,01,18,09,6,0,0,5,13683900,212,348500,10940,7100,176794,1000,228058535,1389428000,1,2020-11-12,F,117
1535,01,09,14,30,35,38,32,14,09,30,35,38,01,3,2,259475600,7,12467200,176,535500,9996,9900,176633,1000,0,1663638200,1,2020-11-16,C,127
1536,02,05,09,30,37,40,28,02,05,30,37,09,40,9,1,200000000,3,22309600,254,284500,11880,6400,179760,1000,23089269,1374304800,1,2020-11-19,I,123
1537,06,13,14,32,33,37,20,13,33,37,32,14,06,2,1,261378200,6,11914800,242,319000,10622,7600,170970,1000,0,1421189800,1,2020-11-23,B,135
1538,08,14,19,33,35,40,38,40,08,33,19,14,35,1,0,0,2,36008400,171,454800,8973,9100,148552,1000,240048771,1379062000,1,2020-11-26,A,149
1539,13,29,33,37,41,42,43,41,29,42,13,33,37,10,1,530475300,3,29043600,246,382500,11157,8900,179457,1000,0,1667876600,1,2020-11-30,J,195
1540,01,20,25,28,33,37,31,28,01,25,33,20,37,8,2,118845000,5,14261800,143,538500,8086,10000,147506,1000,0,1366430600,1,2020-12-03,H,144
1541,12,26,28,32,33,35,41,33,26,12,35,28,32,3,0,0,7,10348400,178,439500,9195,8900,158890,1000,241455786,1408183600,1,2020-12-07,C,166
1542,11,12,16,17,20,36,18,17,11,20,36,12,16,4,0,0,1,81408600,203,433000,11041,8400,197546,1000,512809029,1624729400,1,2020-12-10,D,112
1543,17,21,26,33,36,38,34,38,33,21,17,26,36,6,0,0,7,13559300,253,405100,12042,8900,207503,1000,829184615,1843591200,1,2020-12-14,F,171
1544,03,11,25,26,39,42,34,42,03,25,11,26,39,7,1,600000000,7,13607700,447,230100,17871,6000,255915,1000,546688277,1956102800,1,2020-12-17,G,146
1545,08,14,15,26,37,43,12,08,15,43,14,26,37,5,1,600000000,12,7720600,403,248200,15676,6700,232251,1000,255503255,1865549000,1,2020-12-21,E,143
1546,01,18,19,24,31,40,16,01,19,24,40,31,18,3,2,275572000,4,22173700,273,350800,12448,8100,202658,1000,0,1742219800,1,2020-12-24,C,133
1547,04,11,14,17,22,39,21,04,14,17,22,39,11,9,1,200000000,10,7516900,362,224200,15510,5500,233230,1000,50556777,1613152400,1,2020-12-28,I,107
1548,18,24,26,35,39,42,32,42,24,39,35,26,18,10,0,0,2,39785700,227,378500,10473,8600,167576,1000,315786518,1531371400,1,2021-01-04,J,184
1549,04,05,27,28,35,41,33,27,04,35,05,41,28,2,0,0,3,27345100,244,363000,13348,7000,207970,1000,589229311,1657024600,1,2021-01-07,B,140
1550,08,11,22,32,37,42,41,42,08,11,32,22,37,8,1,600000000,5,17320300,268,348900,14542,6700,233369,1000,277893021,1779978000,1,2021-01-11,H,152
1551,03,14,18,24,38,43,23,38,14,43,24,03,18,6,3,180897400,9,8826900,302,284000,14183,6300,218705,1000,0,1643110600,1,2021-01-14,F,140
1552,05,09,15,30,32,39,11,32,39,05,30,09,15,5,1,200000000,4,19264300,214,388800,11524,7600,185083,1000,56849793,1533657800,1,2021-01-18,E,130
1553,07,08,16,32,41,42,31,16,41,42,32,08,07,1,4,77867100,9,8487500,209,394700,10426,8300,175449,1000,0,1502500600,1,2021-01-21,A,146
1554,06,14,16,27,40,42,26,06,14,42,40,27,16,4,2,124357100,4,18654100,191,421900,9880,8600,167174,1000,0,1458309800,1,2021-01-25,D,145
1555,02,08,17,23,24,27,05,08,24,02,17,23,27,2,2,101798900,6,10180200,338,195100,15824,4400,231076,1000,0,1403168200,1,2021-01-28,B,101
1556,10,19,28,30,38,42,18,42,19,10,38,28,30,3,0,0,4,19282600,171,487100,9192,9500,160550,1000,257093373,1480204400,1,2021-02-01,C,167
1557,05,21,22,23,26,39,31,21,05,26,22,23,39,7,0,0,8,9945200,184,466900,11703,7700,195810,1000,522290979,1593973200,1,2021-02-04,G,136
1558,01,12,25,27,39,42,16,27,01,12,42,39,25,9,1,600000000,7,12490300,329,287000,14877,6700,232071,1000,213722015,1789186000,1,2021-02-08,I,146
1559,04,15,17,20,26,31,43,20,04,17,15,31,26,10,1,480866800,6,13357600,243,356100,12186,7500,191409,1000,0,1592702000,1,2021-02-11,J,113
1560,07,19,24,32,40,42,22,07,42,40,32,19,24,8,1,200000000,6,12175200,265,297700,11625,7100,179639,1000,43496170,1463208400,1,2021-02-15,H,164
1561,12,15,26,34,35,38,07,34,38,35,12,26,15,6,2,149668200,11,6977600,216,383700,10465,8300,165668,1000,0,1486102200,1,2021-02-18,F,160
1562,02,04,15,16,26,33,25,33,04,02,15,16,26,5,0,0,12,5888600,293,260400,13686,5800,206126,1000,235538502,1487295600,1,2021-02-22,E,96
1563,01,12,20,26,35,37,02,12,01,35,37,26,20,3,0,0,2,41506700,232,386400,10692,8800,182066,1000,512240826,1613703400,1,2021-02-25,C,131
1564,05,06,18,20,27,37,07,18,27,05,06,37,20,1,3,268498000,6,14663100,277,343000,15724,6300,254101,1000,0,1846105000,1,2021-03-01,A,113
1565,05,09,17,28,30,37,27,37,28,05,09,30,17,4,1,200000000,10,6611400,345,206900,13960,5400,199839,1000,20374543,1407062200,1,2021-03-04,D,126
1566,12,13,20,24,30,35,34,35,30,12,13,24,20,10,2,139763500,5,15549600,194,432800,10349,8500,177380,1000,0,1526602200,1,2021-03-08,J,134
1567,05,07,19,26,37,40,34,40,07,37,05,19,26,7,2,111522300,6,11152600,286,252600,12559,6000,186887,1000,0,1389948000,1,2021-03-11,G,134
1568,02,05,07,10,16,34,14,16,05,02,07,10,34,1,0,0,5,13305700,261,275200,13564,5500,209052,1000,221755287,1433569000,1,2021-03-15,A,74
1569,02,08,29,31,32,33,16,31,02,33,08,32,29,9,0,0,14,5765000,214,407300,10743,8500,184879,1000,490783276,1586419800,1,2021-03-18,I,135
1570,01,19,22,23,31,36,24,22,19,31,01,36,23,2,1,600000000,6,14617500,239,396300,11847,8400,203824,1000,183123869,1730389400,1,2021-03-22,B,132
1571,01,02,05,25,40,41,26,05,25,01,02,41,40,6,1,447344100,8,9908500,227,377100,11630,7700,190160,1000,0,1577147000,1,2021-03-25,F,114
1572,04,06,10,19,28,38,40,28,06,10,38,04,19,10,4,54869000,4,16461200,432,164600,17072,4400,224595,1000,0,1458150000,1,2021-03-29,J,105
1573,02,10,16,38,39,43,11,10,38,02,43,16,39,8,1,200000000,4,20173400,206,423000,10527,8700,174037,1000,68970442,1562075000,1,2021-04-01,H,148
1574,01,02,03,20,31,32,13,03,20,01,31,02,32,5,1,321516000,7,10823700,282,290100,10628,8100,185386,1000,0,1515523200,1,2021-04-05,E,89
1575,02,08,15,24,32,39,09,08,32,15,02,39,24,4,5,42570000,6,10642800,509,135400,15447,4700,198290,1000,0,1370741800,1,2021-04-08,D,120
1576,05,07,10,17,29,32,37,10,05,07,29,17,32,7,1,200000000,6,11038000,296,241600,13636,5500,206274,1000,20753880,1423019800,1,2021-04-12,G,100
1577,13,14,15,28,37,39,04,39,14,37,15,13,28,3,0,0,11,6768900,224,358900,11617,7300,177471,1000,268942151,1478893800,1,2021-04-15,C,146
1578,03,15,17,19,21,34,04,21,17,15,19,34,03,1,2,273075900,11,7560500,265,338900,13193,7100,206455,1000,0,1670118400,1,2021-04-19,A,109
1579,23,29,32,33,37,42,01,37,42,33,32,29,23,9,0,0,6,12516400,155,523200,9139,9300,151537,1000,250321018,1430582200,1,2021-04-22,I,196
1580,05,07,11,12,24,31,03,05,07,24,11,31,12,2,9,54374500,28,2561300,756,102400,24592,3300,303210,1000,0,1718382400,1,2021-04-26,B,90
1581,06,12,30,31,41,43,01,06,43,12,30,41,31,4,0,0,9,7678300,210,355300,9733,8100,153376,1000,230344081,1347375200,1,2021-04-29,D,163
1582,18,32,35,36,39,41,28,35,32,39,18,41,36,6,0,0,4,21594400,196,475900,8856,11100,156476,1000,518260405,1605838800,1,2021-05-03,F,201
1583,05,07,16,34,39,41,29,34,16,39,41,07,05,10,0,0,7,12722200,272,353500,13061,7700,210487,1000,815104198,1764873800,1,2021-05-06,J,142
1584,13,15,18,30,37,43,09,43,13,30,18,37,15,8,1,600000000,8,12945100,262,426800,12708,9200,217627,1000,560297731,1992015400,1,2021-05-10,H,156
1585,02,06,10,13,16,32,09,02,32,13,16,06,10,5,0,0,9,9272900,329,273900,15843,6000,248969,1000,838477235,1768831600,1,2021-05-13,E,79
1586,02,13,19,27,40,42,14,40,27,02,19,13,42,6,0,0,8,12268300,303,349800,14154,7900,228239,1000,1165623025,1936734000,1,2021-05-17,F,143
1587,16,21,22,27,36,43,37,36,43,21,27,22,16,1,0,0,10,10609500,265,432300,12914,9300,221825,1000,1519263024,2038253000,1,2021-05-20,A,165
1588,06,16,27,31,32,34,11,16,34,06,32,31,27,7,0,0,5,21922100,319,371000,16401,7600,269544,1000,1884619690,2195493800,1,2021-05-24,G,146
1589,11,21,25,31,36,39,32,36,21,39,11,31,25,3,1,600000000,10,11702000,274,461200,16236,8200,252875,1000,1674674315,2266374800,1,2021-05-27,C,163
1590,10,12,15,29,33,42,17,10,29,12,42,33,15,2,1,600000000,9,11966900,374,311000,16918,7200,274415,1000,1433672168,2178532000,1,2021-05-31,B,141
1591,07,09,18,21,26,43,14,43,07,09,21,18,26,9,1,600000000,8,12619300,335,325400,16471,6900,259810,1000,1170178009,2047792600,1,2021-06-03,I,124
1592,04,16,25,30,36,43,19,30,16,04,25,43,36,4,1,600000000,13,7959700,292,382700,13156,8900,215757,1000,915087669,1986619400,1,2021-06-07,D,154
1593,06,17,18,35,37,38,16,17,38,06,37,35,18,10,0,0,12,7639200,290,341300,15346,6800,242461,1000,1220647866,1874015400,1,2021-06-10,J,151
1594,01,05,06,13,34,36,18,05,34,13,01,06,36,6,1,600000000,5,19837900,415,258100,15310,7300,265783,1000,951269641,2035354200,1,2021-06-14,F,95
1595,16,21,30,32,40,43,15,43,32,21,40,16,30,8,1,600000000,6,18539400,205,586000,12152,10400,208449,1000,722046804,2083413200,1,2021-06-17,H,182
1596,10,15,30,35,42,43,26,42,35,10,43,30,15,1,0,0,7,14727600,244,456200,12402,9400,207286,1000,1065679551,1962215200,1,2021-06-21,A,175
1597,02,03,08,17,23,32,12,03,02,23,17,08,32,2,3,454290200,16,5572500,678,142000,23742,4200,314289,1000,0,1997063600,1,2021-06-24,B,85
1598,09,11,26,28,39,43,01,39,09,28,26,11,43,5,1,200000000,7,11321300,233,367300,12232,7300,200172,1000,64156365,1599116600,1,2021-06-28,E,156
1599,01,02,20,22,35,38,04,20,01,02,35,38,22,7,1,337889600,6,13687100,222,399500,9913,9400,171486,1000,0,1577218400,1,2021-07-01,G,118
1600,07,14,22,35,37,39,24,22,35,37,39,14,07,3,1,200000000,10,7587600,261,313900,11686,7400,183089,1000,52913916,1512028000,1,2021-07-05,C,154
1601,06,13,17,18,21,41,37,13,17,18,41,21,06,3,0,0,6,12277700,279,285100,12639,6600,199644,1000,298461714,1516629000,1,2021-07-08,C,116
1602,01,02,07,14,32,42,33,02,14,32,42,07,01,4,0,0,4,20933100,282,320600,14031,6800,230385,1000,577560631,1731551400,1,2021-07-12,D,98
1603,04,06,32,35,40,42,26,32,40,06,35,04,42,10,0,0,5,18857100,196,519500,11361,9400,193113,1000,891835621,1802434400,1,2021-07-15,J,159
1604,12,21,23,36,37,38,06,36,23,12,37,21,38,9,4,303278000,16,6024100,306,340100,14598,7500,229118,1000,0,1913041200,1,2021-07-19,I,167
1605,02,05,08,20,29,40,06,40,05,20,08,29,02,6,0,0,3,22472800,232,313800,12329,6200,187754,1000,224721445,1399201400,1,2021-07-22,F,104
1606,18,23,25,26,32,34,43,25,18,23,26,34,32,8,1,505790600,33,2555200,239,381000,11356,8400,188067,1000,0,1646120800,1,2021-07-26,H,158
1607,10,13,14,15,17,22,40,10,14,15,17,13,22,1,0,0,3,23159200,159,471900,9702,8100,166900,1000,231585365,1382852600,1,2021-07-29,A,91
1608,10,18,22,23,25,35,19,22,35,25,10,23,18,2,1,509282000,6,13885200,232,387800,12572,7500,205473,1000,0,1670064000,1,2021-08-02,B,133
1609,04,12,16,34,35,41,05,16,41,04,35,34,12,7,1,200000000,6,11578400,191,392800,9376,8400,157972,1000,31561885,1362910000,1,2021-08-05,G,142
1610,01,08,13,22,41,42,40,01,08,22,41,42,13,4,0,0,4,17643400,194,392800,10501,7600,173671,1000,266800327,1413862200,1,2021-08-09,D,127
1611,03,14,16,24,32,36,34,32,24,03,14,16,36,5,2,259020800,5,15074900,314,259200,14199,6000,211211,1000,0,1567213200,1,2021-08-12,E,125
1612,05,08,12,16,27,38,42,16,08,27,05,12,38,3,8,25388800,16,3808400,529,124400,19245,3600,240064,1000,0,1421014400,1,2021-08-16,C,106
1613,09,17,22,25,30,41,15,25,09,17,30,22,41,10,0,0,8,8568900,212,349200,10475,7400,162397,1000,228496717,1359349400,1,2021-08-19,J,144
1614,04,05,20,29,40,43,24,43,29,40,05,20,04,8,0,0,2,43923000,201,471900,10038,9900,172594,1000,521307271,1663043000,1,2021-08-23,H,141
1615,02,05,06,13,19,29,25,05,13,06,02,19,29,6,1,600000000,16,5080400,431,203600,18546,5000,280761,1000,192257783,1807891800,1,2021-08-26,F,74
1616,01,04,06,21,34,41,12,01,41,04,21,06,34,9,1,478273700,9,9534100,231,401100,11883,8200,207857,1000,0,1711714800,1,2021-08-30,I,107
1617,02,19,21,24,26,41,23,24,02,26,21,41,19,2,1,200000000,7,10506500,190,418000,10156,8200,173195,1000,45144696,1456092000,1,2021-09-02,B,133
1618,02,10,14,17,37,43,38,37,14,43,17,10,02,7,0,0,6,13240100,295,290800,12782,7000,205625,1000,309939596,1614024600,1,2021-09-06,G,123
1619,03,05,17,20,24,38,13,24,20,17,03,05,38,5,1,582585000,12,6816300,380,232400,16998,5400,243682,1000,0,1732900400,1,2021-09-09,E,107
1620,07,15,19,24,25,28,11,28,24,15,07,19,25,1,0,0,6,11811700,262,292100,13224,6100,212875,1000,236227979,1505306200,1,2021-09-13,A,118
1621,03,10,22,23,26,39,01,39,22,03,26,10,23,4,1,512063000,10,8275300,305,293000,15040,6200,233592,1000,0,1724415800,1,2021-09-16,D,123
1622,16,29,34,35,40,41,26,41,35,16,34,40,29,6,0,0,4,19032000,144,570900,8811,9800,140530,1000,253752770,1421118000,1,2021-09-20,F,195
1623,07,12,15,17,19,29,22,15,07,12,17,19,29,8,2,260837600,10,8037900,290,299300,14225,6400,229953,1000,0,1681753800,1,2021-09-23,H,99
1624,03,05,17,25,33,39,19,17,25,03,05,33,39,10,4,57625000,15,4610100,451,165500,16407,4800,217094,1000,0,1489653000,1,2021-09-27,J,122
1625,01,04,08,11,30,42,09,04,01,08,11,42,30,3,0,0,11,6022500,348,205500,16268,4600,224954,1000,220819031,1464815600,1,2021-09-30,C,96
1626,09,11,19,23,30,43,27,09,43,30,19,23,11,9,0,0,5,16850200,274,332000,14435,6600,226053,1000,501647043,1729480400,1,2021-10-04,I,135
1627,21,22,23,26,36,38,13,36,26,22,38,23,21,6,0,0,4,23683300,226,452600,11606,9300,199656,1000,817414530,1823496200,1,2021-10-07,F,166
1628,01,03,10,12,26,42,13,12,10,01,03,26,42,5,2,563845400,8,11635700,432,232700,20482,5100,297732,1000,0,2017447800,1,2021-10-11,E,94
1629,19,23,30,31,32,40,13,40,19,32,23,31,30,2,0,0,7,10802500,143,571000,7879,10900,142296,1000,252051095,1417606600,1,2021-10-14,B,175
1630,10,11,24,33,34,36,42,36,10,24,34,11,33,7,4,136548900,5,17649200,241,395400,12433,8000,209522,1000,0,1750935200,1,2021-10-18,G,148
1631,07,15,23,26,30,35,36,35,15,26,23,30,07,1,2,116123800,5,13935300,256,293900,11377,6900,179993,1000,0,1414842000,1,2021-10-21,A,136
1632,01,09,24,28,31,41,02,09,41,31,01,24,28,4,3,80875700,8,9098800,198,397000,10176,8100,172404,1000,0,1443333400,1,2021-10-25,D,134
1633,03,07,09,26,35,36,28,26,09,35,03,36,07,3,0,0,5,13634300,227,324300,11250,6900,188728,1000,227231251,1412333000,1,2021-10-28,C,116
1634,18,19,20,23,29,35,17,19,18,35,29,20,23,10,0,0,5,17536000,194,488100,10330,9600,183460,1000,519489077,1684774400,1,2021-11-01,J,144
1635,04,08,19,32,36,43,30,04,36,08,43,32,19,8,2,407945900,8,11115400,274,350400,12950,7800,209292,1000,0,1760291200,1,2021-11-04,H,142
1636,01,12,24,26,30,36,29,36,26,24,30,01,12,6,4,59738300,8,8961000,259,298900,13857,5900,194786,1000,0,1477018000,2,2021-11-08,F,129
1637,02,03,11,16,27,36,29,02,03,36,27,16,11,9,2,103420200,10,6205400,326,205500,14495,4800,220052,1000,0,1392839800,2,2021-11-11,I,95
1638,21,25,26,35,39,40,18,39,21,35,25,26,40,9,0,0,5,15784300,116,734700,7532,11900,140514,1000,263064473,1461772000,1,2021-11-15,I,186
1639,05,09,13,20,26,32,28,26,09,32,05,13,20,8,0,0,15,5235100,365,232300,14117,6300,211547,1000,524812177,1613869200,1,2021-11-18,H,105
1640,08,09,19,21,27,30,17,19,30,09,27,21,08,5,2,401018100,10,8316900,378,237600,16800,5600,254068,1000,0,1775987800,1,2021-11-22,E,114
1641,02,05,07,12,16,20,33,12,16,07,20,02,05,3,7,29018900,3,20313900,475,138500,17450,3900,230494,1000,0,1399842600,1,2021-11-25,C,62
1642,05,15,16,24,34,39,13,39,34,24,05,15,16,2,1,200000000,5,14325400,258,299800,10761,7500,172029,1000,38749670,1425556400,1,2021-11-29,B,133
1643,10,11,12,15,16,40,33,15,12,16,10,40,11,7,2,140904800,6,12153300,182,432600,10892,7600,184844,1000,0,1472869200,1,2021-12-02,G,104
1644,01,09,14,28,32,40,15,40,14,28,01,32,09,1,1,200000000,4,18598900,240,334700,10030,8400,162899,1000,47978103,1445593200,1,2021-12-06,A,124
1645,02,08,13,14,33,40,06,08,33,40,13,02,14,4,3,93784600,7,10002100,431,175400,14167,5600,191024,1000,0,1444268000,1,2021-12-09,D,110
1646,03,19,21,29,39,43,25,43,39,29,03,19,21,10,0,0,2,37005900,179,446500,9827,8500,165594,1000,246698413,1445990200,1,2021-12-13,J,154
1647,03,08,14,15,19,35,12,03,08,15,14,35,19,6,0,0,10,8045800,300,289600,14999,6100,229171,1000,514883908,1681165000,1,2021-12-16,F,94
1648,02,03,22,26,35,42,38,02,22,26,03,35,42,5,3,275607500,7,13369200,260,388700,14628,7300,244002,1000,0,1905312400,1,2021-12-20,E,130
1649,08,16,19,23,29,41,01,16,29,19,08,23,41,9,0,0,5,14179300,291,263100,12649,6300,194130,1000,236315434,1464032800,1,2021-12-23,I,136
1650,01,03,15,33,39,43,30,33,39,03,43,01,15,8,4,132929600,5,17724700,258,370900,13849,7300,221232,1000,0,1782455800,1,2021-12-27,H,134
1651,07,12,15,21,27,32,28,32,12,21,07,15,27,3,2,119491000,6,11949400,357,216800,14745,5500,216560,1000,0,1525529800,1,2021-12-30,C,114
1652,08,15,16,23,38,43,02,38,23,43,15,08,16,2,2,119844100,8,8988600,334,232500,15134,5400,198935,1000,0,1489449200,1,2022-01-06,B,143
1653,02,07,10,12,29,36,06,36,07,02,29,12,10,4,1,200000000,8,8373400,389,185900,16118,4700,227195,1000,23285229,1480572200,1,2022-01-10,D,96
1654,09,10,14,21,22,33,26,09,33,14,21,10,22,7,0,0,4,19692900,256,332300,13504,6600,208882,1000,285849238,1611514000,1,2022-01-13,G,109
1655,21,23,31,38,42,43,40,43,21,38,31,42,23,10,0,0,5,19268900,185,562400,9924,11000,180169,1000,606988061,1803663000,1,2022-01-17,J,198
1656,11,12,14,28,36,38,37,36,12,14,11,28,38,1,2,462303000,5,19057700,303,339600,14723,7300,240889,1000,0,1923211800,1,2022-01-20,A,139
1657,11,13,16,19,20,38,25,19,38,16,11,13,20,6,1,200000000,7,11051700,229,364800,10017,8800,168876,1000,57866369,1502084400,1,2022-01-24,F,117
1658,10,11,19,29,30,36,37,10,36,11,29,30,19,5,2,160290900,11,7165200,281,302900,13573,6600,210222,1000,0,1615153600,1,2022-01-27,E,135
1659,04,10,23,25,37,42,06,37,42,23,10,25,04,8,1,200000000,15,4981600,236,341900,11924,7100,189368,1000,49073733,1509200800,1,2022-01-31,H,141
1660,03,13,29,35,42,43,15,43,13,03,35,29,42,3,1,321050200,5,16319100,175,503500,9686,9600,170616,1000,0,1567608400,1,2022-02-03,C,165
1661,06,14,31,35,38,43,12,35,38,14,43,06,31,9,0,0,7,11143800,147,573000,8470,10500,152410,1000,260015227,1474883200,1,2022-02-07,I,167
1662,04,17,18,25,26,27,32,27,26,18,25,04,17,2,1,518825300,7,11092200,322,260400,14880,5900,223911,1000,0,1628508200,1,2022-02-10,B,117
1663,01,06,19,21,27,39,03,19,39,06,21,01,27,4,0,0,3,22810400,265,278800,12383,6300,190416,1000,228097048,1419867400,1,2022-02-14,D,113
1664,07,10,17,20,21,27,15,07,17,27,20,10,21,7,1,498086000,11,7363500,394,222000,15377,6000,230196,1000,0,1691323400,1,2022-02-17,G,102
1665,19,22,24,29,34,41,09,41,34,19,22,29,24,6,1,200000000,5,14855900,170,471800,9511,8900,160291,1000,47590471,1438103800,1,2022-02-21,F,169
1666,14,16,26,37,41,43,31,41,16,26,14,43,37,10,0,0,3,26370100,180,474600,8781,10200,154486,1000,311283430,1495567200,1,2022-02-24,J,177
1667,05,08,18,25,40,43,17,25,05,08,18,40,43,1,0,0,9,9643600,266,352300,13878,7100,224283,1000,600583728,1762568600,1,2022-02-28,A,139
1668,05,16,21,24,31,34,29,05,24,34,16,31,21,5,1,600000000,7,14200400,245,438100,13351,8400,225803,1000,331915902,1949614000,1,2022-03-03,E,131
1669,02,04,13,14,22,29,26,02,04,13,22,14,29,8,2,306391000,2,42131200,365,249300,17300,5500,254940,1000,0,1793840200,1,2022-03-07,H,84
1670,01,16,20,23,32,37,18,16,20,01,37,32,23,3,0,0,7,10521000,205,387900,10177,8200,168079,1000,245483960,1446205600,1,2022-03-10,C,129
1671,16,27,37,38,39,43,10,39,37,43,38,16,27,7,1,549305500,5,18229800,227,433600,12215,8500,198083,1000,0,1767800600,1,2022-03-14,G,200
1672,06,17,22,27,37,42,34,42,22,37,06,27,17,9,2,114360000,3,22872700,312,237500,12599,6200,190739,1000,0,1423307600,1,2022-03-17,I,151
1673,24,33,35,36,41,43,21,24,36,33,41,43,35,5,0,0,2,36758800,160,496200,7928,10500,139948,1000,245050874,1381799800,1,2022-03-21,E,212
1674,14,19,25,29,33,43,31,29,43,19,33,25,14,1,1,522554500,5,16650700,202,445100,11443,8300,189233,1000,0,1633131600,1,2022-03-24,A,163
1675,02,03,17,27,28,34,06,03,17,02,27,28,34,2,1,200000000,5,15388500,285,291500,14311,6100,225357,1000,56467348,1621484400,1,2022-03-28,B,111
1676,05,13,21,27,31,36,11,05,31,13,27,21,36,4,0,0,6,12692400,316,260200,13050,6600,196907,1000,310308997,1546788600,1,2022-03-31,D,133
1677,11,20,26,31,34,38,32,20,11,34,26,38,31,6,3,205631800,6,15329800,251,395700,10701,9800,185964,1000,0,1752952000,1,2022-04-04,F,160
1678,03,15,17,21,22,23,13,23,22,15,17,21,03,10,2,109880500,6,10988400,277,257000,12978,5700,200889,1000,0,1406715000,1,2022-04-07,J,101
1679,10,12,13,21,31,41,27,12,10,13,21,41,31,8,0,0,3,24452600,241,328700,11038,7500,177907,1000,244518910,1463828600,1,2022-04-11,H,128
1680,04,19,29,32,35,42,25,29,35,19,32,42,04,5,0,0,4,20805300,233,385700,11332,8300,188617,1000,521914281,1631289600,1,2022-04-14,E,161
1681,01,07,11,13,15,42,33,13,15,42,01,07,11,6,0,0,5,19115200,248,416200,15630,6900,261493,1000,840491202,1973188200,1,2022-04-18,F,89
1682,06,09,10,21,33,41,14,21,33,09,10,41,06,3,0,0,11,9234200,373,294000,17452,6600,278571,1000,1179068911,2098537200,1,2022-04-21,C,120
1683,06,15,28,30,32,43,21,30,28,43,06,15,32,7,3,526693900,7,17186800,350,371200,16464,8300,269939,1000,0,2352179800,1,2022-04-25,G,154
1684,05,10,26,30,34,40,31,26,30,05,34,10,40,9,1,200000000,3,25291800,196,418000,9927,8700,165841,1000,52910000,1473682000,1,2022-04-28,I,145
1685,01,26,27,28,33,37,08,37,26,28,27,33,01,1,1,332065800,7,11964200,154,587300,9785,9700,180626,1000,0,1621224600,1,2022-05-02,A,152
1686,07,08,09,23,25,41,11,23,41,08,09,07,25,2,2,102693600,8,7702200,229,290500,11876,5900,189112,1000,0,1317734000,1,2022-05-05,B,113
1687,20,21,23,26,29,35,22,20,29,35,23,21,26,6,0,0,8,9602900,195,425400,8438,10300,149755,1000,256069713,1451742400,1,2022-05-09,F,154
1688,02,04,10,24,34,42,08,02,34,10,42,04,24,5,3,173844600,28,2844300,393,218800,15975,5600,224888,1000,0,1659756000,1,2022-05-12,E,116
1689,04,07,21,22,34,42,31,34,04,21,22,42,07,4,5,48329100,5,14499200,261,299900,11145,7400,178764,1000,0,1453178600,1,2022-05-16,D,130
1690,08,16,21,23,29,37,38,23,21,29,37,16,08,3,3,72360700,6,10854400,382,184100,13050,5600,188138,1000,0,1366673400,1,2022-05-19,C,134
1691,13,16,18,29,33,41,26,33,41,18,16,29,13,8,0,0,2,36358400,234,335600,9859,8400,163684,1000,242381810,1422883400,1,2022-05-23,H,150
1692,04,08,17,31,37,42,14,37,31,42,04,08,17,10,1,520778600,6,13920200,298,302600,13542,7000,214202,1000,0,1692521400,1,2022-05-26,J,139
1693,07,08,21,23,34,36,11,21,34,08,23,07,36,7,1,200000000,7,9766000,336,219700,13770,5600,196104,1000,27866964,1431502000,1,2022-05-30,G,129
1694,02,12,14,26,32,37,29,14,37,26,12,02,32,9,1,267868300,4,18000600,290,268100,13521,6000,199197,1000,0,1491399400,1,2022-06-02,I,123
1695,03,08,14,18,28,37,39,08,28,18,14,37,03,6,1,200000000,3,21612900,311,225100,14464,5100,202022,1000,16122806,1393334400,1,2022-06-06,F,108
1696,02,04,13,18,32,35,12,35,32,04,02,13,18,1,0,0,4,17990800,214,363100,10627,7700,174749,1000,255992308,1436494200,1,2022-06-09,A,104
1697,02,03,11,12,22,35,26,22,11,02,35,12,03,5,1,516523200,16,4885100,416,202900,19347,4600,267267,1000,0,1732374600,1,2022-06-13,E,85
1698,06,16,18,33,42,43,11,16,18,06,43,42,33,2,0,0,6,11776700,189,403700,10027,8000,161958,1000,235526810,1389093400,1,2022-06-16,B,158
1699,04,06,16,27,39,42,01,27,16,39,04,06,42,4,1,507202600,10,8150500,347,253600,15571,5900,235257,1000,0,1709941400,1,2022-06-20,D,134
1700,11,19,20,27,31,35,06,19,20,11,35,31,27,3,0,0,5,14267000,184,418600,9726,8300,158718,1000,237776885,1391725600,1,2022-06-23,C,143
1701,05,08,27,30,33,39,10,27,39,05,33,08,30,8,3,168435800,10,8026100,278,311700,13957,6500,219062,1000,0,1655839400,1,2022-06-27,H,142
1702,02,06,07,18,27,38,14,27,06,02,18,38,07,10,1,198347600,11,5409600,330,194700,15967,4200,220299,1000,0,1356277600,1,2022-06-30,J,98
1703,14,22,23,30,33,38,18,22,33,30,14,38,23,7,1,200000000,7,10567800,194,411800,8986,9300,151198,1000,46576051,1413464400,1,2022-07-04,G,160
1704,01,05,18,26,39,40,31,05,26,18,39,40,01,1,0,0,11,6705900,261,305200,10994,7600,172175,1000,292451884,1457020200,1,2022-07-07,A,129
1705,03,06,09,28,37,41,05,28,41,37,03,09,06,9,2,272161500,6,12593900,365,223500,15628,5500,236791,1000,0,1626809600,2,2022-07-11,I,124
1706,13,15,32,35,37,38,25,32,38,15,37,13,35,4,0,0,3,22771900,148,498500,8095,9600,136595,1000,227711765,1298581600,2,2022-07-14,D,170
1707,14,16,28,34,35,36,26,16,34,35,14,36,28,2,1,489691600,9,8732900,284,298800,10901,8200,172327,1000,0,1527728200,1,2022-07-18,B,163
1708,01,20,29,35,40,41,16,29,41,20,40,35,01,6,0,0,1,72542400,119,658300,6683,12300,117225,1000,241800268,1317100000,1,2022-07-21,F,166
1709,03,04,07,20,22,41,05,22,03,07,04,20,41,8,1,496248600,6,12722800,339,243100,14145,6100,214848,1000,0,1589308600,1,2022-07-25,H,97
1710,01,02,21,27,32,37,14,37,01,32,21,27,02,5,0,0,11,5897300,152,460900,9877,7400,165872,1000,216230165,1313470200,1,2022-07-28,E,120
1711,03,32,33,34,35,40,05,03,34,32,40,35,33,10,0,0,2,43346600,148,632600,8686,11300,150390,1000,505198420,1596911000,1,2022-08-01,J,177
1712,01,05,15,24,25,28,14,01,05,25,24,15,28,3,0,0,10,7820500,345,244800,15785,5600,235178,1000,765874905,1661701600,1,2022-08-04,C,98
1713,06,32,38,39,40,42,37,39,32,40,42,38,06,1,0,0,9,10798600,180,583100,11550,9600,186956,1000,1089824702,1831028400,1,2022-08-08,A,197
1714,11,15,20,26,33,42,16,33,26,42,20,11,15,2,0,0,7,13240100,279,358700,12313,8500,205132,1000,1398751276,1805772200,1,2022-08-11,B,147
1715,02,06,15,16,32,37,25,02,37,32,06,16,15,9,5,340516100,12,7595900,574,171400,21046,4900,286778,1000,0,1964934800,1,2022-08-15,I,108
1716,02,26,27,32,38,42,09,02,26,38,32,27,42,7,0,0,5,13511100,265,275300,11403,6700,174199,1000,225178871,1371078000,1,2022-08-18,G,167
1717,15,21,23,24,33,36,40,23,24,21,36,33,15,2,1,505268900,9,9336600,215,422000,12251,7800,202259,1000,0,1673380200,1,2022-08-22,B,152
1718,01,06,09,15,18,38,10,15,18,06,38,01,09,4,0,0,6,10784200,214,326500,13129,5600,202935,1000,215678318,1393421000,1,2022-08-25,D,87
1719,04,11,15,16,35,39,36,39,35,15,04,11,16,8,3,163593600,6,13755500,235,379200,13216,7100,220615,1000,0,1692377600,1,2022-08-29,H,120
1720,01,05,18,25,32,38,20,25,18,32,01,05,38,5,2,112190500,7,9616600,347,209500,12497,6100,182995,1000,0,1387138800,1,2022-09-01,E,119
1721,07,08,14,17,22,39,30,14,39,17,08,07,22,1,4,56371800,5,13529600,306,238700,14160,5400,209185,1000,0,1450172400,2,2022-09-05,A,107
1722,02,05,30,33,36,42,28,36,05,33,30,42,02,5,2,117408500,3,23482400,141,539500,8419,9500,148633,1000,0,1356381200,2,2022-09-08,E,148
1723,06,10,15,16,30,38,26,06,10,30,16,38,15,6,0,0,10,6743000,282,258200,14304,5300,208888,1000,224760293,1446335600,1,2022-09-12,F,115
1724,06,09,24,26,33,37,16,33,09,37,24,06,26,10,2,237946800,6,12557000,283,287500,14027,6100,226283,1000,0,1600234600,1,2022-09-15,J,135
1725,02,10,16,17,20,28,01,02,20,17,16,10,28,3,1,200000000,10,6212700,257,261000,11045,6400,171906,1000,7084941,1286917000,1,2022-09-19,C,93
1726,09,14,16,21,27,43,26,21,43,16,09,14,27,8,0,0,4,17855400,247,312200,11534,7000,178543,1000,245150001,1437040400,1,2022-09-22,H,130
1727,03,13,16,22,33,42,15,42,33,22,13,16,03,2,2,254648900,8,9905800,299,286200,14002,6400,217491,1000,0,1637566200,1,2022-09-26,B,129
1728,04,08,14,18,26,38,03,14,08,38,18,04,26,9,2,106579500,10,6394900,379,182200,14880,4900,201879,1000,0,1380065800,1,2022-09-29,I,108
1729,11,15,24,25,28,31,09,24,11,28,31,25,15,7,0,0,7,9663200,238,306900,12410,6200,190327,1000,225468042,1408181600,1,2022-10-03,G,134
1730,04,08,16,21,22,26,23,16,26,04,21,08,22,4,2,231356100,7,10167900,333,230800,15681,5100,231967,1000,0,1552174000,1,2022-10-06,D,97
1731,03,07,19,21,32,35,06,19,21,32,07,03,35,9,3,71117500,8,8000900,287,240800,12152,6000,179159,1000,0,1330423200,1,2022-10-10,I,117
1732,03,18,19,34,38,42,14,03,42,38,18,19,34,1,0,0,8,8568100,304,243500,9264,8400,149547,1000,228477301,1330709000,1,2022-10-13,A,154
1733,22,24,25,27,29,39,07,22,25,29,24,27,39,10,1,516755500,5,17297200,217,430400,10142,9700,180344,1000,0,1660460400,1,2022-10-17,J,166
1734,05,06,11,19,28,35,42,05,11,06,35,28,19,3,2,103129400,11,5625400,371,180100,14867,4700,209076,1000,0,1365907400,1,2022-10-20,C,104
1735,01,21,24,33,40,41,12,21,24,41,33,40,01,6,0,0,6,12300800,158,504400,9053,9300,149442,1000,246009338,1407085800,1,2022-10-24,F,160
1736,06,09,25,26,27,32,11,32,26,06,27,09,25,5,4,123702000,14,5331500,306,263400,14522,5800,223540,1000,0,1583936600,1,2022-10-27,E,125
1737,12,14,22,24,29,33,03,33,24,14,12,29,22,2,0,0,12,5725000,236,314300,10954,7100,181503,1000,228993138,1403976400,1,2022-10-31,B,134
1738,07,12,20,31,33,43,14,12,07,20,43,33,31,9,3,168079300,5,16515200,199,448100,10832,8600,181251,1000,0,1605523400,1,2022-11-03,I,146
1739,01,07,12,36,37,39,41,01,37,39,12,07,36,4,1,200000000,11,6690100,164,484600,9844,8500,173012,1000,45299092,1456360000,1,2022-11-07,D,132
1740,14,21,24,27,31,38,05,31,24,38,27,21,14,7,0,0,5,14684000,210,377500,10768,7700,180850,1000,290024789,1471272200,1,2022-11-10,G,155
1741,04,14,17,19,22,42,06,04,14,19,42,22,17,8,2,282134100,12,6856300,250,355400,13897,6700,219304,1000,0,1685710000,1,2022-11-14,H,118
1742,16,20,22,29,33,40,25,22,16,40,29,20,33,1,0,0,4,18222900,177,444700,8623,9600,143246,1000,242964451,1380011600,1,2022-11-17,A,160
1743,03,17,18,19,20,42,09,20,03,19,17,18,42,10,1,525681400,7,12116800,252,363400,11987,8000,194416,1000,0,1667430400,1,2022-11-21,J,119
1744,01,08,21,25,26,35,20,08,25,01,35,26,21,6,0,0,9,7256700,168,419800,10207,7300,171976,1000,217695740,1333438800,1,2022-11-24,F,116
1745,07,09,10,21,39,40,32,07,10,21,39,40,09,3,0,0,5,16478300,273,325900,12451,7500,202287,1000,492325906,1649584200,1,2022-11-28,C,126
1746,03,11,14,22,27,32,31,22,27,03,14,11,32,5,0,0,9,8922700,393,220600,17779,5100,266501,1000,760000989,1761890200,1,2022-12-01,E,109
1747,01,09,11,14,15,40,32,11,01,09,14,40,15,4,0,0,7,13716500,326,318000,14944,7300,241368,1000,1080044049,1934872600,1,2022-12-05,D,90
1748,08,11,23,28,36,39,06,28,11,36,39,23,08,9,2,600000000,17,5685600,435,239900,19062,5700,280635,1000,202218000,2031444000,1,2022-12-08,I,145
1749,01,04,13,17,31,34,18,04,31,13,17,34,01,6,1,496122900,7,12596300,277,343700,12676,7900,208574,1000,0,1747780600,1,2022-12-12,F,100
1750,03,15,18,21,34,40,01,21,18,40,15,34,03,2,1,200000000,6,12054600,242,322700,10233,8000,162161,1000,41084530,1413830200,1,2022-12-15,B,131
1751,01,12,21,24,29,42,32,01,24,29,21,42,12,7,2,145793100,6,12525500,264,307400,13184,6500,208091,1000,0,1557048000,1,2022-12-19,G,129
1752,02,05,15,20,22,36,08,20,36,02,15,05,22,1,0,0,8,8379700,277,261300,12088,6300,190890,1000,223452511,1400625400,1,2022-12-22,A,100
1753,01,02,04,09,22,25,38,02,22,01,25,09,04,5,4,120198100,7,11029200,548,152100,21289,4100,281829,1000,0,1750792000,1,2022-12-26,E,63
1754,03,06,07,19,35,39,21,07,06,39,35,03,19,4,0,0,15,4527300,277,264700,14117,5400,215037,1000,226358966,1466985800,1,2022-12-29,D,109
1755,04,11,13,26,27,36,15,13,36,27,11,04,26,8,1,492706600,7,11415200,321,268800,15302,5900,232237,1000,0,1679947800,1,2023-01-05,H,117
1756,19,25,29,36,37,41,02,37,36,25,19,29,41,5,3,90288300,8,10157700,186,471800,8873,10400,154982,1000,0,1528009400,1,2023-01-09,E,187
1757,06,12,15,35,36,39,42,39,36,06,12,15,35,1,1,200000000,2,34642100,212,352900,11043,7100,177093,1000,30940310,1402685000,1,2023-01-12,A,143
1758,07,14,28,32,42,43,17,32,07,43,42,28,14,10,2,143786400,9,8554700,270,307900,12191,7200,175124,1000,0,1510577800,1,2023-01-16,J,166
1759,01,10,25,27,28,33,15,27,01,25,33,10,28,9,0,0,9,7412500,192,375200,10474,7200,175779,1000,222368506,1362308600,1,2023-01-19,I,124
1760,08,14,18,38,39,42,30,18,39,42,08,38,14,3,0,0,4,20677700,266,335800,12546,7500,198360,1000,498062325,1645505400,1,2023-01-23,C,159
1761,05,07,13,21,23,30,42,07,21,23,13,05,30,6,1,600000000,8,9644700,317,262800,15702,5600,234463,1000,155247670,1644857400,1,2023-01-26,F,99
1762,01,06,07,20,37,40,10,40,20,01,07,37,06,2,2,211296300,10,8020600,223,388400,11560,7900,191530,1000,0,1593846000,1,2023-01-30,B,111
1763,02,06,20,30,31,41,11,41,02,06,20,30,31,7,0,0,6,11800400,206,371100,9616,8400,160293,1000,236001349,1387467000,1,2023-02-02,G,130
1764,16,21,26,31,39,42,41,42,39,26,21,31,16,4,0,0,6,14356700,177,525500,10495,9300,183634,1000,523127255,1662736000,1,2023-02-06,D,175
1765,01,10,15,19,20,32,06,01,20,19,15,10,32,10,0,0,8,10742600,265,350200,12807,7600,212878,1000,809588526,1724818400,1,2023-02-09,J,97
1766,16,19,25,26,35,43,38,19,16,25,35,26,43,8,1,600000000,5,19787000,241,443300,12399,9100,201471,1000,539361496,1888729600,1,2023-02-13,H,164
1767,07,15,17,21,32,35,43,15,21,07,35,32,17,9,2,411168200,5,16979000,328,279500,14379,6700,223026,1000,0,1732135400,1,2023-02-16,I,127
1768,06,21,30,32,39,40,34,30,39,40,06,21,32,1,0,0,3,25346400,164,500700,8552,10100,150881,1000,253456544,1442825800,2,2023-02-20,A,168
1769,04,11,15,19,28,32,34,15,11,32,19,04,28,1,0,0,7,10585400,302,264900,14387,5800,217004,1000,500442562,1561491400,2,2023-02-23,A,109
1770,01,11,18,24,37,43,28,18,01,11,43,37,24,5,2,398402400,9,9879000,339,283200,14554,6900,225402,1000,0,1795914200,1,2023-02-27,E,134
1771,03,06,12,16,31,42,40,12,06,42,16,03,31,3,1,200000000,8,8080900,276,252900,13180,5500,205337,1000,15485862,1397917800,1,2023-03-02,C,110
1772,05,21,22,30,32,36,16,32,05,21,22,36,30,8,0,0,9,8407600,185,441700,9844,8700,174141,1000,267706152,1489112600,1,2023-03-06,H,146
1773,12,21,22,27,31,32,20,22,31,27,21,32,12,6,0,0,2,40108500,286,302900,11383,8000,196004,1000,535087487,1603946600,1,2023-03-09,F,145
1774,17,18,26,30,36,40,03,18,30,36,26,40,17,10,0,0,11,8441600,184,545000,10167,10400,174847,1000,844604763,1741053400,1,2023-03-13,J,167
1775,04,05,09,26,27,29,43,04,29,27,09,05,26,2,1,600000000,5,16722400,424,212900,17819,5300,267111,1000,523302617,1811412200,1,2023-03-16,B,100
1776,05,11,18,25,33,38,32,18,33,38,11,25,05,7,8,99346200,17,4790700,511,172100,17514,5300,237601,1000,0,1714239200,1,2023-03-20,G,130
1777,05,16,19,21,30,35,11,05,21,30,35,16,19,4,1,200000000,7,10282300,203,382900,11354,7200,180923,1000,39914722,1450411800,1,2023-03-23,D,126
1778,09,19,24,25,26,39,34,39,25,09,24,26,19,9,0,0,6,12165300,223,353400,12239,6800,193701,1000,283213972,1493596800,1,2023-03-27,I,142
1779,11,13,20,33,35,40,34,33,35,11,40,13,20,1,0,0,6,14013600,178,510100,9678,9900,165807,1000,563477875,1593135400,1,2023-03-30,A,152
1780,01,05,19,26,35,37,32,37,26,35,19,05,01,5,0,0,13,6797500,355,268800,15712,6400,235858,1000,858029577,1811238000,1,2023-04-03,E,123
1781,10,18,32,39,41,42,12,39,18,42,10,32,41,3,1,600000000,5,19640100,271,391300,11543,9700,199195,1000,585354422,1872974200,1,2023-04-06,C,182
1782,07,31,32,36,39,42,34,32,36,42,07,39,31,8,0,0,6,15393600,211,472700,10577,9900,182324,1000,893217003,1750438400,1,2023-04-10,H,187
1783,05,14,19,23,30,42,35,14,23,05,30,19,42,6,3,398379800,9,10064400,331,295500,13849,7400,225000,1000,0,1819317800,1,2023-04-13,F,133
1784,03,19,30,32,36,40,42,03,30,19,36,40,32,10,0,0,12,6357500,193,426800,10005,8700,162735,1000,254293846,1472826800,1,2023-04-17,J,160
1785,04,11,24,35,37,42,07,35,42,24,37,04,11,1,2,259104900,8,9897100,373,229200,15143,5900,214104,1000,0,1629026400,1,2023-04-20,A,153
1786,02,05,06,26,33,35,13,35,02,26,33,05,06,7,3,74854700,1,67371500,270,269400,12831,5900,209893,1000,0,1447712800,1,2023-04-24,G,107
1787,02,13,17,19,41,43,01,43,19,13,17,02,41,2,1,200000000,4,18013500,168,463100,8461,9700,149655,1000,40173376,1382057600,1,2023-04-27,B,135
1788,03,14,16,19,26,39,09,03,19,26,14,16,39,4,3,94568500,6,12177000,467,168900,14438,5700,212411,1000,0,1536193200,1,2023-05-01,D,117
1789,06,09,16,26,29,34,36,06,09,34,29,26,16,9,2,104929100,22,2861700,255,266600,10987,6500,169539,1000,0,1293776200,1,2023-05-04,I,120
1790,06,14,18,22,29,30,36,06,29,14,22,18,30,5,1,200000000,17,3986900,253,289300,11445,6700,172214,1000,25920957,1369909600,1,2023-05-08,E,119
1791,08,09,18,19,30,36,17,36,19,18,08,30,09,10,1,258224200,7,9956100,289,260400,13895,5700,204528,1000,0,1469607400,1,2023-05-11,J,120
1792,01,04,16,31,32,41,30,31,41,16,32,01,04,3,0,0,4,17453500,245,307700,9198,8600,157342,1000,232706901,1366513400,1,2023-05-15,C,125
1793,01,06,14,15,23,24,42,15,06,14,01,23,24,5,1,471004800,5,14298300,299,258200,13877,5800,215747,1000,0,1520733800,1,2023-05-18,E,83
1794,24,29,32,35,36,40,39,35,36,40,32,29,24,2,1,200000000,0,0,138,578700,4707,11300,134471,1000,120468915,1376016400,1,2023-05-22,B,196
1795,26,30,31,35,41,43,05,35,30,26,31,43,41,8,0,0,3,26201400,167,508300,7801,11400,135928,1000,382474902,1446955600,1,2023-05-25,H,206
1796,02,05,15,16,23,26,32,26,02,15,05,23,16,6,1,600000000,25,2839300,394,194500,17769,4500,253912,1000,19076924,1598134000,1,2023-05-29,F,87
1797,15,23,26,34,41,43,32,23,34,15,41,43,26,1,0,0,10,7531100,169,481200,8977,9500,146710,1000,270107659,1422956800,1,2023-06-01,A,182
1798,04,05,19,32,34,37,41,05,34,37,32,19,04,7,1,537761200,7,11471200,232,373700,11820,7700,206986,1000,0,1629540800,1,2023-06-05,G,131
1799,11,18,34,40,41,42,14,34,41,18,11,40,42,4,0,0,3,23387300,159,476500,7285,10900,129713,1000,233865642,1310179000,1,2023-06-08,D,186
1800,06,12,13,15,17,41,27,41,13,06,12,15,17,9,0,0,4,19109900,194,425500,11398,7600,197422,1000,488656494,1552080800,1,2023-06-12,I,104
1801,18,25,26,37,39,43,21,39,43,18,25,37,26,10,0,0,3,28285700,239,383400,12156,7900,192763,1000,771504813,1664330800,1,2023-06-15,J,188
1802,01,09,34,35,39,42,33,39,01,42,35,09,34,2,1,600000000,8,12156000,210,500100,11367,9700,197331,1000,495654725,1854958400,1,2023-06-19,B,160
1803,09,16,18,19,39,41,03,41,18,16,39,09,19,5,2,381595900,14,5733100,285,304100,13688,6600,206407,1000,0,1627745200,1,2023-06-22,E,142
1804,12,14,18,25,36,42,26,14,25,36,18,42,12,5,0,0,7,10196400,242,318500,11685,6900,171226,1000,237908208,1420095000,1,2023-06-26,E,147
1805,04,22,27,31,32,40,35,27,40,31,04,22,32,3,0,0,3,27572800,174,513400,10011,9400,168551,1000,513627388,1579374000,1,2023-06-29,C,156
1806,11,30,35,38,40,43,12,43,11,38,30,35,40,8,0,0,6,15787100,180,568300,9382,11500,169096,1000,829360116,1755433200,1,2023-07-03,H,197
1807,01,02,08,09,10,20,25,20,09,01,08,02,10,6,6,182247300,27,2934800,829,103200,24548,3600,283753,1000,0,1784711200,1,2023-07-06,F,50
1808,02,10,27,38,40,41,11,38,41,40,27,02,10,1,1,200000000,7,10231100,176,439400,9544,8500,154445,1000,38718308,1386343800,2,2023-07-10,A,158
1809,02,05,10,22,24,42,07,02,10,24,42,05,22,2,1,255706700,11,5918000,308,228200,14494,5100,205373,1000,0,1404563800,2,2023-07-13,B,105
1810,04,17,26,30,31,43,25,31,43,04,17,26,30,4,0,0,6,11131300,203,355300,8916,8500,144812,1000,222620640,1294594800,1,2023-07-17,D,151
1811,02,04,06,13,20,38,33,02,06,20,04,13,38,10,0,0,10,7240800,282,277200,12980,6300,205566,1000,463972886,1511455600,1,2023-07-20,J,83
1812,10,13,18,28,36,39,07,13,18,39,36,10,28,7,2,372892500,10,8454600,226,404000,12342,7800,200246,1000,0,1676432600,1,2023-07-24,G,144
1813,05,22,26,34,39,42,12,39,22,42,26,05,34,9,0,0,4,16555000,237,301700,10887,6900,160130,1000,220726195,1320356600,1,2023-07-27,I,168
1814,01,02,13,21,23,31,05,13,02,23,01,31,21,5,3,159510400,9,8593700,248,336800,12018,7300,195835,1000,0,1561726200,1,2023-07-31,E,91
1815,03,08,10,25,26,29,32,26,29,08,03,10,25,3,0,0,5,11573500,387,161400,15411,4200,209644,1000,192885681,1308732400,1,2023-08-03,C,101
1816,02,21,25,34,35,40,06,21,25,34,02,40,35,8,0,0,1,85407600,217,425000,8684,11200,156533,1000,477568650,1591836600,1,2023-08-07,H,157
1817,06,24,30,33,37,38,07,30,06,33,24,38,37,3,0,0,4,20066800,199,435600,11704,7800,193927,1000,745117766,1600064200,1,2023-08-10,C,168
1818,02,11,23,25,34,36,01,34,11,36,02,23,25,6,3,338006100,5,16134500,292,298300,13468,6800,212589,1000,0,1647441800,1,2023-08-14,F,131
1819,05,08,18,20,24,34,29,20,34,24,18,08,05,10,0,0,5,12806100,196,352800,10713,6800,175118,1000,213428141,1321772800,1,2023-08-17,J,109
1820,05,10,30,35,36,41,23,05,36,41,35,10,30,1,0,0,3,27173000,183,481000,10318,9000,174492,1000,485149304,1575106000,1,2023-08-21,A,157
1821,09,11,12,14,27,38,34,09,12,11,14,27,38,4,2,366131200,5,14827200,354,226100,16487,5100,240603,1000,0,1614489000,1,2023-08-24,D,111
1822,05,18,21,22,26,42,08,21,22,26,05,42,18,5,1,200000000,12,5532400,254,282200,13028,5800,191145,1000,21290207,1391743400,1,2023-08-28,E,134
1823,04,10,18,25,34,38,40,04,34,25,10,38,18,2,0,0,12,5783800,367,204200,13594,5800,191681,1000,252636681,1436877600,1,2023-08-31,B,129
1824,06,07,13,18,25,43,33,43,25,13,07,18,06,9,1,516962700,9,8811100,317,270100,14658,6100,224083,1000,0,1652993800,1,2023-09-04,I,112
1825,01,10,13,17,20,41,04,20,41,13,10,17,01,6,2,114153400,6,11415700,171,432500,9096,8500,154788,1000,0,1341611200,1,2023-09-07,F,102
1826,07,14,18,19,22,25,38,22,25,07,18,19,14,7,0,0,9,7074700,254,270700,12145,5900,192732,1000,212235063,1355701600,1,2023-09-11,G,105
1827,01,13,18,23,38,41,36,41,01,23,18,38,13,8,0,0,7,10890100,183,449800,11036,7800,179655,1000,466330270,1509558800,1,2023-09-14,H,134
1828,01,06,09,16,18,22,08,18,16,06,22,09,01,9,1,600000000,32,2304300,381,209000,17596,4700,248601,1000,112124781,1626500400,1,2023-09-18,I,72
1829,12,15,16,17,28,42,32,12,28,16,15,42,17,10,1,351361300,6,11962200,209,370800,10978,7400,182364,1000,0,1450650800,1,2023-09-21,J,130
1830,04,10,23,29,31,36,06,31,04,10,29,36,23,3,0,0,10,6884600,246,302200,10774,7200,166683,1000,229479469,1373168200,1,2023-09-25,C,133
1831,01,14,17,27,32,43,42,14,27,43,01,17,32,1,2,425962100,4,19684000,234,363300,10395,8600,169862,1000,0,1524281800,1,2023-09-28,A,134
1832,02,07,20,25,35,40,06,35,07,25,20,02,40,4,3,79450400,1,71507700,207,373000,10163,8000,161849,1000,0,1401193400,1,2023-10-02,D,129
1833,07,13,34,37,42,43,38,42,07,43,13,37,34,5,1,200000000,2,34012200,156,470900,8188,9400,139460,1000,26740704,1300705000,1,2023-10-05,E,176
1834,14,21,30,38,40,42,20,42,30,14,40,38,21,3,0,0,7,10296000,128,608000,7299,11200,129422,1000,266974272,1337358400,1,2023-10-09,C,185
1835,11,20,23,24,31,33,01,11,23,33,31,24,20,6,0,0,9,8338900,212,382300,10914,7800,185534,1000,517135946,1505434800,1,2023-10-12,F,142
1836,13,17,18,22,23,41,26,23,22,13,18,41,17,2,2,399234500,7,12057500,325,280400,14141,6800,220563,1000,0,1719487600,1,2023-10-16,B,134
1837,16,17,27,34,38,42,20,17,34,38,27,42,16,8,0,0,5,13849600,206,363000,9848,8000,156611,1000,230820246,1356644800,1,2023-10-19,H,174
1838,03,13,23,28,30,43,05,23,43,28,13,03,30,7,3,165067400,3,26439000,623,137400,13401,6700,188156,1000,0,1573400400,1,2023-10-23,G,140
1839,02,05,26,32,34,40,21,05,02,40,26,34,32,9,0,0,6,10869100,217,324500,10134,7300,158345,1000,217376707,1301753600,1,2023-10-26,I,139
1840,04,09,15,21,26,33,13,33,26,09,21,04,15,10,0,0,6,12531700,354,229300,14922,5700,215161,1000,468003679,1573305800,1,2023-10-30,J,108
1841,08,11,15,31,33,38,30,08,31,33,11,15,38,1,1,600000000,5,16042900,282,307100,13287,6800,215515,1000,135376643,1647267800,1,2023-11-02,A,136
1842,04,06,09,24,26,29,35,04,29,26,09,24,06,4,7,52614100,6,11646400,429,175900,17538,4500,236521,1000,0,1543407800,2,2023-11-06,D,98
1843,04,05,10,19,26,37,03,19,10,05,04,37,26,2,0,0,4,15128200,343,190500,14791,4600,201976,1000,201702992,1330221600,2,2023-11-09,B,101
1844,12,15,28,31,34,43,09,15,12,34,28,31,43,4,1,475066400,15,5467400,247,358500,11122,8400,170228,1000,0,1572807000,1,2023-11-13,D,163
1845,10,22,25,30,31,39,28,39,25,31,22,10,30,5,1,200000000,3,22239800,185,389400,9157,8300,150460,1000,22390898,1306142000,1,2023-11-16,E,157
1846,06,08,15,16,33,37,34,06,08,33,16,15,37,9,0,0,3,22930400,278,267200,12611,6200,195059,1000,251687935,1435428800,1,2023-11-20,I,115
1847,18,22,25,35,36,39,43,25,36,39,18,35,22,10,1,505533800,3,25385400,237,347000,11233,7700,177427,1000,0,1503518400,1,2023-11-23,J,175
1848,03,23,26,27,31,35,10,31,23,27,26,03,35,8,1,200000000,2,34049500,173,425100,9904,7800,169010,1000,26989766,1367460000,1,2023-11-27,H,145
1849,11,15,17,33,36,41,06,36,33,11,17,41,15,9,1,262837000,6,11792700,205,372700,9585,8400,165533,1000,0,1398438400,1,2023-11-30,I,153
1850,01,08,23,30,36,41,39,30,01,41,36,08,23,6,0,0,2,35503500,201,381500,9540,8400,159827,1000,236682846,1389409400,1,2023-12-04,F,139
1851,08,09,10,16,17,39,04,08,16,39,17,10,09,3,0,0,8,9377800,232,349200,12986,6500,215232,1000,486750428,1571019200,1,2023-12-07,C,99
1852,15,16,24,26,35,43,38,16,24,43,26,15,35,1,0,0,6,15311900,251,395200,12819,8100,210184,1000,792979562,1805211800,1,2023-12-11,A,159
1853,11,13,24,26,28,34,17,11,24,34,26,13,28,5,2,548747800,4,22839400,314,314200,14733,7000,243093,1000,0,1870857200,1,2023-12-14,E,136
1854,07,08,12,25,30,32,40,32,07,30,08,25,12,7,0,0,7,9442700,327,218300,14206,5300,210210,1000,220323037,1429883800,1,2023-12-18,G,114
1855,21,24,26,30,31,38,03,24,31,30,38,21,26,2,0,0,7,12570800,187,508100,10003,10000,181746,1000,513633078,1685563400,1,2023-12-21,B,170
1856,04,10,19,31,34,35,43,35,10,19,34,31,04,4,1,600000000,13,7598500,259,411800,13102,8600,219102,1000,242890729,1925657800,1,2023-12-25,D,133
1857,11,16,20,23,38,41,33,41,11,23,16,20,38,10,0,0,7,12363500,306,305400,13047,7500,206570,1000,531364755,1719595800,1,2023-12-28,J,149
1858,12,13,17,22,35,40,05,13,12,17,35,22,40,8,0,0,9,9691800,206,457200,11798,8400,199393,1000,822109563,1713569600,1,2024-01-04,H,139
1859,01,04,11,28,37,39,15,11,39,37,04,01,28,4,0,0,15,6239300,346,292100,16258,6500,258228,1000,1134064954,1936998400,1,2024-01-08,D,120
1860,08,15,20,21,31,34,28,08,15,31,20,34,21,2,2,600000000,6,17360400,307,366400,15308,7700,246612,1000,281262616,2065184000,1,2024-01-11,B,129
1861,02,12,13,27,39,40,30,02,12,39,13,40,27,6,2,282827200,6,14220000,351,262500,13602,7100,208568,1000,0,1706198000,1,2024-01-15,F,133
1862,25,27,33,37,38,43,16,33,37,27,25,43,38,9,1,200000000,1,72133000,148,526300,8046,10200,150753,1000,40435498,1385643000,1,2024-01-18,I,203
1863,15,20,24,37,38,39,27,20,24,15,37,39,38,3,0,0,3,25987200,179,470300,10298,8600,175448,1000,300299055,1525416000,1,2024-01-22,C,173
1864,14,22,28,34,41,42,11,41,14,28,42,34,22,1,1,574191000,4,20542500,292,303900,12679,7300,189153,1000,0,1617171800,1,2024-01-25,A,181
1865,03,05,18,21,26,36,34,26,05,21,03,18,36,5,3,73761800,5,13277500,377,190100,15703,4800,214137,1000,0,1442816600,1,2024-01-29,E,109
1866,08,19,21,29,38,40,12,21,38,19,29,08,40,7,0,0,9,7776000,210,359900,9262,8600,155571,1000,233273334,1365053000,1,2024-02-01,G,155
1867,01,06,17,28,40,42,04,28,17,06,42,40,01,8,1,504004900,4,20305500,222,395100,11102,8300,184650,1000,0,1593355200,2,2024-02-05,H,134
1868,03,07,22,23,24,32,02,23,03,07,24,22,32,4,2,101919500,9,6794800,260,254000,12979,5300,197603,1000,0,1329838000,2,2024-02-08,D,111
1869,07,08,16,28,36,37,29,28,07,37,16,36,08,3,1,200000000,5,12971000,231,303200,11680,6300,177874,1000,16177185,1339909800,1,2024-02-12,C,132
1870,05,09,13,23,25,40,27,40,25,13,05,23,09,10,0,0,8,8582900,196,378300,11444,6800,191508,1000,245047218,1425671800,1,2024-02-15,J,115
1871,07,13,22,24,38,42,14,07,24,42,22,38,13,2,2,254066500,12,6577300,347,245600,14440,6200,213290,1000,0,1623590400,1,2024-02-19,B,146
1872,03,18,20,25,34,40,31,34,03,20,25,40,18,9,1,200000000,5,13761100,181,410500,8384,9300,146924,1000,29345751,1328675000,1,2024-02-22,I,140
1873,06,15,26,33,39,41,42,06,39,15,26,33,41,6,2,131721800,7,10033000,384,197500,14774,5400,196590,1000,0,1459809400,1,2024-02-26,F,160
1874,13,31,33,36,41,43,29,41,36,31,43,33,13,1,0,0,1,71605600,171,452200,7384,11000,125656,1000,238677746,1322191000,1,2024-02-29,A,197
1875,11,15,16,24,38,39,29,11,24,39,16,38,15,5,3,166298400,7,11152500,369,228400,15220,5800,221321,1000,0,1628903000,1,2024-03-04,E,143
1876,04,07,17,31,38,43,30,38,31,17,04,43,07,7,0,0,4,16642400,194,370500,9108,8300,154575,1000,221891680,1313105000,1,2024-03-07,G,140
1877,01,11,13,16,21,37,06,16,01,37,13,11,21,10,0,0,12,6523700,226,374000,12403,7200,208897,1000,482832946,1604456400,1,2024-03-11,J,99
1878,06,08,12,18,32,38,39,38,08,32,06,18,12,8,2,368908100,8,9562100,375,220300,16295,5300,244254,1000,0,1656993200,1,2024-03-14,H,114
1879,01,08,14,27,29,37,06,29,37,01,27,14,08,4,1,200000000,4,17606700,237,320900,11861,6700,186500,1000,34749329,1440233800,1,2024-03-18,D,116
1880,09,14,21,31,33,43,30,33,14,21,31,09,43,3,0,0,5,14756900,159,501100,8391,10000,147309,1000,280690425,1402047600,1,2024-03-21,C,151
1881,02,09,22,31,33,35,30,31,22,35,33,09,02,2,2,275084000,7,11549400,234,373100,10559,8700,186641,1000,0,1592300000,1,2024-03-25,B,132
1882,03,06,11,25,36,43,10,11,43,25,36,06,03,9,1,200000000,8,7658700,258,256400,12873,5400,187345,1000,4226616,1308735800,1,2024-04-03,I,124
1883,03,11,24,25,28,32,05,25,24,32,11,03,28,6,1,230077300,11,6159700,345,212100,14484,5300,213554,1000,0,1461469600,1,2024-04-01,F,123
1884,20,25,29,36,38,42,19,25,29,36,42,38,20,4,0,0,2,35137900,115,659900,6648,12000,119386,1000,234245366,1288889400,1,2024-04-04,D,190
1885,02,06,07,16,17,41,32,16,41,17,07,02,06,1,1,489806400,5,15334100,259,319600,12940,6700,211391,1000,0,1586488600,1,2024-04-08,A,89
1886,01,06,19,25,33,39,15,06,01,19,25,33,39,5,2,105659600,4,15849400,269,254500,10737,6700,169989,1000,0,1301159600,1,2024-04-11,E,123
1887,05,07,15,18,36,37,20,07,18,15,36,37,05,5,0,0,5,12964400,249,281100,11669,6300,187506,1000,216067328,1360834200,1,2024-04-15,E,118
1888,04,05,06,28,29,39,07,29,06,39,28,05,04,8,0,0,8,9405100,298,272600,13312,6400,215270,1000,466861903,1574280400,1,2024-04-18,H,111
1889,07,15,21,27,28,32,24,21,07,27,15,32,28,7,1,600000000,8,10332900,353,252900,15300,6100,229808,1000,142399180,1714705800,1,2024-04-22,G,130
1890,17,21,29,34,41,42,02,21,41,29,42,34,17,10,0,0,15,5261000,155,549800,9264,9700,153993,1000,405444399,1491641200,1,2024-04-25,J,184
1891,02,16,23,38,40,43,33,38,23,43,40,16,02,3,0,0,3,27179500,262,336100,11701,7900,185746,1000,677231175,1600401600,1,2024-04-29,C,162
1892,07,08,09,19,22,38,24,09,08,22,07,19,38,2,1,600000000,10,8059700,324,268600,16844,5400,257525,1000,345879883,1746198000,1,2024-05-02,B,103
1893,25,31,33,35,37,42,16,33,42,31,35,25,37,7,2,310731000,2,41338600,214,417200,9289,10100,159161,1000,0,1557909000,1,2024-05-06,G,203
1894,19,29,36,37,41,42,35,41,19,36,42,37,29,4,0,0,7,10073100,187,407200,7375,10900,131350,1000,235032541,1318915800,1,2024-05-09,D,204
1895,06,18,29,33,35,40,01,06,40,33,29,18,35,9,2,247410400,6,12989800,225,374000,10976,8100,175662,1000,0,1525563000,1,2024-05-13,I,161
1896,05,12,15,16,28,40,01,15,16,40,12,05,28,6,0,0,13,4883400,256,267800,12217,5900,180802,1000,211609968,1326459000,1,2024-05-16,F,116
1897,07,23,27,30,34,36,28,07,30,36,27,23,34,10,0,0,4,19197300,190,436400,10691,8100,177758,1000,467565603,1513472800,1,2024-05-20,J,157
1898,05,19,23,26,31,42,32,23,31,05,42,19,26,1,3,241813300,8,9670600,328,254700,13386,6500,201791,1000,0,1575264400,1,2024-05-23,A,146
1899,02,04,09,19,33,36,03,33,04,19,36,02,09,5,0,0,6,10743400,182,382500,11060,6600,179671,1000,214862563,1338158600,1,2024-05-27,E,103
1900,03,09,29,30,39,42,23,42,29,30,09,03,39,3,0,0,3,24853600,252,319500,11853,7100,180600,1000,463390688,1487332200,1,2024-05-30,C,152
1901,14,15,26,28,33,37,04,14,33,26,28,15,37,8,1,600000000,12,6738400,335,260600,14591,6300,206185,1000,132921531,1635963800,1,2024-06-03,H,153
1902,04,07,15,18,35,40,12,35,04,18,40,07,15,10,1,374961800,6,12102400,217,361300,11086,7400,178100,1000,0,1453426600,1,2024-06-06,J,119
1903,18,19,23,25,27,32,20,23,25,27,18,32,19,2,2,110005700,7,9429300,272,262000,10176,7400,169575,1000,0,1338222200,1,2024-06-10,B,144
1904,14,21,23,24,28,36,07,23,28,36,24,14,21,4,0,0,10,6361800,139,494200,9390,7700,150025,1000,212054878,1260009800,1,2024-06-13,D,146
1905,04,05,17,20,29,30,40,29,20,17,30,05,04,7,4,114995300,6,12396700,300,267700,13294,6300,200847,1000,0,1529697400,1,2024-06-17,G,105
1906,01,08,21,22,30,42,24,22,21,30,42,08,01,9,3,70838900,6,10626100,184,374200,9802,7400,155995,1000,0,1275295000,1,2024-06-20,I,124
1907,10,14,21,23,24,40,28,10,40,21,14,23,24,6,0,0,10,6805200,161,456400,9247,8300,153544,1000,226835269,1332416000,1,2024-06-24,F,132
1908,03,09,21,25,42,43,36,43,21,09,42,25,03,1,0,0,7,10544900,221,360700,10942,7600,180783,1000,472876951,1476873800,1,2024-06-27,A,143
1909,03,05,07,08,22,27,28,22,27,07,05,03,08,10,1,600000000,12,5710900,579,127800,23201,3300,290738,1000,101308807,1644268200,1,2024-07-01,J,72
1910,02,08,24,29,30,31,06,24,02,30,31,29,08,5,1,332909800,5,13896500,219,342600,12224,6400,190945,1000,0,1436354400,1,2024-07-04,E,124
1911,04,08,09,14,16,41,15,16,09,08,04,14,41,2,0,0,5,12744300,196,351100,11681,6200,190010,1000,212398251,1350365800,1,2024-07-08,B,92
1912,01,11,24,29,33,34,04,33,24,34,01,11,29,1,0,0,7,10381600,234,335300,10923,7500,180344,1000,454629017,1459245600,1,2024-07-11,A,132
1913,02,05,22,23,29,33,17,23,05,22,33,29,02,6,2,347186900,10,7192500,253,307000,13362,6100,212688,1000,0,1520258800,1,2024-07-15,F,114
1914,04,10,22,24,36,38,08,38,10,04,22,36,24,3,2,106724200,11,5821500,206,335700,9894,7300,164197,1000,0,1297593000,1,2024-08-19,C,134
1915,04,10,14,19,24,40,15,40,04,24,10,14,19,8,0,0,4,15969200,215,320800,10894,6600,163172,1000,212916545,1292990600,2,2024-07-22,H,111
1916,05,13,18,23,30,39,33,23,13,39,30,05,18,1,1,442499500,12,5739700,292,254700,12724,6100,190803,1000,0,1427220800,2,2024-07-25,A,128
1917,03,12,14,29,30,33,21,29,14,30,12,33,03,4,1,200000000,7,9484800,271,264500,12663,5900,192714,1000,21305800,1395298200,1,2024-07-29,D,121
1918,03,04,05,06,18,20,11,05,20,03,06,04,18,5,6,37642000,23,2668000,404,164000,16771,4100,211902,1000,0,1364703600,1,2024-08-01,E,56
1919,05,17,19,21,38,41,06,17,38,41,21,05,19,10,3,70987400,7,9127200,225,306600,10185,7100,158281,1000,0,1282322000,1,2024-08-05,J,141
1920,06,10,22,23,31,36,37,22,06,23,31,36,10,9,2,100599100,5,12072200,260,250700,11452,6000,172173,1000,0,1261787600,1,2024-08-08,I,128
1921,01,02,13,25,33,41,31,01,25,02,41,33,13,8,1,200000000,4,15299900,241,274200,9700,7200,149266,1000,3992505,1223092800,1,2024-08-12,H,115
1922,03,11,22,31,33,35,13,11,22,33,03,31,35,2,0,0,10,6250300,298,226500,11489,6200,170338,1000,212329390,1288903200,1,2024-08-19,B,135
1923,06,07,18,30,34,37,03,18,34,30,06,37,07,6,0,0,5,14997600,198,409000,11074,7700,182470,1000,462281689,1497711000,1,2024-08-19,F,132
1924,07,16,18,25,26,27,17,16,18,25,27,07,26,1,2,356524000,20,3761600,301,269900,14489,5900,213575,1000,0,1570390600,1,2024-08-22,A,119
1925,05,09,11,18,34,37,22,05,09,11,18,37,34,7,0,0,15,4237200,277,247700,12133,5900,185476,1000,211853722,1337910800,1,2024-08-26,G,114
1926,10,13,18,24,34,37,01,24,37,18,34,10,13,3,0,0,3,24128600,239,327000,10993,7500,175688,1000,453132589,1444739400,1,2024-08-29,C,136
1927,02,11,18,26,32,36,10,18,26,11,32,36,02,4,1,600000000,7,11986700,271,334300,14045,6800,219772,1000,132813201,1710508800,1,2024-09-02,D,125
1928,02,18,20,24,26,29,22,18,24,29,02,20,26,5,0,0,6,12347500,175,457100,10554,8000,180699,1000,379755871,1480624200,1,2024-09-05,E,119
1929,07,10,12,20,40,43,04,20,43,07,40,12,10,10,0,0,10,8618100,258,360700,12018,8100,192678,1000,667019502,1683435600,1,2024-09-09,J,132
1930,05,10,19,23,29,37,11,05,10,29,23,37,19,9,3,313326300,15,5459300,369,239600,16755,5500,249362,1000,0,1746894800,1,2024-09-12,I,123
1931,09,23,27,30,33,41,04,33,09,27,30,41,23,2,1,200000000,8,8214700,173,410200,9168,8100,154755,1000,19052827,1301100000,1,2024-09-16,B,163
1932,01,05,16,20,24,31,29,05,20,01,24,16,31,8,1,247212700,10,6845000,261,283200,11617,6700,178498,1000,0,1393657800,1,2024-09-19,H,97
1933,03,07,09,10,12,30,16,07,09,30,12,10,03,10,3,57055600,18,2852800,748,74100,22295,2600,240816,1000,0,1283098600,1,2024-09-23,J,71
1934,06,13,16,20,27,41,30,41,06,16,20,13,27,6,1,200000000,3,22262000,289,249500,10151,7500,156787,1000,22613429,1321174400,1,2024-09-26,F,123
1935,03,08,12,14,17,40,02,08,40,12,03,14,17,1,0,0,7,9578300,224,323200,12312,6200,201427,1000,246101056,1424194400,1,2024-09-30,A,94
1936,01,06,19,29,33,35,26,35,01,06,19,33,29,7,0,0,4,18792900,189,429500,10886,7800,180864,1000,496665863,1496818600,1,2024-10-03,G,123
1937,01,09,26,28,31,38,08,26,28,01,38,09,31,4,2,391290900,8,10722100,208,445300,11143,8700,195350,1000,0,1683484400,2,2024-10-07,D,133
1938,05,09,14,32,39,41,24,05,14,39,32,41,09,9,1,200000000,9,7298600,234,303100,10125,7400,148890,1000,18953720,1287633600,2,2024-10-10,I,140
1939,10,22,26,27,29,37,41,29,10,22,37,27,26,8,2,122236300,3,22552600,193,378500,9701,7900,168638,1000,0,1360206600,1,2024-10-14,H,151
1940,02,14,15,25,26,42,09,25,02,42,26,15,14,3,1,200000000,10,6508300,309,227400,11787,6300,174482,1000,16939059,1335701200,1,2024-10-17,C,124
1941,02,12,13,21,23,43,39,02,21,13,43,23,12,5,1,245989400,5,13743400,262,283200,11432,6800,184315,1000,0,1410475600,1,2024-10-21,E,114
1942,01,16,18,26,27,35,29,01,27,35,18,26,16,10,0,0,2,32582500,160,439800,9166,8100,153660,1000,217209902,1290613600,1,2024-10-24,J,123
1943,10,11,17,25,34,38,09,17,10,25,34,38,11,2,2,231601500,9,8200000,358,222600,14161,5900,207875,1000,0,1536866800,1,2024-10-28,B,135
1944,06,11,21,33,39,42,18,21,11,33,06,39,42,9,2,105420000,9,7028200,232,294400,10307,7000,164246,1000,0,1286303400,1,2024-10-31,I,152
1945,01,02,04,14,27,43,41,04,43,27,01,02,14,4,2,104034300,1,62422600,256,263300,11359,6200,176670,1000,0,1301802200,1,2024-11-04,D,91
1946,08,09,11,27,36,38,18,27,38,08,36,09,11,6,0,0,10,5893100,251,253500,11780,5700,185328,1000,196432716,1270196400,1,2024-11-07,F,129
1947,10,24,30,36,37,41,05,37,10,24,30,36,41,7,0,0,2,39957300,198,435800,9970,9100,168794,1000,462806084,1539075400,1,2024-11-11,G,178
1948,18,29,30,38,39,43,40,29,38,43,39,18,30,1,2,377664000,3,29253100,242,391600,9781,10200,168091,1000,0,1651775400,1,2024-11-14,A,197
1949,12,13,17,28,37,43,27,17,37,12,43,13,28,3,1,200000000,3,22391000,176,412100,9430,8100,159992,1000,23903437,1333933600,1,2024-11-18,C,150
1950,09,20,26,28,30,42,06,42,09,28,30,26,20,8,0,0,7,10008700,144,525400,7846,10100,143282,1000,257432231,1338860400,1,2024-11-21,H,155
1951,01,03,06,23,28,35,14,35,28,01,06,03,23,10,1,500141700,8,9101900,280,280800,14140,5800,219313,1000,0,1547935600,1,2024-11-25,J,96
1952,24,25,31,32,34,40,12,40,34,25,31,32,24,9,1,200000000,6,11369800,151,487900,7319,10600,127375,1000,27389705,1276685400,1,2024-11-28,I,186
1953,19,23,29,33,36,40,27,33,36,40,29,23,19,5,1,279082400,7,10787100,204,399700,10031,8500,164497,1000,0,1465376200,1,2024-12-02,E,180
1954,02,10,15,25,35,37,22,10,02,15,37,35,25,2,0,0,8,7871200,198,343400,10493,6800,160003,1000,209893841,1272740000,1,2024-12-05,B,124
1955,11,19,26,28,29,36,01,19,11,26,36,28,29,4,0,0,6,12670000,235,349300,11973,7200,197905,1000,463287000,1547046600,1,2024-12-09,D,149
1956,02,19,21,24,35,42,17,42,19,24,21,35,02,6,0,0,11,7567700,322,279100,13655,6900,200037,1000,740760596,1657009200,1,2024-12-12,F,143
1957,03,04,05,13,34,42,18,42,13,03,05,04,34,7,1,600000000,8,12233300,221,478200,15264,7300,254422,1000,466973777,1990843200,1,2024-12-16,G,101
1958,01,15,16,20,21,25,19,16,21,25,01,20,15,3,1,600000000,6,14708400,261,365100,11862,8400,201654,1000,161134078,1733518800,1,2024-12-19,C,98
1959,19,20,36,40,41,43,22,41,43,36,19,40,20,8,1,453644600,2,43878000,178,532400,8931,11200,149682,1000,0,1610816800,1,2024-12-23,H,199
1960,10,22,27,28,31,32,08,22,31,32,10,28,27,1,1,200000000,4,18899500,181,451000,9695,8800,170170,1000,51986189,1479265200,1,2024-12-26,A,150
1961,11,12,27,28,38,43,10,11,28,12,38,27,43,10,3,99354600,9,8202800,263,303100,12438,6700,197407,1000,0,1513973600,1,2024-12-30,J,159
1962,04,08,19,22,32,37,26,22,08,19,04,32,37,9,0,0,9,7369600,262,273400,11441,6600,176426,1000,221083304,1358130400,1,2025-01-06,I,122
1963,03,04,20,29,35,38,06,38,29,04,03,35,20,2,0,0,5,15889400,161,532900,9398,9600,169569,1000,485899223,1533992000,1,2025-01-09,B,129
1964,02,05,28,33,35,36,34,02,28,33,36,05,35,10,2,380755400,5,16537200,281,317700,12805,7300,213836,1000,0,1679537400,1,2025-01-13,J,139
1965,17,18,20,23,33,43,19,18,23,43,33,17,20,5,0,0,2,33951400,135,543200,7763,9900,137810,1000,226335385,1295267200,1,2025-01-16,E,154
1966,04,12,25,29,34,36,32,04,29,25,34,12,36,4,2,245216100,8,9903900,246,347800,12579,7100,200098,1000,0,1598692000,1,2025-01-20,D,140
1967,03,04,22,26,29,35,37,22,26,03,35,29,04,6,0,0,8,7820500,204,331200,10972,6500,172592,1000,208541317,1294805400,1,2025-01-23,F,119
1968,06,13,15,22,35,41,37,15,41,22,13,35,06,7,1,467060300,4,19389500,259,323300,11600,7600,181112,1000,0,1532127400,1,2025-01-27,G,132
1969,03,07,12,13,35,38,24,03,12,35,38,13,07,3,0,0,13,4642000,215,303100,10743,6400,178223,1000,201148825,1275015600,1,2025-01-30,C,108
1970,11,26,27,31,36,37,42,31,11,27,26,36,37,8,1,473982200,2,40926300,220,401800,11701,7900,196648,1000,0,1629201800,2,2025-02-03,H,168
1971,02,06,09,26,32,36,23,32,26,02,06,09,36,9,0,0,14,4379200,271,244300,12116,5700,180000,1000,204356057,1292979200,2,2025-02-06,I,111
1972,03,14,27,28,32,36,12,03,14,36,32,28,27,8,2,232087100,11,7086100,336,250500,14284,6200,206312,1000,0,1593804600,1,2025-02-10,H,140
1973,07,10,14,27,28,32,04,10,14,28,32,07,27,1,0,0,6,10257700,292,227600,13551,5100,183516,1000,205147427,1304250600,1,2025-02-13,A,118
1974,02,06,13,21,24,30,43,06,24,21,30,02,13,2,0,0,6,13214000,313,273500,15614,5700,232116,1000,469420123,1670611600,1,2025-02-17,B,96
1975,11,13,15,20,35,42,19,13,42,11,35,15,20,10,3,254048800,7,12545800,210,451600,10719,9300,189919,1000,0,1701175200,1,2025-02-20,J,136
1976,04,06,22,30,33,36,02,22,36,30,33,04,06,9,1,200000000,2,32344900,222,314600,10492,7000,167538,1000,15625957,1314532200,1,2025-02-24,I,131
1977,04,14,20,28,29,34,30,20,29,04,28,34,14,5,7,37160000,6,12225100,210,377200,10859,7700,173020,1000,0,1452862600,1,2025-02-27,E,129
1978,23,25,26,30,34,35,12,23,30,25,35,26,34,4,1,200000000,2,36927800,160,498500,7633,11000,140461,1000,46177490,1387862800,1,2025-03-03,D,173
1979,15,18,19,21,37,40,17,19,18,21,37,15,40,3,0,0,5,14252500,167,460800,9084,8900,151824,1000,283712254,1375347600,1,2025-03-06,C,150
1980,01,02,13,19,35,41,03,13,35,02,01,19,41,4,2,288235400,4,21957600,239,396800,11996,8300,202581,1000,0,1729453600,1,2025-03-10,D,111
1981,05,10,15,17,29,41,30,29,10,17,15,41,05,6,0,0,9,6953100,171,395200,10254,6900,160545,1000,208586608,1268232200,1,2025-03-13,F,117
1982,20,21,23,28,32,34,06,32,20,23,34,28,21,7,0,0,3,26913200,167,522100,9007,10200,157954,1000,477710057,1527003600,1,2025-03-17,G,158
1983,03,18,31,36,37,40,23,40,03,37,36,18,31,5,0,0,4,20259200,179,488900,10100,9100,174041,1000,747824533,1567083000,1,2025-03-20,E,165
1984,04,19,28,29,34,40,03,29,28,19,04,40,34,8,1,600000000,5,18522400,310,322600,13861,7600,216030,1000,456522723,1828992000,1,2025-03-24,H,154
1985,01,30,36,37,41,43,33,36,41,30,37,01,43,10,0,0,4,21698500,155,604700,8786,11200,152020,1000,745827333,1602003000,1,2025-03-27,J,188
1986,14,20,29,31,41,42,24,41,29,14,20,31,42,9,0,0,6,15588700,211,478700,10627,10000,184279,1000,1057592440,1771835800,1,2025-03-31,I,177
1987,08,12,25,28,32,42,27,42,25,28,08,12,32,1,1,600000000,4,22204700,349,274800,16113,6200,249001,1000,753645824,1847006600,1,2025-04-03,A,147
1988,06,20,23,24,33,35,27,06,20,35,33,23,24,2,1,600000000,7,12610700,233,409100,13636,7300,221858,1000,447886685,1778768600,1,2025-04-07,B,141
1989,15,17,23,29,35,43,08,17,43,23,29,35,15,3,0,0,12,6836700,262,338100,11276,8300,181594,1000,721346489,1598485600,1,2025-04-10,C,162
1990,06,09,15,19,24,40,30,19,40,24,06,15,09,4,1,600000000,7,11973100,309,292900,14668,6500,230369,1000,400711088,1732676800,1,2025-04-14,D,113
1991,01,05,12,16,17,40,04,16,40,05,12,01,17,10,2,333146900,3,26559100,278,309500,12511,7200,208004,1000,0,1622754200,1,2025-04-17,J,91
1992,09,11,18,21,27,34,13,27,18,21,09,11,34,5,2,107593400,6,10759600,290,240400,13380,5500,194321,1000,0,1372131000,2,2025-04-21,E,120
1993,07,12,13,35,37,42,31,07,42,35,37,13,12,6,1,200000000,4,16096700,205,339100,9632,7600,156719,1000,14616653,1286079600,1,2025-04-24,F,146
1994,10,11,13,16,24,26,12,24,13,16,11,10,26,7,1,243750300,6,11457000,243,305500,11995,6500,193990,1000,0,1432339400,1,2025-04-28,G,100
1995,02,04,08,26,27,37,19,08,26,02,27,37,04,9,3,66525400,11,5443100,294,219900,13244,5100,205361,1000,0,1328451600,1,2025-05-01,I,104
1996,06,17,26,28,33,34,20,06,33,28,17,34,26,3,2,105651300,7,9056100,215,318400,10299,7000,161024,1000,0,1281165000,1,2025-05-05,C,144
1997,05,16,17,28,36,40,14,05,28,36,40,16,17,8,0,0,4,16234200,243,288500,10860,6800,159161,1000,216449935,1299517200,1,2025-05-08,H,142
1998,01,04,06,09,20,43,21,06,01,20,04,43,09,1,0,0,8,9467000,339,241200,15697,5500,221407,1000,468895009,1595130400,1,2025-05-12,A,83
1999,17,31,34,35,36,38,02,34,38,17,35,31,36,2,0,0,4,21589900,164,568600,8953,11000,153346,1000,756752052,1598624200,1,2025-05-15,B,191
2000,01,02,16,21,25,35,22,01,21,16,02,35,25,5,0,0,3,29635400,251,382500,12337,8200,206276,1000,1053097181,1753337000,1,2025-05-23,E,100
2001,13,21,24,26,34,36,20,36,21,24,13,26,34,4,1,600000000,4,22686800,264,371200,13087,7900,215342,1000,755578703,1800298000,1,2025-05-22,D,154
2002,01,17,19,23,36,42,15,17,42,19,23,01,36,10,0,0,6,15189600,296,332500,12726,8100,209910,1000,1059361065,1793911200,1,2025-05-26,J,138
2003,01,05,10,13,35,40,39,10,35,01,05,13,40,9,5,272022200,2,45113900,277,351700,13487,7600,222715,1000,0,1809116400,1,2025-05-29,I,104
2004,16,18,25,27,31,36,07,36,18,25,31,16,27,7,0,0,12,5928000,194,396000,10751,7500,167295,1000,237113181,1407885400,1,2025-06-02,G,153
2005,03,07,18,27,33,34,06,07,34,18,27,33,03,8,0,0,10,7290300,403,195300,16493,5000,227754,1000,480117370,1567980800,1,2025-06-05,H,122
2006,04,07,19,22,26,28,33,19,22,26,28,07,04,6,2,366756500,18,4223400,423,194000,18834,4600,261834,1000,0,1689122200,1,2025-06-09,F,106
2007,06,18,23,24,30,35,38,35,18,24,06,30,23,3,1,200000000,5,12137800,305,214800,12816,5400,174837,1000,2290785,1272481200,1,2025-06-12,C,136
2008,05,08,09,17,22,36,30,22,05,17,08,09,36,1,1,212980400,15,4213900,403,169300,16397,4300,232774,1000,0,1437931000,1,2025-06-16,A,97
2009,08,17,20,35,36,40,12,36,40,35,08,17,20,5,2,110607700,5,13273300,173,414200,9240,8100,148204,1000,0,1295992400,1,2025-06-19,E,156
2010,09,15,24,29,31,40,13,09,31,15,29,40,24,2,0,0,3,22850300,208,355900,9717,8000,153689,1000,228495598,1339993400,1,2025-06-23,B,148
2011,12,14,18,24,30,42,04,42,24,14,12,30,18,7,1,482082100,13,5852100,292,281300,12185,7100,185280,1000,0,1519836200,1,2025-06-26,G,140
2012,01,14,20,36,38,41,30,20,41,38,14,01,36,3,1,200000000,1,75217100,118,688400,7433,11500,136879,1000,50715673,1399733400,2,2025-06-30,C,150
2013,07,12,30,31,39,43,42,12,30,43,39,07,31,9,2,144542500,1,71513100,170,454300,9667,8400,159724,1000,0,1396550600,2,2025-07-03,I,162
2014,07,11,21,24,29,34,40,11,34,07,24,21,29,4,1,200000000,1,65549500,226,313200,12073,6100,193672,1000,18491184,1385128000,1,2025-07-07,D,126
2015,06,08,13,16,20,23,26,06,20,13,08,16,23,10,4,55995600,10,6164900,480,138700,12155,5700,193300,1000,0,1327496400,1,2025-07-10,J,86
2016,10,13,27,31,40,42,01,40,31,27,42,13,10,1,0,0,4,17191600,163,455600,8088,9700,140198,1000,229213996,1313152600,1,2025-07-14,A,163
2017,02,04,11,22,24,35,08,35,24,11,22,04,02,8,3,148608000,18,3610200,384,182700,15751,4700,222132,1000,0,1440153200,1,2025-07-17,H,98
2018,01,02,14,21,22,33,37,02,33,22,14,01,21,9,2,102179200,6,10218200,227,291600,10619,6500,159437,1000,0,1247294000,1,2025-07-21,I,93
2019,07,13,14,21,39,42,09,14,07,39,42,21,13,7,2,109854100,9,7323800,248,287000,11742,6400,160438,1000,0,1316593000,1,2025-07-24,G,136
2020,05,21,23,28,38,39,32,05,28,38,23,39,21,6,0,0,1,66651100,176,408900,9360,8100,157824,1000,222163139,1321511200,1,2025-07-28,F,154
2021,02,17,22,29,30,43,31,29,02,30,17,22,43,5,0,0,8,9434100,216,377300,10525,8100,171200,1000,473732119,1479731000,1,2025-07-31,E,143
2022,02,03,18,26,31,33,30,18,02,33,31,03,26,2,2,370901400,5,16084700,261,332700,13919,6500,223217,1000,0,1667432200,1,2025-08-04,B,113
2023,01,20,28,29,31,43,05,31,28,20,01,29,43,3,1,200000000,1,67678000,152,480800,7976,9600,132339,1000,25586133,1279835400,1,2025-08-07,C,152
2024,10,13,16,29,34,42,21,13,42,29,10,34,16,5,2,130661400,8,8840400,191,399800,8973,8900,149650,1000,0,1362660000,1,2025-08-11,E,144
2025,12,18,26,28,41,43,35,43,18,26,41,12,28,4,0,0,2,31221400,140,481600,7663,9200,135664,1000,208136262,1210973200,1,2025-08-14,D,168
2026,02,05,08,11,20,26,28,02,08,26,20,11,05,10,6,71626100,20,3324400,649,110600,21880,3400,265529,1000,0,1558486200,1,2025-08-18,J,72
2027,05,12,18,23,34,39,13,18,39,12,23,34,05,8,1,200000000,7,8620600,389,167500,12260,5600,169488,1000,1142580,1255577200,1,2025-08-21,H,131
2028,06,10,12,19,21,42,16,10,12,21,06,42,19,1,0,0,6,10756700,334,208600,15152,4800,208583,1000,216271318,1403570600,1,2025-08-25,A,110
2029,07,21,31,36,40,43,41,36,31,21,40,43,07,7,1,488049000,0,0,162,543500,9379,9900,164175,1000,81535997,1552426600,1,2025-08-28,G,178
2030,03,07,28,29,32,36,13,36,29,03,28,07,32,9,0,0,4,18228100,264,298200,12618,6500,198695,1000,324569514,1503533400,1,2025-09-01,I,135
2031,02,03,16,20,23,29,27,03,23,29,02,16,20,6,3,194184800,6,12899600,298,280400,14158,6200,218931,1000,0,1613836600,1,2025-09-04,F,93
2032,08,15,27,33,37,39,31,33,15,08,27,39,37,2,1,200000000,7,9565500,366,197500,12928,5900,182907,1000,23188375,1381731200,1,2025-09-08,B,159
2033,05,16,21,22,33,35,26,05,35,21,33,22,16,3,3,85086700,7,9946200,242,310700,10699,7400,167344,1000,0,1385965400,1,2025-09-11,C,132
2034,02,13,22,25,35,37,17,02,13,37,35,25,22,7,2,106154000,9,7077100,198,347400,10984,6600,163768,1000,0,1291656600,1,2025-09-15,G,134
2035,05,10,12,17,21,35,09,10,21,17,05,35,12,1,0,0,9,6565600,286,223100,12973,5100,187195,1000,196961791,1276657200,1,2025-09-18,A,100
2036,07,10,17,26,35,42,33,10,17,26,42,07,35,4,1,454612800,7,11042500,275,303500,11927,7300,193947,1000,0,1556856800,1,2025-09-22,D,137
2037,07,12,20,23,27,29,10,07,23,20,29,27,12,6,0,0,3,19538100,251,252100,12515,5300,188891,1000,195374667,1273490800,1,2025-09-25,F,118
2038,05,31,37,39,41,42,33,42,41,37,31,05,39,5,1,468137300,10,8183100,156,566500,8779,10600,152703,1000,0,1531237000,1,2025-09-29,E,195
2039,02,15,25,27,38,42,22,25,42,27,02,15,38,10,0,0,11,5874600,271,257500,11331,6500,169403,1000,215395177,1317668200,1,2025-10-02,J,149
2040,07,12,14,15,24,30,32,30,15,24,12,07,14,8,1,474998900,8,9735400,301,279400,14739,6000,229684,1000,0,1644805200,2,2025-10-06,H,102
2041,04,19,22,24,32,38,11,38,04,32,22,24,19,7,0,0,13,4834800,233,291300,10452,6800,156707,1000,209502018,1263703400,2,2025-10-09,G,139
2042,09,14,29,38,41,43,12,14,43,41,09,29,38,1,1,470308700,5,15648900,179,472000,9622,9200,157062,1000,0,1488679600,1,2025-10-13,A,174
2043,11,19,22,34,40,42,31,22,34,19,40,11,42,9,0,0,5,13422300,183,396000,8573,8900,142617,1000,223699102,1294429600,1,2025-10-16,I,168
2044,01,06,11,26,33,40,14,40,26,01,06,11,33,3,0,0,6,13035600,291,290200,13818,6400,212520,1000,484403623,1611473000,1,2025-10-20,C,117
2045,01,04,07,12,16,28,19,16,12,04,01,28,07,2,3,239377600,14,5008600,596,127000,21477,3700,272776,1000,0,1627500600,1,2025-10-23,B,68
2046,02,05,10,22,25,38,14,02,22,05,10,25,38,10,3,65800600,21,2820100,470,136000,16168,4100,209575,1000,0,1328313800,1,2025-10-27,J,102
2047,10,11,16,19,37,39,27,11,16,39,19,37,10,6,0,0,3,21072900,165,413700,8955,8000,155144,1000,210723088,1265565800,1,2025-10-30,F,132
2048,08,13,18,32,37,43,27,18,32,37,43,08,13,3,0,0,7,11040800,162,515200,10649,8200,175084,1000,468334806,1514767200,1,2025-11-03,C,151
2049,10,24,25,39,40,42,19,40,10,39,25,42,24,4,0,0,9,9503600,190,486100,10720,9100,179593,1000,753434862,1644903600,1,2025-11-06,D,180
2050,06,11,15,21,25,32,05,06,25,15,32,11,21,8,0,0,10,9002800,309,314600,15774,6500,248843,1000,1053519923,1864272800,1,2025-11-10,H,110
2051,03,15,27,28,31,39,20,28,31,27,15,39,03,5,2,600000000,15,6459800,481,217500,17971,6100,258708,1000,176502270,1986249800,1,2025-11-13,E,143
2052,01,03,18,25,30,34,10,18,03,01,25,30,34,1,0,0,5,15641200,240,351900,12225,7300,195372,1000,437181358,1573255200,1,2025-11-17,A,111
2053,20,28,31,35,37,41,13,28,20,35,31,41,37,7,0,0,4,21547200,145,641900,9252,10600,162769,1000,724468616,1617074400,1,2025-11-20,G,192
2054,01,14,27,30,33,37,23,30,33,37,27,01,14,2,1,600000000,1,91661400,239,414100,12213,8500,203450,1000,429996617,1787183600,1,2025-11-24,B,142
2055,11,12,14,17,21,26,02,17,11,12,14,21,26,9,0,0,9,8790700,258,331100,13549,6600,227553,1000,693711520,1658034200,1,2025-11-27,I,101
2056,03,07,15,17,19,30,38,07,17,15,30,19,03,10,1,600000000,6,14641600,408,232500,17973,5500,262734,1000,386535047,1863410800,1,2025-12-01,J,91
2057,05,07,21,22,38,41,24,41,05,21,07,22,38,6,3,217303700,7,11373600,263,326900,13310,6800,207944,1000,0,1621718600,1,2025-12-04,F,134
2058,09,12,14,16,19,42,18,19,42,14,16,09,12,3,2,115587500,4,17338600,171,438000,9488,8300,172385,1000,0,1393248400,1,2025-12-08,C,112
2059,02,13,26,28,38,43,03,43,02,28,13,38,26,4,2,110548300,6,11055100,193,371100,10577,7100,161791,1000,0,1325666600,1,2025-12-11,D,150
2060,08,16,22,40,41,42,10,16,08,22,41,40,42,1,1,200000000,7,10426600,164,480600,8955,9300,147543,1000,43279462,1390937000,1,2025-12-15,A,169
2061,05,06,13,21,33,34,40,34,21,33,13,05,06,8,1,276436400,3,23316400,319,236800,11939,6600,182215,1000,0,1423753600,1,2025-12-18,H,112
2062,01,09,18,24,35,42,08,18,42,01,24,35,09,5,1,200000000,11,6782200,292,275900,12385,6800,192461,1000,48674501,1514329600,1,2025-12-22,E,129
2063,04,28,29,30,38,42,15,04,42,29,28,38,30,2,0,0,6,13231600,144,595400,9010,10000,162075,1000,313298859,1516501600,1,2025-12-25,B,171
2064,02,07,24,37,39,41,03,41,07,02,39,24,37,9,1,600000000,12,7315700,264,359100,14217,7000,227361,1000,5920512,1783922000,1,2025-12-29,I,150
2065,06,18,21,31,37,40,03,37,21,06,31,18,40,10,0,0,5,15198300,215,381700,10741,8000,178338,1000,259218384,1503148000,1,2026-01-05,J,153
2066,08,28,30,32,37,38,05,28,38,30,08,32,37,7,1,542887200,4,21275800,156,589100,10434,9300,185431,1000,0,1651623000,1,2026-01-08,G,173
2067,03,04,12,15,32,42,31,15,42,12,04,32,03,9,0,0,6,11094200,195,368600,10677,7100,185401,1000,221877669,1381546000,1,2026-01-12,I,108
2068,02,10,13,14,29,33,32,02,33,29,13,14,10,6,0,0,6,13131100,378,225000,14922,6000,223597,1000,484491749,1644432800,1,2026-01-15,F,101
2069,06,17,23,27,33,35,04,27,17,06,23,35,33,3,9,86819200,11,8097000,361,266400,15509,6500,241214,1000,0,1833319400,1,2026-01-19,C,141
2070,06,10,25,30,34,36,12,25,30,06,34,10,36,1,1,200000000,9,7397100,151,476100,8966,8400,156035,1000,21907185,1316417200,1,2026-01-22,A,141
2071,15,24,29,32,33,35,14,33,35,24,32,15,29,8,0,0,4,18897900,253,322600,11221,7600,177707,1000,273871384,1495918000,1,2026-01-26,H,168
2072,08,18,24,36,40,42,43,08,40,18,36,42,24,4,0,0,6,13209300,306,279700,12711,7100,188758,1000,538049454,1573847000,1,2026-01-29,D,168
2073,02,12,14,24,26,29,08,24,29,12,26,14,02,10,0,0,13,6667900,378,247600,17612,5600,270616,1000,826984918,1863936600,1,2026-02-02,J,107
2074,05,06,16,26,27,36,11,26,36,27,16,05,06,5,4,281563500,18,4987900,649,149400,19672,5200,263713,1000,0,1893753200,1,2026-02-05,E,116
2075,07,10,14,16,35,37,11,10,16,35,07,14,37,2,0,0,2,33333300,177,406700,10275,7400,169978,1000,222215112,1348747200,1,2026-02-09,B,119
2076,01,09,20,22,28,41,30,09,28,20,01,41,22,7,5,94842000,7,10800100,579,141000,14943,5700,195735,1000,0,1536115200,1,2026-02-12,G,121
2077,17,18,23,24,26,43,10,24,18,43,23,26,17,6,0,0,4,17916200,155,499300,9258,8800,161757,1000,238876055,1403282000,1,2026-02-16,F,151
2078,01,10,20,24,30,35,41,30,10,20,35,24,01,10,1,495292100,6,12821200,245,339000,12042,7200,181113,1000,0,1522940600,1,2026-02-19,J,120
2079,05,11,15,17,24,39,31,15,39,11,17,05,24,7,0,0,16,3884800,311,215800,13225,5300,195301,1000,207185202,1339344000,1,2026-02-23,G,111
2080,06,12,30,36,37,38,08,38,37,36,12,06,30,3,1,455170700,10,7439800,241,333300,13400,6300,198415,1000,0,1524550200,1,2026-02-26,C,159
2081,14,31,32,37,41,42,22,32,37,41,42,31,14,1,0,0,3,24703300,154,519700,8262,10200,140455,1000,247024989,1391552800,2,2026-03-02,A,197
2082,05,11,14,19,25,40,17,25,05,19,40,14,11,6,2,266807600,6,14329900,293,316900,14596,6700,232454,1000,0,1768884400,2,2026-03-05,F,114
2083,08,10,13,17,26,29,43,08,10,26,29,13,17,9,0,0,7,9010700,302,225500,13544,5300,199383,1000,210243220,1361777800,1,2026-03-09,I,103
2084,08,17,18,19,30,39,09,39,08,18,30,19,17,2,0,0,8,9460500,290,281800,11789,7300,183453,1000,462516068,1510035600,1,2026-03-12,B,131
2085,06,08,13,26,35,43,14,13,26,06,08,35,43,8,1,600000000,3,26889600,276,315600,12985,7000,208313,1000,131403738,1637882200,1,2026-03-16,H,131
2086,04,11,19,28,39,40,06,04,11,39,28,40,19,10,0,0,15,4915400,296,269000,12723,6600,188055,1000,377168743,1491824800,1,2026-03-19,J,141
2087,07,10,15,18,26,39,13,10,07,18,39,15,26,5,1,600000000,9,8467700,302,272500,14390,6000,216634,1000,31193795,1591427800,1,2026-03-23,E,115
2088,08,16,18,27,37,39,29,37,08,39,18,16,27,9,3,85315200,11,6129800,282,258200,12626,6000,184969,1000,0,1393146000,1,2026-03-26,I,145
2089,09,16,18,32,37,43,13,32,43,18,09,16,37,4,0,0,11,6458300,162,473500,9049,8900,151757,1000,236800230,1371989000,1,2026-03-30,D,155
2090,02,03,06,09,24,36,05,06,02,09,03,24,36,10,1,449917100,8,7992100,476,145000,19544,3700,251566,1000,0,1490297200,1,2026-04-02,J,80
2091,06,16,21,25,28,43,09,06,25,21,28,43,16,7,0,0,2,34177100,187,394700,9022,8600,160010,1000,227840393,1351177000,1,2026-04-06,G,139
2092,08,13,27,36,37,43,03,36,13,27,43,37,08,1,0,0,6,12644000,264,310300,11718,7300,181007,1000,480712171,1507217200,1,2026-04-09,A,164
2093,02,10,21,26,29,38,12,29,10,21,26,38,02,8,0,0,16,5077800,329,266600,14455,6400,224282,1000,751519994,1681759400,1,2026-04-13,H,126
2094,03,04,07,11,24,30,16,04,07,24,03,30,11,3,5,200321600,18,4168200,710,114100,25626,3300,316889,1000,0,1797014800,1,2026-04-16,C,79
2095,13,20,22,23,28,30,29,22,20,13,30,23,28,5,0,0,5,14547300,175,448800,8524,9700,153085,1000,242447428,1399616800,1,2026-04-20,E,136
2096,08,15,18,21,33,43,38,43,21,33,08,15,18,6,0,0,6,12574100,239,340900,12495,6800,190942,1000,493922051,1523189800,1,2026-04-23,F,138
2097,03,20,24,27,34,42,37,20,27,42,24,03,34,2,0,0,4,21894400,261,362300,12217,8100,202554,1000,785838686,1725714600,1,2026-04-27,B,150
2098,01,06,15,18,19,42,24,15,42,06,18,19,01,9,2,536215400,18,4776600,254,365500,14486,6700,235925,1000,0,1776606000,1,2026-04-30,I,101
2099,19,21,34,36,39,42,43,21,42,36,34,39,19,4,0,0,2,36859100,126,631800,7983,10500,139177,1000,245719871,1383009800,1,2026-05-04,D,191
2100,08,17,24,32,35,41,28,08,24,32,41,35,17,10,5,100644600,15,5150200,461,180900,15912,5500,212199,1000,0,1596772600,1,2026-05-07,J,157
2101,01,17,29,33,40,42,21,01,17,40,33,29,42,8,2,119417600,3,23884300,158,489700,8609,9400,143366,1000,0,1362235400,1,2026-05-11,H,162
2102,18,21,25,28,30,43,08,30,18,25,28,21,43,3,1,200000000,8,8382900,148,489300,8874,8600,147401,1000,23538243,1304357800,1,2026-05-14,C,165
2103,01,02,04,05,08,38,39,01,02,38,05,04,08,6,2,121423400,6,10965700,523,135800,18465,4000,234935,1000,0,1480396000,1,2026-05-18,F,58
2104,18,19,21,25,28,34,04,19,28,34,25,21,18,1,1,200000000,9,7195000,180,388500,3725,7500,153283,1000,15845051,1283811800,1,2026-05-21,A,145
2105,05,26,28,30,36,40,32,40,36,26,28,05,30,7,0,0,5,15075200,159,511900,8406,10200,151323,1000,267091381,1434150000,1,2026-05-25,G,165
2106,01,06,17,27,34,43,24,06,34,17,01,27,43,9,2,261492400,12,6397500,269,308200,12294,7100,193814,1000,0,1548881800,1,2026-05-28,I,128
2107,05,08,27,32,36,39,38,36,05,08,39,27,32,1,1,200000000,6,11670300,241,313700,11251,7100,181175,1000,33399525,1422502200,1,2026-06-01,A,147
2108,02,05,10,15,28,43,27,28,43,05,02,15,10,5,3,83434500,6,10845500,313,224500,13552,5400,195451,1000,0,1382146400,1,2026-06-04,E,103
2109,06,11,19,31,38,41,03,41,06,31,38,19,11,2,1,200000000,6,10863700,234,300800,10718,6900,171685,1000,17268406,1330924800,1,2026-06-08,B,146
2110,03,09,18,35,36,40,29,40,18,03,36,35,09,10,2,124941200,4,17446600,217,347300,11138,7100,167812,1000,0,1389374800,1,2026-06-11,J,141
2111,01,05,08,12,37,43,36,12,05,37,08,43,01,7,0,0,5,12451400,259,259500,13929,5100,216748,1000,207517626,1388456600,1,2026-06-15,G,106
2112,03,07,08,27,31,40,18,27,07,03,08,40,31,4,0,0,4,18589200,293,274000,14317,5900,218891,1000,455366461,1569455000,1,2026-06-18,D,116
2113,02,05,32,36,38,42,14,05,02,32,42,38,36,1,0,0,8,10842600,225,416300,12885,7600,213988,1000,744495484,1738942400,1,2026-06-22,A,155
2114,02,16,20,21,23,33,43,33,23,02,20,21,16,8,2,525897600,8,11524100,313,318000,13496,7700,212254,1000,0,1814490800,1,2026-06-25,H,115
2115,01,03,11,34,35,42,23,03,11,34,42,01,35,3,0,0,8,8572400,171,433100,10071,7700,168868,1000,228591918,1374145400,1,2026-06-29,C,126
2116,02,06,13,14,20,42,10,06,02,42,14,20,13,6,1,485666100,7,11017800,226,368500,12948,6700,216056,1000,0,1603467400,1,2026-07-02,F,97
2117,04,07,26,27,35,41,34,27,41,07,04,35,26,1,0,0,4,17279500,213,350400,11374,6900,181867,1000,230386799,1410875200,2,2026-07-06,A,140
2118,01,05,08,35,36,37,24,08,36,01,37,35,05,10,0,0,6,12588100,323,252500,14687,5800,223868,1000,482140962,1597580200,2,2026-07-09,J,122
2119,15,18,20,22,30,38,42,15,30,22,20,38,18,10,1,600000000,2,44295500,193,495700,11079,9100,192434,1000,177434948,1717983800,1,2026-07-13,J,143
2120,03,08,13,14,16,43,26,08,14,43,13,03,16,9,0,0,9,8040500,195,400700,11417,7200,201006,1000,418643783,1500695600,1,2026-07-16,I,97
2121,01,03,10,17,25,26,36,26,17,01,10,25,03,3,1,600000000,11,7086200,479,175700,17960,4900,251843,1000,78463295,1694990200,1,2026-07-20,C,82
2122,12,15,18,21,26,32,41,15,21,26,12,18,32,5,0,0,8,8735200,224,336900,10717,7400,174785,1000,311395743,1406261200,1,2026-07-23,E,124
2123,01,02,04,25,37,40,43,37,04,01,02,25,40,2,2,293335100,8,10323100,194,459700,10917,8600,194406,1000,0,1634886600,1,2026-07-27,B,109
2124,06,20,29,36,37,41,19,41,37,20,29,36,06,7,0,0,8,8247000,165,431800,8005,9400,134914,1000,219914692,1260775000,1,2026-07-30,G,169
2125,03,22,25,28,30,43,39,28,43,30,03,22,25,4,0,0,7,11573900,241,363000,11686,7900,192682,1000,489963936,1608222400,1,2026-08-03,D,151
2126,18,20,22,35,37,42,24,35,20,18,22,42,37,10,1,600000000,4,20492900,240,368800,11134,8400,187447,1000,163194603,1610491000,1,2026-08-06,J,174
2127,07,12,15,29,30,33,22,29,15,33,12,07,30,8,1,408302200,5,14706900,357,222400,13333,6200,200568,1000,0,1516759000,1,2026-08-10,H,126
2128,13,20,22,27,35,38,11,35,20,27,13,22,38,6,1,200000000,8,7887200,215,316900,9087,7900,141943,1000,10319757,1234467800,1,2026-08-13,F,155
2129,02,04,06,16,25,41,40,02,25,04,41,16,06,1,0,0,2,34449900,258,288400,12822,6100,199767,1000,239978734,1447472600,1,2026-08-17,A,94
2130,12,18,35,40,41,43,03,41,12,40,18,35,43,9,1,510089600,7,11576500,159,550400,9411,9800,160646,1000,0,1537300800,1,2026-08-20,I,189
2131,25,26,28,33,35,43,09,26,35,28,43,33,25,3,0,0,3,23703800,126,609500,7419,10900,138544,1000,237030272,1343632000,1,2026-08-24,C,190
2132,09,15,16,19,31,32,04,31,09,32,19,16,15,10,2,246410700,8,9592400,213,389000,10351,8400,174843,1000,0,1506277000,1,2026-08-27,J,122
2133,01,11,14,20,29,38,27,01,14,29,20,38,11,2,1,200000000,3,22734800,218,337800,10166,7600,163857,1000,27341485,1357545800,1,2026-08-31,B,113
2134,05,09,10,19,26,35,18,10,26,19,05,35,09,5,1,242963300,12,5390700,360,194000,13871,5300,202591,1000,0,1392409800,1,2026-09-03,E,104
2135,07,13,32,34,37,39,41,34,32,39,37,13,07,4,0,0,3,23183400,167,449700,9341,8400,147298,1000,231826479,1340346200,1,2026-09-07,D,162
2136,06,07,33,37,41,43,42,41,06,07,43,33,37,7,0,0,2,37945900,162,505900,9718,8900,171940,1000,484790869,1487473000,1,2026-09-10,G,167
2137,04,08,10,25,28,33,09,33,25,28,04,10,08,8,2,370144100,12,6387600,364,227400,16250,5300,242126,1000,0,1654510800,1,2026-09-14,H,108
2138,09,16,21,26,38,40,12,40,16,26,38,21,09,6,0,0,6,10887100,163,432800,8597,8600,143098,1000,217736552,1269443800,1,2026-09-17,F,150
2139,03,06,23,34,36,43,29,03,23,06,43,36,34,9,1,451342500,5,14016800,243,311400,11392,7000,180788,1000,0,1422544400,1,2026-09-21,I,145
2140,04,10,11,19,21,33,30,33,04,21,11,10,19,1,0,0,5,11461300,263,235300,12167,5300,178125,1000,191016277,1230521400,1,2026-09-24,A,98
2141,14,15,22,32,37,41,01,37,32,14,15,41,22,3,1,450730500,4,19479200,255,329900,11310,7800,177243,1000,0,1528752600,1,2026-09-28,C,161
2142,02,14,20,21,31,39,36,14,20,02,21,31,39,10,0,0,10,7046300,254,299500,9372,8500,153412,1000,234869815,1367231400,1,2026-10-01,J,127
2143,01,07,08,29,40,43,15,40,29,01,08,07,43,7,1,491368200,10,7695200,232,358200,11775,7400,197383,1000,0,1559455600,2,2026-10-05,G,128
2144,05,06,11,25,31,32,15,31,32,05,25,06,11,4,1,200000000,4,15029600,259,250600,11833,5700,177579,1000,388848,1270263600,2,2026-10-08,D,110
