id,n1,n2,n3,n4,n5,n6,n7,nbo1,nbo2,o1,o2,o3,o4,o5,o6,o7,obo1,obo2,setball_id,t1,m1,t2,m2,t3,m3,t4,m4,t5,m5,t6,m6,co,sales,stage_id,date,setball,n1_g9,n2_g9,n3_g9,n4_g9,n5_g9,n6_g9,n7_g9,nbo1_g9,nbo2_g9,o1_g9,o2_g9,o3_g9,o4_g9,o5_g9,o6_g9,o7_g9,obo1_g9,obo2_g9,sum
1,07,10,12,17,23,28,34,03,15,10,07,12,17,23,28,34,03,15,1,1,301716500,24,4144600,168,828900,8254,9800,115022,1700,189593,900,0,2194449900,1,2013-04-05,A,B,C,C,E,F,G,I,A,D,C,B,C,E,F,G,I,A,D,131
2,20,24,29,31,33,34,35,12,32,33,24,31,29,35,20,34,32,12,5,0,0,3,27968500,63,1864500,3631,18900,67155,2500,12990,1200,247506600,1851060000,1,2013-04-12,E,E,F,H,H,I,I,I,C,H,I,F,H,H,I,E,I,H,C,206
3,02,07,08,11,14,23,31,05,15,07,11,08,23,02,31,14,15,05,7,0,0,15,8717200,218,839700,9957,10700,147796,1700,252702,900,646583065,2884697700,1,2013-04-19,G,A,B,B,C,D,F,H,B,D,B,C,B,F,A,H,D,D,B,96
4,12,13,22,23,24,28,29,02,14,28,22,13,29,24,12,23,02,14,3,0,0,6,22730100,132,1446400,7217,15500,127060,2100,217162,1100,1055636845,3008726400,1,2013-04-26,C,C,D,F,F,F,G,H,A,D,G,F,D,H,F,C,F,A,D,151
5,01,03,04,05,16,21,28,22,31,28,04,21,16,01,05,03,31,22,9,0,0,13,11525600,217,966600,10451,11700,163965,1800,239669,1100,1502479900,3305505900,1,2013-05-03,I,A,A,A,B,D,F,G,F,H,G,A,F,D,A,B,A,H,F,78
6,05,15,19,23,30,34,35,06,25,35,19,15,34,05,23,30,25,06,10,0,0,13,12174300,166,1334700,9111,14200,158890,2000,271441,1000,1975256125,3491554500,1,2013-05-10,J,B,D,E,F,H,I,I,B,G,I,E,D,I,B,F,H,G,B,161
7,01,03,05,07,27,29,33,06,15,07,01,03,33,05,29,27,06,15,8,3,800000000,18,8835900,209,1065300,10300,12600,164712,1900,287966,1000,41801960,3508752300,1,2013-05-17,H,A,A,B,B,G,H,I,B,D,B,A,A,I,B,H,G,B,D,105
8,02,21,28,29,30,32,36,06,08,21,32,30,29,02,28,36,06,08,2,0,0,4,28966000,98,1655100,5628,16900,98454,2300,201752,1000,390672500,2556097200,1,2013-05-24,B,A,F,G,H,H,H,I,B,B,F,H,H,H,A,G,I,B,B,178
9,03,04,15,23,27,30,36,13,35,03,23,04,36,30,27,15,13,35,4,2,380111200,4,30883600,201,860400,8281,12200,129548,1900,213199,1000,0,2725318200,2,2013-05-31,D,A,A,D,F,G,H,I,D,I,A,F,A,I,H,G,D,D,I,138
10,01,02,03,06,24,28,30,16,20,02,03,24,06,01,28,30,16,20,4,0,0,4,26389000,147,1005200,6861,12600,113261,1800,166137,1100,321524240,2328697200,1,2013-06-07,D,A,A,A,B,F,G,H,D,E,A,A,F,B,A,G,H,D,E,94
11,09,15,26,29,32,34,36,14,35,09,29,34,32,15,36,26,35,14,6,1,707670400,6,20977400,138,1276800,6700,15400,112138,2200,211430,1000,0,2776716900,1,2013-06-14,F,C,D,G,H,H,I,I,D,I,C,H,I,H,D,I,G,I,D,181
12,11,12,14,19,26,27,33,24,32,33,19,14,27,26,12,11,32,24,1,1,296535200,9,11274500,198,717400,7888,10500,111522,1800,167040,1100,0,2238574500,1,2013-06-21,A,C,C,D,E,G,G,I,F,H,I,E,D,G,G,C,C,H,F,142
13,06,10,16,21,27,28,35,15,34,28,10,27,35,06,21,16,34,15,3,0,0,8,12556800,116,1212300,6420,12800,102857,1900,180788,1000,297797015,2216156700,1,2013-06-28,C,B,C,D,F,G,G,I,D,I,G,C,G,I,B,F,D,I,D,143
14,04,07,08,09,24,28,30,34,36,09,07,08,30,24,04,28,36,34,5,2,316971200,16,7259000,206,789300,9151,10400,138034,1700,208315,1000,0,2562285300,1,2013-07-05,E,A,B,B,C,F,G,H,I,I,C,B,B,H,F,A,G,I,I,110
15,02,10,14,17,23,25,35,08,29,02,23,35,25,17,10,14,08,29,7,2,139246400,10,9268900,112,1158600,5732,13200,92282,2000,176674,900,0,2044840200,1,2013-07-12,G,A,C,D,E,F,G,I,B,H,A,F,I,G,E,C,D,B,H,126
16,05,06,09,13,16,21,23,08,34,23,09,21,16,06,05,13,34,08,4,1,259314500,4,21862000,105,1165900,4943,14500,83727,2100,151462,1000,0,1929209400,1,2013-07-19,D,B,B,C,D,D,F,F,B,I,F,C,F,D,B,B,D,I,B,93
17,02,03,05,22,34,36,37,07,15,05,36,34,02,03,37,22,15,07,10,0,0,4,20977700,90,1305200,4666,14700,77221,2200,169662,800,257444175,1851175500,2,2013-07-26,J,A,A,B,F,I,I,I,B,D,B,I,I,A,A,I,F,D,B,139
18,12,17,21,24,29,31,36,20,26,36,29,21,17,24,12,31,20,26,7,4,138991400,6,16682100,217,645700,6847,12000,97855,2000,147556,1200,0,2208161100,1,2013-08-02,G,C,E,F,F,H,H,I,E,G,I,H,F,E,F,C,H,E,G,170
19,02,14,19,20,21,22,31,01,15,14,20,19,22,02,31,21,15,01,2,0,0,4,19848700,76,1462500,3806,17100,64380,2500,114009,1200,234808895,1751549100,1,2013-08-09,B,A,D,E,E,F,F,H,A,D,D,E,E,F,A,H,F,D,A,129
20,02,05,13,20,21,23,28,11,22,21,13,28,05,02,23,20,11,22,9,0,0,7,14478600,127,1117200,8054,10300,106761,1900,175616,1000,536318350,2235915900,1,2013-08-16,I,A,B,D,E,F,F,G,C,F,F,D,G,B,A,F,E,C,F,112
21,01,09,13,15,25,30,33,19,28,15,30,09,25,33,13,01,28,19,8,1,800000000,10,12244200,132,1298600,6801,14700,112769,2200,194579,1100,95906390,2701219200,1,2013-08-23,H,A,C,D,D,G,H,I,E,G,D,H,C,G,I,D,A,G,E,126
22,02,04,08,09,15,23,25,03,10,15,04,09,23,08,25,02,03,10,3,0,0,14,7236900,164,864800,7789,10600,117980,1700,203297,900,392492300,2235169800,1,2013-08-30,C,A,A,B,C,D,F,G,A,C,D,A,C,F,B,G,A,A,C,86
23,04,08,11,25,28,29,30,14,32,04,28,29,08,11,25,30,32,14,6,1,746478700,12,9581100,166,969600,8013,11700,124341,1800,193931,1000,0,2536467000,1,2013-09-06,F,A,B,C,G,G,H,H,D,H,A,G,H,B,C,G,H,H,D,135
24,04,05,08,10,16,19,33,02,29,08,19,04,33,16,10,05,29,02,1,0,0,6,14535600,120,1017400,5270,13500,86619,2000,154752,1000,257380635,1924038300,1,2013-09-13,A,A,B,B,C,D,E,I,A,H,B,E,A,I,D,C,B,H,A,95
25,01,06,11,16,17,18,21,10,24,18,01,11,16,17,21,06,10,24,5,2,288220500,4,25836500,102,1418400,5581,15200,91372,2200,173039,1000,0,2279937300,1,2013-09-20,E,A,B,C,D,E,E,F,C,F,E,A,C,D,E,F,B,C,F,90
26,11,13,16,18,26,31,36,21,27,18,11,16,13,31,36,26,21,27,4,0,0,3,27534000,68,1700600,4092,16500,69621,2400,131086,1100,242988750,1822299000,1,2013-09-27,D,C,D,D,E,G,H,I,F,G,E,C,D,D,H,I,G,F,G,151
27,01,10,11,14,17,18,28,25,26,14,18,10,01,11,17,28,25,26,2,0,0,7,14134500,130,1065500,5972,13600,97788,2000,176737,1000,534246145,2182769100,1,2013-10-04,B,A,C,C,D,E,E,G,G,G,D,E,C,A,C,E,G,G,G,99
28,06,07,12,15,19,35,37,01,11,07,19,12,35,37,15,06,11,01,10,1,800000000,8,14005000,173,906600,8429,10900,117449,1900,181526,1100,62941930,2471745300,1,2013-10-11,J,B,B,C,D,E,I,I,A,C,B,E,C,I,I,D,B,C,A,131
29,02,03,16,17,24,26,28,15,31,03,26,28,17,24,16,02,31,15,3,0,0,8,12465300,118,1183100,6600,12400,109583,1800,183727,900,369168905,2199997500,1,2013-10-18,C,A,A,D,E,F,G,G,D,H,A,G,G,E,F,D,A,H,D,116
30,06,08,13,22,26,32,36,16,34,26,13,08,06,22,36,32,34,16,7,0,0,10,11720500,115,1426800,6578,14600,109416,2100,187753,1100,719099050,2585684100,1,2013-10-25,G,B,B,D,F,G,H,I,D,I,G,D,B,B,F,I,H,I,D,143
31,09,12,13,19,23,33,34,20,32,33,34,23,09,12,13,19,32,20,9,1,800000000,10,13498600,161,1173700,8364,13200,133958,2000,205732,1100,330605330,2977964400,1,2013-11-01,I,C,C,D,E,F,I,I,E,H,I,I,F,C,C,D,E,H,E,143
32,03,08,15,18,27,29,37,31,34,27,18,15,03,29,08,37,34,31,1,3,225745200,9,12679800,176,907700,8081,11500,125046,1800,194399,1000,0,2517593700,1,2013-11-08,A,A,B,D,E,G,H,I,H,I,G,E,D,A,H,B,I,I,H,137
33,01,04,17,24,29,33,36,19,30,29,04,01,24,33,17,36,19,30,6,0,0,6,14839800,127,981500,5830,12500,87193,2000,142603,1100,266123875,1964305500,1,2013-11-15,F,A,A,E,F,H,I,I,E,H,H,A,A,F,I,E,I,E,H,144
34,04,06,07,23,24,32,35,08,27,23,35,07,32,24,04,06,08,27,8,0,0,9,11700500,147,1002800,6976,12300,108906,1900,197576,900,588283060,2323155300,1,2013-11-22,H,A,B,B,F,F,H,I,B,G,F,I,B,H,F,A,B,B,G,131
35,01,16,18,19,25,30,34,26,36,01,34,19,18,30,25,16,26,36,5,0,0,2,57126000,88,1817600,6079,15400,103961,2200,170370,1200,921548030,2520534600,2,2013-11-29,E,A,D,E,E,G,H,I,G,I,A,I,E,E,H,G,D,G,I,143
36,05,06,10,11,20,28,36,25,37,28,20,36,06,05,11,10,25,37,5,1,800000000,10,12705800,200,889300,9252,11200,142419,1800,223589,1000,494443545,2803064700,1,2013-12-06,E,B,B,C,C,E,G,I,G,I,G,E,I,B,B,C,C,G,I,116
37,07,08,10,13,14,19,37,29,33,08,07,37,13,14,19,10,29,33,10,1,800000000,8,13943800,125,1249300,6741,13500,113597,1900,193752,1000,33565555,2460943800,1,2013-12-13,J,B,B,C,D,D,E,I,H,I,B,B,I,D,D,E,C,H,I,108
38,04,14,19,22,24,29,34,08,31,34,14,29,19,24,04,22,08,31,4,1,323677300,19,5241700,670,208100,6320,12900,89901,2200,163891,1100,0,2197158600,1,2013-12-20,D,A,D,E,F,F,H,I,B,H,I,D,H,E,F,A,F,B,H,146
39,07,13,19,23,25,26,30,01,18,26,25,13,19,07,23,30,18,01,6,1,279333700,9,10369500,104,1256200,5865,13000,94790,1900,166850,1000,0,2058888900,1,2013-12-27,F,B,D,E,F,G,G,H,A,E,G,G,D,E,B,F,H,E,A,143
40,02,06,11,23,26,31,34,07,20,26,34,02,23,06,11,31,07,20,3,1,281251400,8,11663700,136,960500,6276,12200,97091,1900,160108,1000,0,2058527100,1,2014-01-10,C,A,B,C,F,G,H,I,B,E,G,I,A,F,B,C,H,B,E,133
41,02,03,08,15,34,35,36,25,28,02,15,35,03,08,36,34,25,28,2,0,0,18,4576600,114,1011600,5690,11800,85743,1900,163995,900,242481625,1817404500,1,2014-01-17,B,A,A,B,D,I,I,I,G,G,A,D,I,A,B,I,I,G,G,133
42,02,15,16,17,23,31,33,08,26,15,02,17,16,23,33,31,26,08,7,1,564832800,9,11822000,152,979900,6789,12800,106318,2000,198943,900,0,2347284300,1,2014-01-24,G,A,D,D,E,F,H,I,B,G,D,A,E,D,F,I,H,G,B,137
43,04,06,07,08,24,31,37,05,13,06,08,31,07,04,24,37,05,13,3,0,0,7,12336300,131,922800,6190,11400,99278,1700,174501,900,253658750,1905087000,1,2014-01-31,C,A,B,B,B,F,H,I,B,D,B,B,H,B,A,F,I,B,D,117
44,03,04,06,15,27,28,29,01,14,15,03,04,28,29,06,27,14,01,9,0,0,26,4030700,285,514700,10327,8300,128463,1600,201888,900,569611595,2311988100,1,2014-02-07,I,A,A,B,D,G,G,H,A,D,D,A,A,G,H,B,G,D,A,112
45,01,02,09,18,21,27,33,25,31,21,33,01,02,18,27,09,31,25,1,0,0,9,12406400,163,959000,7190,12700,109093,2000,182578,1100,899790300,2463306900,1,2014-02-14,A,A,A,C,E,F,G,I,G,H,F,I,A,A,E,G,C,H,G,111
46,02,05,06,15,23,27,30,04,35,06,27,15,23,30,02,05,35,04,10,1,800000000,21,6075000,279,640100,11944,8700,166273,1500,269340,800,491347345,2814476100,2,2014-02-21,J,A,B,B,D,F,G,H,A,I,B,G,D,F,H,A,B,I,A,108
47,02,09,11,14,20,21,36,06,15,21,14,20,02,11,09,36,15,06,8,2,411638000,10,11192600,127,1233800,6304,14500,100950,2200,179186,1100,0,2469222000,1,2014-02-28,H,A,C,C,D,E,F,I,B,D,F,D,E,A,C,C,I,D,B,113
48,03,05,24,26,29,30,34,08,35,05,24,26,30,29,34,03,08,35,6,1,240970300,6,13821600,96,1209300,4568,14900,78659,2100,150052,1000,0,1829537400,1,2014-03-07,F,A,B,F,G,H,H,I,B,I,B,F,G,H,H,I,A,B,I,151
49,08,11,12,17,24,26,27,14,21,11,08,24,27,26,12,17,14,21,5,1,237579900,9,8854400,142,785600,5956,10900,91203,1700,129398,1100,0,1758062400,1,2014-03-14,E,B,C,C,E,F,G,G,D,F,C,B,F,G,G,C,E,D,F,125
50,03,04,07,08,15,24,29,11,16,03,15,24,07,29,08,04,11,16,4,2,112997700,13,5740400,193,541300,8096,7500,108710,1300,167151,800,0,1646345400,1,2014-03-21,D,A,A,B,B,D,F,H,C,D,A,D,F,B,H,B,A,C,D,90
51,01,04,05,08,20,23,35,15,33,05,04,23,01,08,35,20,33,15,4,0,0,7,11055400,85,1274600,5048,12500,79109,1900,140349,1000,228789300,1707276000,1,2014-03-28,D,A,A,B,B,E,F,I,D,I,B,A,F,A,B,I,E,I,D,96
52,08,10,22,24,26,32,34,05,09,26,34,32,22,08,24,10,05,09,2,0,0,7,13429000,78,1687200,4588,16800,80076,2300,157564,1000,517585780,2073818400,1,2014-04-04,B,B,C,F,F,G,H,I,B,C,G,I,H,F,B,F,C,B,C,156
53,01,04,14,16,20,33,36,12,30,33,16,04,20,36,01,14,12,30,7,2,424722700,11,10154700,105,1489300,5567,16400,94976,2300,166040,1200,0,2464287900,1,2014-04-11,G,A,A,D,D,E,I,I,C,H,I,D,A,E,I,A,D,C,H,124
54,01,03,05,10,18,22,23,07,35,05,10,22,18,03,23,01,35,07,9,0,0,12,6757100,156,727600,6012,11000,89428,1800,160144,900,239162760,1788856800,1,2014-04-18,I,A,A,B,C,E,F,F,B,I,B,C,F,E,A,F,A,I,B,82
55,04,12,14,17,23,30,36,13,33,17,04,36,23,30,14,12,13,33,3,1,536627600,5,20250200,132,1073800,6629,12500,102151,2000,161412,1100,0,2233722600,1,2014-04-25,C,A,C,D,E,F,H,I,D,I,E,A,I,F,H,D,C,D,I,136
56,04,23,26,27,28,32,36,29,30,32,36,23,04,26,27,28,29,30,1,0,0,5,16071900,69,1630400,4476,14700,77069,2100,125240,1100,239510660,1772830800,1,2014-05-02,A,A,F,G,G,G,H,I,H,H,H,I,F,A,G,G,G,H,H,176
57,05,06,12,16,17,20,33,08,32,33,05,16,20,06,12,17,32,08,10,0,0,14,6948300,130,1047500,5981,13300,99333,1900,167658,1000,535837750,2146036200,1,2014-05-09,J,B,B,C,D,E,E,I,B,H,I,B,D,E,B,C,E,H,B,109
58,01,06,07,08,23,32,33,11,34,07,08,06,23,32,33,01,34,11,5,1,800000000,5,22002600,176,875000,7390,12200,115904,1900,204160,900,69864060,2427019800,1,2014-05-16,E,A,B,B,B,F,H,I,C,I,B,B,B,F,H,I,A,I,C,110
59,05,08,12,13,21,30,35,27,34,35,21,08,05,13,30,12,34,27,1,0,0,10,8769400,134,916100,6036,11900,90778,1900,152530,1000,333161630,1934634600,2,2014-05-23,A,B,B,C,D,F,H,I,G,I,I,F,B,B,D,H,C,I,G,124
60,03,07,09,15,16,23,34,05,33,15,09,34,07,23,03,16,33,05,2,1,636917600,10,9951000,203,686200,9309,8700,131989,1500,207951,800,0,2195327100,1,2014-05-30,B,A,B,C,D,D,F,I,B,I,D,C,I,B,F,A,D,I,B,107
61,05,10,11,21,28,31,37,13,14,10,11,05,31,28,37,21,14,13,6,1,231978000,5,15005200,110,954800,4819,12700,73709,2000,124174,1000,0,1655167500,1,2014-06-06,F,B,C,C,F,G,H,I,D,D,C,C,B,H,G,I,F,D,D,143
62,04,10,12,15,27,32,33,09,16,32,15,27,04,10,12,33,16,09,4,0,0,6,12590700,115,919600,5329,11600,82357,1800,137777,900,234614670,1666602600,1,2014-06-13,D,A,C,C,D,G,H,I,C,D,H,D,G,A,C,C,I,D,C,133
63,04,08,19,24,28,30,32,12,37,08,24,30,32,28,19,04,12,37,8,1,524339700,15,6457200,180,753300,7737,10200,107083,1800,167728,1000,0,2136826500,1,2014-06-20,H,A,B,E,F,G,H,H,C,I,B,F,H,H,G,E,A,C,I,145
64,04,15,16,17,20,29,36,19,26,16,17,36,20,29,04,15,19,26,7,0,0,2,38773400,71,1529000,4186,15200,72498,2100,110154,1200,235685240,1710775200,1,2014-06-27,G,A,D,D,E,E,H,I,E,G,D,E,I,E,H,A,D,E,G,137
65,04,07,12,22,23,24,28,25,34,28,24,23,12,22,04,07,25,34,9,0,0,13,7294900,184,721500,8698,8900,127318,1500,189206,900,510891905,2092157700,1,2014-07-04,I,A,B,C,F,F,F,G,G,I,G,F,F,C,F,A,B,G,I,120
66,01,11,25,28,31,33,37,03,20,11,33,01,31,25,28,37,03,20,5,0,0,3,35602400,104,1437700,5619,15600,99107,2100,172089,1100,829816620,2356292700,1,2014-07-11,E,A,C,G,G,H,I,I,A,E,C,I,A,H,G,G,I,A,E,166
67,07,11,15,17,18,25,35,06,33,15,18,25,11,07,17,35,33,06,1,0,0,13,9336100,166,1023500,7610,13000,121393,2000,220199,1000,1181533320,2677560000,2,2014-07-18,A,B,C,D,E,E,G,I,B,I,D,E,G,C,B,E,I,I,B,128
68,02,07,13,15,24,34,35,12,23,15,34,24,07,35,02,13,23,12,3,1,800000000,25,5519400,210,919800,10354,10900,152027,1800,281508,800,808528740,3044115600,1,2014-07-25,C,A,B,D,D,F,I,I,C,F,D,I,F,B,I,A,D,F,C,130
69,13,17,20,22,28,29,37,11,12,20,28,22,13,37,29,17,11,12,10,1,800000000,9,13107500,118,1399600,5961,16200,99657,2400,179019,1100,363873750,2602513800,1,2014-08-01,J,D,E,E,F,G,H,I,C,C,E,G,F,D,I,H,E,C,C,166
70,09,10,18,21,27,33,35,04,11,27,18,33,10,21,09,35,04,11,6,3,222116800,15,6723700,163,866200,7266,11400,102768,1900,178645,1000,0,2225021400,1,2014-08-08,F,C,C,E,F,G,I,I,A,C,G,E,I,C,F,C,I,A,C,153
71,01,06,13,29,34,35,37,02,15,35,29,34,06,13,37,01,02,15,2,0,0,2,37959300,61,1742300,3423,18200,61037,2500,118919,1100,225783715,1674854700,1,2014-08-15,B,A,B,D,H,I,I,I,A,D,I,H,I,B,D,I,A,A,D,155
72,11,12,18,19,20,31,32,09,21,12,32,19,11,18,31,20,21,09,4,5,103896700,35,2815300,120,1149500,5236,15400,84053,2300,145081,1200,0,2173842600,1,2014-08-22,D,C,C,E,E,E,H,H,C,F,C,H,E,C,E,H,E,F,C,143
73,12,16,23,25,27,30,32,28,33,30,27,23,12,16,32,25,33,28,8,0,0,9,8881600,96,1165600,4888,13400,79551,2000,137375,1000,239746775,1763455500,1,2014-08-29,H,C,D,F,G,G,H,H,G,I,H,G,F,C,D,H,G,I,G,165
74,05,13,14,15,16,24,31,09,11,15,16,13,14,05,24,31,11,09,9,0,0,9,10902000,115,1194400,6063,13200,100706,1900,168688,1000,538287400,2164612500,1,2014-09-05,I,B,D,D,D,D,F,H,C,C,D,D,D,D,B,F,H,C,C,118
75,04,09,15,17,19,35,37,10,20,35,04,17,09,15,19,37,20,10,7,2,434459600,9,12033700,107,1417000,5858,15100,102544,2100,164397,1100,0,2389309200,1,2014-09-12,G,A,C,D,E,E,I,I,C,E,I,A,E,C,D,E,I,E,C,136
76,04,13,18,29,32,34,36,24,33,36,18,13,29,34,32,04,24,33,5,1,241111000,5,15503500,131,828400,4941,12800,76086,2000,141102,900,0,1710127800,1,2014-09-19,E,A,D,E,H,H,I,I,F,I,I,E,D,H,I,H,A,F,I,166
77,03,10,23,25,26,28,30,15,29,26,28,25,03,30,23,10,15,29,1,0,0,8,9431900,99,1067000,4883,12600,79505,1900,134731,1000,220682015,1664636700,1,2014-09-26,A,A,C,F,G,G,G,H,D,H,G,G,G,A,H,F,C,D,H,145
78,05,06,10,14,24,28,36,07,20,06,14,24,05,36,28,10,20,07,3,2,245019800,8,11188900,134,935100,6232,11700,93845,1900,153240,1000,0,1974738000,1,2014-10-03,C,B,B,C,D,F,G,I,B,E,B,D,F,B,I,G,C,E,B,123
79,02,04,07,09,21,29,37,06,36,07,29,02,21,09,04,37,06,36,10,0,0,8,9076100,83,1224700,4630,12800,76764,1900,127730,1000,213723005,1601838900,1,2014-10-10,J,A,A,B,C,F,H,I,B,I,B,H,A,F,C,A,I,B,I,109
80,02,05,10,18,21,24,27,25,34,18,02,24,21,05,27,10,34,25,6,0,0,6,15082300,161,786800,6067,12200,91076,2000,142350,1100,482184370,1996409700,1,2014-10-17,F,A,B,C,E,F,F,G,G,I,E,A,F,F,B,G,C,I,G,107
81,01,03,10,18,28,31,35,09,21,35,01,31,03,18,10,28,21,09,4,0,0,10,10885100,117,1302400,6097,14600,101530,2100,176500,1100,805203145,2401399500,1,2014-10-24,D,A,A,C,E,G,H,I,C,F,I,A,H,A,E,C,G,F,C,126
82,01,03,16,20,25,27,34,18,37,25,03,01,27,16,20,34,37,18,8,0,0,10,113060900,117,1562800,6744,15900,116324,2200,191383,1200,1195576075,2881403400,1,2014-10-31,H,A,A,D,E,G,G,I,E,I,G,A,A,G,D,E,I,I,E,126
83,01,11,21,26,28,32,35,18,22,35,21,01,32,11,28,26,22,18,2,0,0,11,13156900,118,1717000,7047,16800,123990,2300,218185,1200,1619633575,3192840000,1,2014-11-07,B,A,C,F,G,G,H,I,E,F,I,F,A,H,C,G,G,F,E,154
84,08,16,23,28,29,35,36,12,37,29,35,08,16,23,36,28,12,37,9,0,0,23,6770600,236,923700,12518,10200,180209,1700,291170,900,2095793915,3435487200,1,2014-11-14,I,B,D,F,G,H,I,I,C,I,H,I,B,D,F,I,G,C,I,175
85,06,07,10,11,22,26,35,14,23,06,11,07,26,22,10,35,14,23,5,1,800000000,22,7538600,242,959400,10771,12600,170753,1900,306651,900,1808128280,3658865700,1,2014-11-21,E,B,B,C,C,F,G,I,D,F,B,C,B,G,F,C,I,D,F,117
86,03,10,20,21,22,26,30,24,35,20,03,22,26,10,21,30,35,24,7,1,800000000,16,8694200,153,1272800,7353,15500,120914,2300,205807,1200,1416245085,3068898900,1,2014-11-28,G,A,C,E,F,F,G,H,F,I,E,A,F,G,C,F,H,I,F,132
87,08,09,12,18,20,28,31,13,15,08,20,18,12,31,09,28,13,15,1,0,0,13,9776900,138,1289400,7821,13300,127559,2000,223589,1000,1790275855,2803986600,2,2014-12-05,A,B,C,C,E,E,G,H,D,D,B,E,E,C,H,C,G,D,D,126
88,03,04,10,14,25,29,30,18,19,14,29,10,30,04,25,03,18,19,3,0,0,11,12013600,177,1045200,8800,12300,136071,1900,235427,1000,2182851930,2915395500,1,2014-12-12,C,A,A,C,D,G,H,H,E,E,D,H,C,H,A,G,A,E,E,115
89,01,03,11,26,28,34,36,17,20,34,01,11,36,26,28,03,20,17,6,0,0,12,11582900,159,1223800,8388,13600,138336,2000,224541,1100,2591414655,3066412500,1,2014-12-19,F,A,A,C,G,G,I,I,E,E,I,A,C,I,G,G,A,E,E,139
90,02,08,09,13,14,18,37,11,25,18,13,37,09,14,02,08,11,25,10,1,800000000,15,10036600,153,1377500,8377,14700,142874,2100,267154,1000,2234360775,3321297600,1,2014-12-26,J,A,B,C,D,D,E,I,C,G,E,D,I,C,D,A,B,C,G,101
91,01,05,07,14,15,25,35,18,24,14,35,05,01,25,15,07,18,24,9,0,0,18,8186000,315,654800,11332,10600,162096,1800,260376,1000,2671288235,3250678800,1,2015-01-09,I,A,B,B,D,D,G,I,E,F,D,I,B,A,G,D,B,E,F,102
92,04,05,15,25,26,29,32,11,27,04,26,32,29,05,25,15,27,11,4,1,800000000,9,15195400,162,1181800,7853,14300,133466,2000,145160,1000,2276371255,3017073600,1,2015-01-16,D,A,B,D,G,G,H,H,C,G,A,G,H,H,B,G,D,G,C,136
93,02,05,11,14,17,30,32,31,37,17,05,02,30,14,11,32,31,37,8,2,800000000,10,12969400,139,1306200,7146,14900,117498,2200,196034,1200,1052449145,2861212200,1,2015-01-23,H,A,B,C,D,E,H,H,H,I,E,B,A,H,D,C,H,H,I,111
94,13,19,20,27,28,29,30,26,36,30,29,19,20,27,13,28,36,26,2,2,705794000,8,15220500,120,1420500,6192,16100,104231,2300,181697,1200,0,2686270800,1,2015-01-30,B,D,E,E,G,G,H,H,G,I,H,H,E,E,G,D,G,I,G,166
95,01,08,13,14,18,30,34,26,36,14,18,34,01,13,08,30,36,26,6,0,0,5,18009000,89,1416400,4775,15400,79565,2200,146366,1100,268239710,1986499800,1,2015-02-06,F,A,B,D,D,E,H,I,G,I,D,E,I,A,D,B,H,I,G,118
96,09,11,14,21,22,23,24,10,36,21,11,09,23,14,22,24,36,10,5,0,0,15,6898400,130,1114300,6426,13200,103877,2000,180889,1000,573705620,2282815800,1,2015-02-13,E,C,C,D,F,F,F,F,C,I,F,C,C,F,D,F,F,I,C,124
97,07,13,14,16,22,24,35,01,29,07,24,14,22,13,16,35,01,29,7,1,800000000,16,6932900,129,1203800,6927,13100,111308,2000,178510,1100,99001930,2447185800,1,2015-02-20,G,B,D,D,D,F,F,I,A,H,B,F,D,F,D,D,I,A,H,131
98,03,09,11,13,19,25,33,10,30,09,11,13,33,25,03,19,10,30,1,0,0,18,5366700,189,715500,7746,10200,109792,1700,172961,1000,387567960,2131139400,2,2015-02-27,A,A,C,C,D,E,G,I,C,H,C,C,D,I,G,A,E,C,H,113
99,13,17,22,24,27,28,35,11,19,24,17,35,28,13,22,27,19,11,3,1,699064600,11,9328000,131,1096500,6826,12300,105445,1900,176597,1000,0,2263663200,1,2015-03-06,C,D,E,F,F,G,G,I,C,E,F,E,I,G,D,F,G,E,C,166
100,01,02,11,16,25,35,36,09,14,25,36,11,02,35,01,16,09,14,10,0,0,6,14043600,76,1552100,4479,15400,78016,2100,152645,1000,248837600,1858920000,1,2015-03-13,J,A,A,C,D,G,I,I,C,D,G,I,C,A,I,A,D,C,D,126
101,11,12,21,23,28,36,37,03,16,21,23,12,37,28,11,36,03,16,8,0,0,9,10648500,147,912700,5973,13100,97792,1900,177936,900,546062785,2114271300,1,2015-03-20,H,C,C,F,F,G,I,I,A,D,F,F,C,I,G,C,I,A,D,168
102,01,04,08,27,28,29,31,13,25,01,28,27,31,29,04,08,25,13,5,3,295337700,14,7795200,155,985700,7215,12400,117503,1800,200661,900,0,2407628700,1,2015-03-27,E,A,A,B,G,G,H,H,D,G,A,G,G,H,H,A,B,G,D,128
103,02,03,11,12,22,35,36,30,34,22,03,02,35,12,36,11,30,34,3,0,0,3,27272900,134,854800,5989,11200,91551,1800,133012,1100,237715660,1805020800,1,2015-04-03,C,A,A,C,C,F,I,I,H,I,F,A,A,I,C,I,C,H,I,121
104,07,09,11,15,16,22,37,12,13,07,15,11,22,09,16,37,13,12,1,1,523951100,7,13662100,129,1037800,6241,12500,98767,1900,168004,1000,0,2109822600,1,2015-04-10,A,B,C,C,D,D,F,I,C,D,B,D,C,F,C,D,I,D,C,117
105,03,15,19,20,26,28,33,17,21,15,28,26,03,20,33,19,17,21,6,1,248384000,12,6977900,116,1010500,5412,12700,85105,1900,137748,1100,0,1847314500,1,2015-04-17,F,A,D,E,E,G,G,I,E,F,D,G,G,A,E,I,E,E,F,144
106,06,10,12,19,21,22,30,01,11,10,21,22,19,12,06,30,11,01,9,0,0,10,8217800,105,1095600,4888,13800,78353,2100,144248,1000,242369330,1812953400,1,2015-04-24,I,B,C,C,E,F,F,H,A,C,C,F,F,E,C,B,H,C,A,120
107,03,08,09,13,17,27,33,29,31,09,33,17,03,13,08,27,31,29,7,0,0,15,6523000,165,830100,7623,10500,112363,1700,182521,900,543591915,2158581300,1,2015-05-01,G,A,B,C,D,E,G,I,H,H,C,I,E,A,D,B,G,H,H,110
108,02,06,07,08,28,30,36,18,21,08,36,06,02,07,28,30,18,21,4,0,0,15,6899600,164,883400,7155,11800,111653,1800,180825,1000,856434470,2283207900,1,2015-05-08,D,A,B,B,B,G,H,I,E,F,B,I,B,A,B,G,H,E,F,117
109,06,17,20,21,24,30,32,07,23,30,06,17,21,20,24,32,23,07,2,0,0,7,16296700,116,1376700,5373,17400,90074,2500,168077,1200,1194796700,2516675400,1,2015-05-15,B,B,E,E,F,F,H,H,B,F,H,B,E,F,E,F,H,F,B,150
110,04,12,22,30,31,35,36,19,37,36,31,22,30,35,12,04,37,19,8,0,0,5,24076400,97,1737400,5982,16500,107601,2200,193433,1100,1552785590,2655778200,2,2015-05-22,H,A,C,F,H,H,I,I,E,I,I,H,F,H,I,C,A,I,E,170
111,07,08,09,24,28,30,33,01,34,28,09,24,33,07,30,08,01,34,10,1,800000000,20,6520500,462,395100,9785,10900,141811,1800,216444,1000,1156138945,2877021900,1,2015-05-29,J,B,B,C,F,G,H,I,A,I,G,C,F,I,B,H,B,A,I,139
112,06,07,10,15,27,35,36,13,20,35,06,27,10,36,07,15,20,13,5,0,0,11,10423500,185,867600,7596,12300,124932,1800,200050,1000,1500897975,2529515400,1,2015-06-05,E,B,B,C,D,G,I,I,D,E,I,B,G,C,I,B,D,E,D,136
113,04,06,07,09,15,17,37,14,20,15,06,04,09,37,07,17,20,14,3,0,0,5,24776900,143,1212800,8092,12500,131713,1900,197180,1100,1865147520,2733038100,1,2015-06-12,C,A,B,B,C,D,E,I,D,E,D,B,A,C,I,B,E,E,D,95
114,08,13,26,27,28,29,37,04,12,29,08,37,26,28,27,13,12,04,6,1,800000000,13,10381400,176,1073500,9938,11100,149653,1800,269436,900,1458876495,2977339500,1,2015-06-19,F,B,D,G,G,G,H,I,A,C,H,B,I,G,G,G,D,C,A,168
115,06,08,13,14,20,25,27,24,26,20,08,14,13,25,06,27,24,26,7,1,800000000,12,10371300,208,837600,8562,11900,132365,1900,223347,1000,1019016770,2745655500,1,2015-06-26,G,B,B,D,D,E,G,G,F,G,E,B,D,D,G,B,G,F,G,113
116,09,14,23,27,28,31,32,03,20,23,28,31,09,14,27,32,20,03,9,1,800000000,7,16907200,159,1042000,8032,12100,121251,1900,196929,1000,585423220,2610951000,1,2015-07-03,I,C,D,F,G,G,H,H,A,E,F,G,H,C,D,G,H,E,A,164
117,09,10,20,28,31,34,37,23,26,09,10,31,34,37,28,20,23,26,1,0,0,4,27178600,99,1537300,5050,17600,87904,2500,165536,1100,913053470,2398371000,1,2015-07-10,A,C,C,E,G,H,I,I,F,G,C,C,H,I,I,G,E,F,G,169
118,05,08,09,24,27,28,30,16,20,05,30,08,27,09,24,28,20,16,4,0,0,9,11925600,213,705400,11376,7700,140813,1500,198944,900,1243142375,2367852900,2,2015-07-17,D,B,B,C,F,G,G,H,D,E,B,H,B,G,C,F,G,E,D,131
119,03,06,08,14,15,25,36,24,35,06,25,08,36,15,03,14,35,24,2,1,800000000,90,1234300,223,697400,11619,7800,137464,1600,229907,800,784900955,2450804400,1,2015-07-24,B,A,B,B,D,D,G,I,F,I,B,G,B,I,D,A,D,I,F,107
120,02,16,18,26,32,35,37,09,36,37,26,02,16,35,32,18,36,09,3,0,0,5,21086900,125,1180800,5325,16200,90974,2300,163486,1100,1103234440,2326017300,1,2015-07-31,C,A,D,E,G,H,I,I,C,I,I,G,A,D,I,H,E,I,C,166
121,02,04,13,16,21,30,37,19,29,02,21,04,30,16,13,37,19,29,10,1,800000000,3,35571400,103,1450400,5189,16800,87477,2400,164610,1100,628349190,2354247000,1,2015-08-07,J,A,A,D,D,F,H,I,E,H,A,F,A,H,D,D,I,E,H,123
122,02,16,18,26,27,34,35,05,12,16,27,26,34,35,02,18,05,12,8,0,0,9,11120500,130,1077800,6455,12700,91608,2200,171725,1000,926503785,2207987100,1,2015-08-14,H,A,D,E,G,G,I,I,B,C,D,G,G,I,I,A,E,B,C,158
123,01,03,05,08,29,34,36,23,28,05,29,03,08,01,34,36,23,28,5,1,800000000,11,10030800,117,1320200,6184,14600,112178,1900,226852,800,472187410,2434204500,1,2015-08-21,E,A,A,B,B,H,I,I,F,G,B,H,A,B,A,I,I,F,G,116
124,01,02,15,17,18,22,36,06,27,18,02,17,01,15,36,22,27,06,6,1,785704400,6,17461400,94,1560300,5424,15800,91676,2300,178588,1000,0,2311323600,1,2015-08-28,F,A,A,D,E,E,F,I,B,G,E,A,E,A,D,I,F,G,B,111
125,01,06,11,14,19,28,35,18,21,11,01,14,35,28,06,19,21,18,9,0,0,4,21167200,146,811800,6273,11000,93226,1800,138088,1100,248655270,1867896600,1,2015-09-04,I,A,B,C,D,E,G,I,E,F,C,A,D,I,G,B,E,F,E,114
126,04,10,13,16,17,21,27,01,18,13,10,04,16,21,17,27,18,01,4,2,265266200,3,31531800,119,1112800,5526,14000,89632,2100,149649,1100,0,2086890900,1,2015-09-11,D,A,C,D,D,E,F,G,A,E,D,C,A,D,F,E,G,E,A,108
127,10,12,15,23,28,30,35,06,25,35,15,12,30,23,28,10,06,25,1,2,125520200,16,5042700,144,784400,6662,9900,97309,1600,149636,900,0,1779995400,1,2015-09-18,A,C,C,D,F,G,H,I,B,G,I,D,C,H,F,G,C,B,G,153
128,02,04,08,23,26,27,32,03,35,32,26,08,02,27,23,04,03,35,3,1,233557500,7,11052200,104,1041400,5578,11300,84609,1800,148326,900,0,1706776800,1,2015-09-25,C,A,A,B,F,G,G,H,A,I,H,G,B,A,G,F,A,A,I,122
129,05,07,11,19,24,27,30,29,35,05,24,11,07,27,19,30,29,35,7,1,229587800,10,7828100,141,777200,6246,10200,91513,1700,140404,1000,0,1726976400,1,2015-10-02,G,B,B,C,E,F,G,H,H,I,B,F,C,B,G,E,H,H,I,123
130,01,15,20,23,25,31,32,05,24,20,01,32,23,25,31,15,05,24,2,0,0,4,18949300,68,1560500,3633,17100,62774,2400,119695,1100,226123355,1672179900,1,2015-10-09,B,A,D,E,F,G,H,H,B,F,E,A,H,F,G,H,D,B,F,147
131,03,04,12,17,32,34,36,23,31,36,34,32,17,12,04,03,31,23,10,0,0,7,12634400,98,1263400,4936,14700,82400,2100,148373,1000,497901650,1951121100,1,2015-10-16,J,A,A,C,E,H,I,I,F,H,I,I,H,E,C,A,A,H,F,138
132,07,10,14,16,20,30,31,35,37,10,31,07,20,14,30,16,35,37,5,0,0,7,14771100,113,1281000,5432,15600,89305,2300,155506,1200,799493370,2281089600,1,2015-10-23,E,B,C,D,D,E,H,H,I,I,C,H,B,E,D,H,D,I,I,128
133,03,07,13,15,17,21,30,14,27,30,03,13,15,17,07,21,14,27,4,0,0,9,12735100,170,943800,7575,12400,119190,1900,207611,1000,1134284665,2528567100,1,2015-10-30,D,A,B,D,D,E,F,H,D,G,H,A,D,D,E,B,F,D,G,106
134,04,09,20,28,30,34,35,12,29,35,28,34,20,09,04,30,29,12,8,0,0,12,9879700,126,1317200,6497,14900,114011,2100,209075,1000,1481435860,2615507100,1,2015-11-06,H,A,C,E,G,H,I,I,C,H,I,G,I,E,C,A,H,H,C,160
135,08,09,13,14,24,32,34,03,04,13,24,09,34,08,14,32,04,03,6,0,0,7,17695100,169,1026000,7454,13600,121932,2000,223604,1000,1845014875,2732624700,1,2015-11-13,F,B,C,D,D,F,H,I,A,A,D,F,C,I,B,D,H,A,A,134
136,10,17,24,27,30,33,37,18,31,30,37,24,10,17,27,33,18,31,9,0,0,12,10716600,138,1304600,7501,14000,120568,2100,211203,1100,2222533760,2837073300,1,2015-11-20,I,C,E,F,G,H,I,I,E,H,H,I,F,C,E,G,I,E,H,178
137,13,19,21,25,27,32,35,16,20,19,25,32,13,27,21,35,16,20,1,1,800000000,25,5282900,192,963000,8883,12200,128611,2000,209643,1100,1820523185,2913688500,1,2015-11-27,A,D,E,F,G,G,H,I,D,E,E,G,H,D,G,F,I,D,E,172
138,02,05,17,20,21,32,33,30,35,33,20,21,02,32,05,17,35,30,5,1,800000000,9,13318500,154,1089600,6562,15000,105002,2300,177272,1200,1370182325,2644411200,2,2015-12-04,E,A,B,E,E,F,H,I,H,I,I,E,F,A,H,B,E,I,H,130
139,09,16,18,21,23,34,35,04,36,09,23,18,21,34,16,35,04,36,3,0,0,10,11434100,143,1119400,7128,13100,111609,2000,201359,1000,1712940710,2522505300,1,2015-12-11,C,C,D,E,F,F,I,I,A,I,C,F,E,F,I,D,I,A,I,156
140,03,11,12,13,17,26,35,01,33,35,26,11,17,12,03,13,33,01,7,0,0,5,24262700,141,1204500,8119,12200,130651,1800,217378,1000,2074538935,2676328500,1,2015-12-18,G,A,C,C,D,E,G,I,A,I,I,G,C,E,C,A,D,I,A,117
141,02,10,18,30,31,32,36,21,29,30,10,02,32,18,31,36,21,29,2,1,800000000,6,22037800,161,1149700,7645,14200,122514,2100,210961,1100,1672001745,2917081800,1,2015-12-25,B,A,C,E,H,H,H,I,F,H,H,C,A,H,E,H,I,F,H,159
142,06,12,14,18,21,27,28,01,33,14,18,21,27,06,12,28,01,33,10,0,0,20,6745000,180,1049200,9004,12300,142612,1900,245135,1000,2060628715,2976066600,1,2016-01-08,J,B,C,D,E,F,G,G,A,I,D,E,F,G,B,C,G,A,I,126
143,01,03,08,14,28,29,33,04,31,28,08,03,01,29,14,33,31,04,4,0,0,18,7204200,218,832700,10077,10500,147524,1700,235436,1000,2444749620,2860800900,1,2016-01-15,D,A,A,B,D,G,H,I,A,H,G,B,A,A,H,D,I,H,A,116
144,02,09,13,18,22,32,36,17,26,18,13,32,09,36,22,02,17,26,8,1,800000000,21,6503100,249,767800,10143,11000,147247,1800,245690,1000,2050454225,3012798900,1,2016-01-22,H,A,C,D,E,F,H,I,E,G,E,D,H,C,I,F,A,E,G,132
145,10,12,18,28,29,30,35,04,19,12,35,30,18,28,10,29,04,19,10,0,0,18,6993600,194,908400,9476,10900,139105,1800,234198,900,2433616350,2777182500,1,2016-01-29,J,C,C,E,G,H,H,I,A,E,C,I,H,E,G,C,H,A,E,162
146,04,10,25,27,28,33,34,15,35,10,27,28,34,33,04,25,35,15,6,1,800000000,11,12190200,160,1173200,8350,13100,136343,1900,239815,1000,2034765345,2985233100,1,2016-02-05,F,A,C,G,G,G,I,I,D,I,C,G,G,I,I,A,G,I,D,161
147,01,05,07,12,15,24,25,08,14,25,15,07,05,01,24,12,08,14,5,2,800000000,18,6995700,198,890300,10536,9800,150535,1600,235286,900,826803760,2778014700,1,2016-02-12,E,A,B,B,C,D,F,G,B,D,G,D,B,B,A,F,C,B,D,89
148,01,09,11,16,20,30,34,12,33,01,09,11,16,34,30,20,12,33,3,0,0,15,7948400,117,1426600,6038,16200,103270,2300,179666,1200,1173362780,2630295600,1,2016-02-19,C,A,C,C,D,E,H,I,C,I,A,C,C,D,I,H,E,C,I,121
149,01,04,15,19,22,23,31,12,32,04,22,23,15,31,19,01,32,12,9,1,800000000,8,14895800,160,1042600,7774,12500,121130,1900,192840,1100,730966110,2628959400,1,2016-02-26,I,A,A,D,E,F,F,H,C,H,A,F,F,D,H,E,A,H,C,115
150,06,07,14,20,27,31,34,11,24,06,14,31,20,07,27,34,24,11,1,1,800000000,12,9273400,171,911000,6898,13200,105383,2100,181216,1100,256955660,2454993000,2,2016-03-04,A,B,B,D,E,G,H,I,C,F,B,D,H,E,B,G,I,F,C,139
151,09,10,13,15,21,22,24,04,08,21,10,22,09,24,15,13,04,08,2,0,0,9,11155700,97,1449000,5598,14700,95911,2100,194859,900,553668980,2214987600,1,2016-03-11,B,C,C,D,D,F,F,F,A,B,F,C,F,C,F,D,D,A,B,114
152,08,12,17,21,23,24,31,06,07,21,12,24,23,08,17,31,07,06,7,1,800000000,17,6175600,130,1130500,7742,11100,116837,1800,197700,900,69792960,2316104400,1,2016-03-18,G,B,C,E,F,F,F,H,B,B,F,C,F,F,B,E,H,B,B,136
153,07,09,10,16,20,28,37,02,33,16,07,37,09,20,28,10,33,02,4,1,362456100,12,7885800,115,1152000,5753,13500,91889,2000,158231,1000,0,2087660700,1,2016-03-25,D,B,C,C,D,E,G,I,A,I,D,B,I,C,E,G,C,I,A,127
154,02,04,19,21,24,28,35,03,13,28,04,35,21,02,24,19,03,13,8,1,257297800,15,5671400,127,937700,5988,11600,92287,1800,163911,900,0,1876786800,1,2016-04-01,H,A,A,E,F,F,G,I,A,D,G,A,I,F,A,F,E,A,D,133
155,02,09,13,18,22,24,26,10,37,13,09,18,24,22,02,26,37,10,10,1,251995000,11,7583900,161,725400,6403,10700,88855,1900,138643,1000,0,1840415400,1,2016-04-08,J,A,C,D,E,F,F,G,C,I,D,C,E,F,F,A,G,I,C,114
156,04,09,16,19,22,33,34,17,36,34,33,19,16,09,04,22,36,17,5,1,259663500,5,16995300,138,862000,5663,12300,82668,2000,131839,1100,0,1874688600,1,2016-04-15,E,A,C,D,E,F,I,I,E,I,I,I,E,D,C,A,F,I,E,137
157,05,09,16,26,28,29,32,01,37,16,29,28,26,09,32,05,37,01,3,0,0,6,13780700,112,1033500,4754,14200,80218,2000,129228,1100,252322715,1824116700,1,2016-04-22,C,B,C,D,G,G,H,H,A,I,D,H,G,G,C,H,B,I,A,145
158,03,06,07,30,32,36,37,05,20,07,36,06,30,32,37,03,20,05,9,1,535280700,7,13303800,109,1196100,4614,16500,84564,2200,141718,1100,0,2054491500,1,2016-04-29,I,A,B,B,H,H,I,I,B,E,B,I,B,H,H,I,A,E,B,151
159,10,14,17,21,23,27,31,16,24,10,17,31,27,21,14,23,16,24,7,0,0,5,15896900,127,876100,5520,11800,83349,1900,127314,1100,234794530,1753529400,1,2016-05-06,G,C,D,E,F,F,G,H,D,F,C,E,H,G,F,D,F,D,F,143
160,01,02,08,24,32,36,37,23,33,08,24,36,01,32,37,02,33,23,6,2,255795700,5,18657900,94,1389400,6795,11200,87158,2100,151192,1100,0,2058082500,1,2016-05-13,F,A,A,B,F,H,I,I,F,I,B,F,I,A,H,I,A,I,F,140
161,08,14,17,18,20,22,34,04,30,20,17,22,34,14,18,08,30,04,2,0,0,6,13320500,69,1621600,4314,15200,70156,2300,128448,1100,233401615,1763198700,2,2016-05-20,B,B,D,E,E,E,F,I,A,H,E,E,F,I,D,E,B,H,A,133
162,02,07,08,12,14,23,27,06,10,07,14,27,08,02,23,12,06,10,1,1,500555900,15,6029500,156,811600,8086,9100,112419,1600,178019,900,0,1995281100,1,2016-05-27,A,A,B,B,C,D,F,G,B,C,B,D,G,B,A,F,C,B,C,93
163,01,02,06,16,28,30,31,03,07,31,28,01,16,30,06,02,07,03,6,1,237793900,7,11300600,118,938500,5118,12600,79064,2000,150062,900,0,1745137200,1,2016-06-03,F,A,A,B,D,G,H,H,A,B,H,G,A,D,H,B,A,B,A,114
164,03,13,20,23,31,35,36,02,11,35,36,23,13,20,31,03,11,02,4,0,0,4,19067900,92,1160600,4328,14400,67249,2300,127590,1000,229558135,1682646300,1,2016-06-10,D,A,D,E,F,H,I,I,A,C,I,I,F,D,E,H,A,C,A,161
165,09,11,14,15,16,18,27,06,20,11,15,18,16,09,27,14,06,20,8,0,0,3,32554300,96,1424200,5542,14400,100873,1900,163858,1000,529403390,2154561900,1,2016-06-17,H,C,C,D,D,D,E,G,B,E,C,D,E,D,C,G,D,B,E,110
166,14,20,27,29,30,31,37,23,34,20,37,30,31,29,14,27,23,34,10,0,0,9,11749100,103,1437200,5210,16600,90495,2300,159868,1200,838919740,2332791000,1,2016-06-24,J,D,E,G,H,H,H,I,F,I,E,I,H,H,H,D,G,F,I,188
167,01,03,05,07,10,26,36,19,37,36,03,26,10,05,01,07,19,37,5,2,596966700,16,7293200,175,933500,8295,11500,126796,1800,199765,1000,0,2574350400,1,2016-07-01,E,A,A,B,B,C,G,I,E,I,I,A,G,C,B,A,B,E,I,88
168,03,09,12,14,19,20,36,02,05,03,36,20,19,12,09,14,05,02,9,0,0,8,10278400,96,1199100,4707,14300,79672,2000,142639,1000,249683290,1814038200,1,2016-07-08,I,A,C,C,D,E,E,I,A,B,A,I,E,E,C,C,D,B,A,113
169,01,05,10,20,21,28,30,25,26,05,10,20,30,01,21,28,25,26,3,0,0,9,10458600,145,908800,7713,10000,101092,1800,143001,1100,541842255,2076575700,1,2016-07-15,C,A,B,C,E,F,G,H,G,G,B,C,E,H,A,F,G,G,G,115
170,03,05,06,09,27,32,36,12,24,06,05,03,36,09,32,27,24,12,1,1,800000000,9,11318500,126,1131800,7099,11700,111780,1800,198470,900,45774325,2247312600,2,2016-07-22,A,A,B,B,C,G,H,I,C,F,B,B,A,I,C,H,G,F,C,118
171,01,02,06,21,23,27,28,11,16,27,21,02,06,01,28,23,16,11,2,1,308533500,6,14778000,112,1108300,5675,12800,94440,1900,169580,900,0,1956121800,1,2016-07-29,B,A,A,B,F,F,G,G,C,D,G,F,A,B,A,G,F,D,C,108
172,05,20,21,27,30,31,36,09,26,36,27,20,21,31,30,05,09,26,4,1,229139600,10,7737500,143,757500,5836,10800,82221,1900,134057,1000,0,1706984100,1,2016-08-05,D,B,E,F,G,H,H,I,C,G,I,G,E,F,H,H,B,C,G,170
173,07,09,19,22,24,27,30,04,28,19,27,30,22,24,07,09,28,04,7,0,0,9,8179800,96,1073500,4599,13100,76223,1900,151261,800,228099815,1624118700,1,2016-08-12,G,B,C,E,F,F,G,H,A,G,E,G,H,F,F,B,C,G,A,138
174,10,13,14,15,23,31,32,04,29,32,10,13,23,15,14,31,04,29,6,3,170269900,7,13318400,109,1197400,5268,14500,86852,2100,160305,1000,0,2056746000,1,2016-08-19,F,C,D,D,D,F,H,H,A,H,H,C,D,F,D,D,H,A,H,138
175,06,17,21,31,33,35,37,14,18,35,06,31,33,21,17,37,14,18,8,0,0,3,26441700,93,1194100,4005,16200,70659,2200,124654,1100,239677540,1750009200,1,2016-08-26,H,B,E,F,H,I,I,I,D,E,I,B,H,I,F,E,I,D,E,180
176,01,11,12,17,22,30,35,15,16,35,17,12,01,11,22,30,15,16,10,0,0,5,18978800,89,1492600,5367,14500,87754,2100,148588,1100,528455810,2093478600,1,2016-09-02,J,A,C,C,E,F,H,I,D,D,I,E,C,A,C,F,H,D,D,128
177,09,15,19,23,25,34,36,02,35,09,25,36,15,34,23,19,35,02,9,1,800000000,9,11551700,142,1025000,6691,12700,108184,1900,184822,1000,35718160,2293611000,1,2016-09-09,I,C,D,E,F,G,I,I,A,I,C,G,I,D,I,F,E,I,A,161
178,06,09,11,15,26,34,36,13,37,09,26,11,15,06,34,36,37,13,5,0,0,8,11013900,93,1326300,5206,13900,84160,2100,137192,1100,298979855,1943843100,1,2016-09-16,E,B,C,C,D,G,I,I,D,I,C,G,C,D,B,I,I,I,D,137
179,04,09,12,13,22,26,36,05,33,04,22,13,09,36,26,12,33,05,3,1,581403600,8,11980000,150,894400,6573,11900,100985,1900,168946,1000,0,2114355600,1,2016-09-23,C,A,C,C,D,F,G,I,B,I,A,F,D,C,I,G,C,I,B,122
180,01,08,11,21,23,25,28,05,37,01,23,08,28,11,25,21,37,05,4,0,0,14,5721300,109,1028700,5735,11400,89930,1800,153913,900,237187815,1767086700,1,2016-09-30,D,A,B,C,F,F,G,G,B,I,A,F,B,G,C,G,F,I,B,117
181,07,08,10,13,19,23,24,15,27,08,07,10,19,24,23,13,15,27,10,0,0,7,13205000,130,995400,6491,11600,102655,1800,189360,800,521445450,2039238300,1,2016-10-07,J,B,B,C,D,E,F,F,D,G,B,B,C,E,F,F,D,D,G,104
182,01,07,10,11,20,23,30,03,37,11,10,30,23,01,07,20,03,37,1,0,0,28,3682100,203,711000,9719,8700,117841,1700,189068,900,842496950,2274510000,1,2016-10-14,A,A,B,C,C,E,F,H,A,I,C,C,H,F,A,B,E,A,I,102
183,06,15,20,26,33,34,37,19,29,34,15,26,20,06,37,33,29,19,2,0,0,5,23089700,113,1430300,5827,16200,98227,2300,175010,1200,1181212000,2546931000,1,2016-10-21,B,B,D,E,G,I,I,I,E,H,I,D,G,E,B,I,I,H,E,171
184,07,14,18,22,23,26,34,02,32,18,07,23,14,22,26,34,32,02,6,1,800000000,28,4463800,256,683500,9419,10800,127958,1900,204874,1100,751867760,2757388800,1,2016-10-28,F,B,D,E,F,F,G,I,A,H,E,B,F,D,F,G,I,H,A,144
185,01,02,04,16,26,29,34,11,12,01,26,34,04,16,29,02,12,11,3,0,0,6,18419400,100,1547200,5587,16200,96090,2300,194575,1000,1077699135,2438131500,1,2016-11-04,C,A,A,A,D,G,H,I,C,C,A,G,I,A,D,H,A,C,C,112
186,05,14,16,19,31,33,37,21,28,19,33,14,31,05,16,37,21,28,7,0,0,9,12858400,109,1486300,6212,15300,101630,2300,189498,1100,1411599250,2553050700,1,2016-11-11,G,B,D,D,E,H,I,I,F,G,E,I,D,H,B,D,I,F,G,155
187,04,06,10,23,24,32,36,15,31,23,10,36,06,04,24,32,15,31,8,2,800000000,13,9624600,206,850300,8657,11800,135560,1800,231695,900,198771140,2760310200,1,2016-11-18,H,A,B,C,F,F,H,I,D,H,F,C,I,B,A,F,H,D,H,135
188,06,15,19,25,26,30,31,14,18,26,15,19,30,25,06,31,14,18,5,1,478206800,4,24214600,112,1210700,5621,14100,93300,2100,158624,1100,0,2136811200,1,2016-11-25,E,B,D,E,G,G,H,H,D,E,G,D,E,H,G,B,H,D,E,152
189,03,07,08,10,18,23,35,01,19,07,03,08,10,18,35,23,01,19,4,2,123108600,8,10370900,126,921800,6418,10600,98944,1700,157885,900,0,1830363300,2,2016-12-02,D,A,B,B,C,E,F,I,A,E,B,A,B,C,E,I,F,A,E,104
190,02,11,12,18,21,33,36,08,34,33,36,12,21,02,11,18,08,34,9,1,240259100,12,6759300,105,1081400,5065,13100,83879,1900,144610,1000,0,1789443000,1,2016-12-09,I,A,C,C,E,F,I,I,B,I,I,I,C,F,A,C,E,B,I,133
191,08,15,21,24,26,27,29,07,30,21,24,26,15,29,08,27,30,07,10,0,0,4,20202500,94,1203500,4653,14200,76562,2100,137587,1000,243867070,1782768600,1,2016-12-16,J,B,D,F,F,G,G,H,B,H,F,F,G,D,H,B,G,H,B,150
192,12,13,14,19,25,33,34,03,22,33,12,19,34,14,25,13,03,22,6,0,0,12,7783800,118,1108100,5960,12800,92178,2000,163402,1000,522955095,2060656500,1,2016-12-23,F,C,D,D,E,G,I,I,A,F,I,C,E,I,D,G,D,A,F,150
193,04,06,20,21,22,24,31,09,10,21,22,31,20,24,06,04,10,09,1,0,0,9,12021800,113,1340400,6037,14700,100444,2100,193019,1000,844728055,2386954800,1,2016-12-30,A,A,B,E,F,F,F,H,C,C,F,F,H,E,F,B,A,C,C,128
194,03,06,27,30,31,32,36,14,23,30,27,31,36,06,03,32,23,14,2,0,0,6,16169400,130,1044700,6171,12900,96460,2000,189955,900,1131549130,2140297500,1,2017-01-06,B,A,B,G,H,H,H,I,D,F,H,G,H,I,B,A,H,F,D,165
195,04,07,12,20,23,24,31,26,35,04,07,23,12,31,20,24,35,26,8,4,371873100,11,10556800,229,709900,8965,10600,131305,1700,199956,1000,0,2561864100,1,2017-01-13,H,A,B,C,E,F,F,H,G,I,A,B,F,C,H,E,F,I,G,121
196,07,13,15,25,30,32,37,08,14,30,13,07,32,25,15,37,14,08,7,0,0,11,7321700,113,997800,4792,13800,76951,2100,143940,1000,234599870,1776792600,1,2017-01-20,G,B,D,D,G,H,H,I,B,D,H,D,B,H,G,D,I,D,B,159
197,06,08,10,12,16,21,28,14,23,21,10,08,12,28,06,16,23,14,1,0,0,10,9519200,163,817500,7271,10700,109584,1700,183425,900,522001970,2100048000,1,2017-01-27,A,B,B,C,C,D,F,G,D,F,F,C,B,C,G,B,D,F,D,101
198,18,21,31,32,33,36,37,05,25,33,18,37,21,32,31,36,25,05,3,0,0,5,23983300,92,1824700,7830,12500,97289,2500,185503,1100,879541410,2645509200,1,2017-02-03,C,E,F,H,H,I,I,I,B,G,I,E,I,F,H,H,I,G,B,208
199,01,09,17,20,22,28,29,13,16,29,17,20,01,09,28,22,13,16,5,2,636223100,22,6022200,259,716100,11394,9500,147540,1800,230618,1000,0,2922880200,1,2017-02-10,E,A,C,E,E,F,G,H,D,D,H,E,E,A,C,G,F,D,D,126
200,13,14,17,21,27,28,34,01,11,21,34,28,17,14,27,13,01,11,2,4,67987600,12,7805300,134,978500,6075,12600,94341,2000,152630,1100,0,2066340300,1,2017-02-17,B,D,D,E,F,G,G,I,A,C,F,I,G,E,D,G,D,A,C,154
201,08,11,17,24,28,31,32,12,34,24,32,08,11,17,31,28,34,12,4,1,263734200,10,8851000,134,924700,6540,11100,96493,1800,156259,1000,0,1952654400,1,2017-02-24,D,B,C,E,F,G,H,H,C,I,F,H,B,C,E,H,G,I,C,151
202,03,07,11,16,22,34,37,29,32,34,16,22,11,07,03,37,32,29,6,1,254364500,18,4726500,145,821400,6040,11500,89056,1900,133997,1100,0,1876905900,2,2017-03-03,F,A,B,C,D,F,I,I,H,H,I,D,F,C,B,A,I,H,H,130
203,06,13,17,22,32,33,36,12,28,13,36,06,22,32,33,17,28,12,1,1,236902300,9,9011200,106,1071100,5225,12700,80052,2000,147130,1000,0,1789180500,1,2017-03-10,A,B,D,E,F,H,I,I,C,G,D,I,B,F,H,I,E,G,C,159
204,05,19,20,21,30,34,36,07,12,36,05,34,19,21,30,20,07,12,9,0,0,4,19529000,100,1093600,4310,14800,68340,2300,129597,1000,237457480,1723334400,1,2017-03-17,I,B,E,E,F,H,I,I,B,C,I,B,I,E,F,H,E,B,C,165
205,04,05,19,31,35,36,37,27,32,19,04,05,35,31,37,36,32,27,7,0,0,5,17824400,102,1223200,4969,14700,84038,2100,141768,1100,502863990,1966141800,1,2017-03-24,G,A,B,E,H,I,I,I,G,H,E,A,B,I,H,I,I,H,G,167
206,01,06,07,11,27,35,36,22,26,01,06,27,11,35,36,07,26,22,10,2,405262500,10,10099400,127,1113300,6385,12900,103019,1900,174481,1000,0,2228061600,1,2017-03-31,J,A,B,B,C,G,I,I,F,G,A,B,G,C,I,I,B,G,F,123
207,04,05,10,13,28,32,33,19,26,05,04,10,33,28,32,13,26,19,3,0,0,6,13070000,96,1143600,4637,13800,77499,2000,134173,1000,237151340,1730041200,1,2017-04-07,C,A,B,C,D,G,H,I,E,G,B,A,C,I,G,H,D,G,E,125
208,04,13,16,18,22,26,33,27,29,16,26,33,04,22,13,18,27,29,8,2,265859700,11,8775000,148,913000,6161,12800,94473,2000,164238,1000,0,2129470800,1,2017-04-14,H,A,D,D,E,F,G,I,G,H,D,G,I,A,F,D,E,G,H,132
209,03,04,06,13,22,31,36,28,34,06,31,13,04,03,36,22,34,28,3,2,126470700,6,13920600,148,790000,6497,10500,95571,1700,161235,900,0,1842635100,1,2017-04-21,C,A,A,B,D,F,H,I,G,I,B,H,D,A,A,I,F,I,G,115
210,02,04,06,11,15,19,36,23,34,11,19,06,02,04,15,36,23,34,6,3,81938200,13,6308500,94,1221400,5601,12000,90046,1800,158042,900,0,1809265200,1,2017-04-28,F,A,A,B,C,D,E,I,F,I,C,E,B,A,A,D,I,F,I,93
211,07,15,22,25,31,32,35,29,36,31,32,07,22,25,35,15,36,29,5,0,0,1,73468200,87,1182200,4147,14500,66654,2200,120393,1100,213835550,1620795000,1,2017-05-05,E,B,D,F,G,H,H,I,H,I,H,H,B,F,G,I,D,I,H,167
212,04,06,10,19,20,24,29,01,27,06,24,19,20,29,10,04,27,01,2,1,485279600,4,22301000,111,1125000,5279,13800,85435,2100,147792,1000,0,1967952900,1,2017-05-12,B,A,B,C,E,E,F,H,A,G,B,F,E,E,H,C,A,G,A,112
213,05,13,15,18,19,24,35,20,23,35,15,13,19,18,24,05,23,20,9,1,221975000,5,15193000,101,1052900,4498,13800,75550,2000,124267,1100,0,1675886700,1,2017-05-19,I,B,D,D,E,E,F,I,E,F,I,D,D,E,E,F,B,F,E,129
214,02,06,09,12,31,36,37,03,22,06,37,09,31,36,02,12,03,22,1,0,0,6,12438700,89,1173900,4596,13300,77756,1900,145323,900,222151090,1646476200,1,2017-05-26,A,A,B,C,C,H,I,I,A,F,B,I,C,H,I,A,C,A,F,133
215,11,12,13,21,29,36,37,07,09,29,37,21,36,11,13,12,07,09,4,0,0,8,10580500,113,1048600,4689,14800,77519,2200,163313,900,472406545,1867359900,1,2017-06-02,D,C,C,D,F,H,I,I,B,C,H,I,F,I,C,D,C,B,C,159
216,09,14,22,24,25,36,37,08,28,14,37,24,09,25,36,22,08,28,7,0,0,5,18713100,91,1439400,5417,14100,88057,2100,162975,1000,752459005,2064172800,1,2017-06-09,G,C,D,F,F,G,I,I,B,G,D,I,F,C,G,I,F,B,G,167
217,04,06,26,27,28,35,36,24,34,06,35,26,36,27,28,04,24,34,3,3,366089300,20,5592700,276,567300,9882,9200,135795,1600,208907,900,0,2467645500,1,2017-06-16,C,A,B,G,G,G,I,I,F,I,B,I,G,I,G,G,A,F,I,162
218,15,16,17,21,26,29,30,10,34,26,17,21,30,16,29,15,34,10,10,0,0,7,11201900,82,1338700,4421,14500,69813,2200,125932,1100,234051170,1729902600,1,2017-06-23,J,D,D,E,F,G,H,H,C,I,G,E,F,H,D,H,D,I,C,154
219,06,09,13,14,21,25,31,02,04,21,25,14,09,31,06,13,04,02,9,1,499890800,14,6420600,137,918500,6501,11300,101087,1800,172660,900,0,1983054300,2,2017-06-30,I,B,C,D,D,F,G,H,A,A,F,G,D,C,H,B,D,A,A,119
220,07,09,11,18,25,28,35,20,27,28,18,25,07,35,11,09,27,20,8,1,226348000,9,8553300,114,945300,5346,11800,84172,1800,138540,1000,0,1698276300,1,2017-07-07,H,B,C,C,E,G,G,I,E,G,G,E,G,B,I,C,C,G,E,133
221,01,02,09,11,17,30,35,13,36,11,35,17,02,30,01,09,36,13,4,0,0,8,9252000,72,1439100,4630,13100,72256,2000,123286,1000,228713890,1632880200,1,2017-07-14,D,A,A,C,C,E,H,I,D,I,C,I,E,A,H,A,C,I,D,105
222,03,09,18,21,23,27,29,35,37,18,21,29,09,03,27,23,35,37,6,2,237488900,6,13828300,127,914600,6133,11100,91984,1800,144651,1000,0,1830414600,1,2017-07-21,F,A,C,E,F,F,G,H,I,I,E,F,H,C,A,G,F,I,I,130
223,10,13,19,21,26,33,34,24,25,19,26,10,13,21,33,34,24,25,1,0,0,8,8981800,99,1016100,4669,12600,70043,2000,114037,1100,216537490,1585204200,2,2017-07-28,A,C,D,E,F,G,I,I,F,G,E,G,C,D,F,I,I,F,G,156
224,02,04,07,10,12,29,34,01,21,07,02,29,10,04,12,34,21,01,5,0,0,12,6787900,115,991600,5595,11900,86363,1900,143418,1000,455617240,1797015000,1,2017-08-04,E,A,A,B,C,C,H,I,A,F,B,A,H,C,A,C,I,F,A,98
225,13,15,17,18,20,21,26,25,29,21,26,17,13,20,15,18,29,25,7,0,0,9,9488100,72,1660300,4625,15100,70339,2400,129322,1200,704586110,1883868600,1,2017-08-11,G,D,D,E,E,E,F,G,G,H,F,G,E,D,E,D,E,H,G,130
226,12,17,21,24,26,30,32,10,22,32,17,30,24,26,12,21,22,10,2,2,498775500,8,12725800,160,890700,5907,14100,93387,2200,153889,1200,0,2245978200,1,2017-08-18,B,C,E,F,F,G,H,H,C,F,H,E,H,F,G,C,F,F,C,162
227,02,03,07,09,22,23,26,29,30,07,09,03,22,23,02,26,29,30,10,1,211728100,6,12142600,110,927200,5230,11400,81676,1800,130062,1000,0,1607281200,1,2017-08-25,J,A,A,B,C,F,F,G,H,H,B,C,A,F,F,A,G,H,H,92
228,06,11,14,21,24,28,31,22,36,21,31,24,28,06,11,14,22,36,3,1,220207500,14,5378700,135,780800,5511,11200,84921,1800,146739,900,0,1661252100,1,2017-09-01,C,B,C,D,F,F,G,H,F,I,F,H,F,G,B,C,D,F,I,135
229,02,03,09,30,33,36,37,01,32,37,09,03,02,33,36,30,32,01,9,0,0,4,18376700,70,1470100,3954,15200,67218,2200,113978,1100,219972905,1621650900,1,2017-09-08,I,A,A,C,H,I,I,I,A,H,I,C,A,A,I,I,H,H,A,150
230,03,05,08,15,22,25,27,18,31,22,27,25,05,08,03,15,18,31,8,0,0,8,10739600,132,911200,7069,9900,103336,1600,158735,900,488540220,1895432700,1,2017-09-15,H,A,B,B,D,F,G,G,E,H,F,G,G,B,B,A,D,E,H,105
231,04,15,18,24,25,34,36,10,26,24,18,25,04,36,34,15,10,26,4,0,0,5,18672100,128,1021100,5906,12900,93003,2000,153999,1100,759728850,2059649400,1,2017-09-22,D,A,D,E,F,G,I,I,C,G,F,E,G,A,I,I,D,C,G,156
232,02,04,07,09,15,35,37,10,23,02,07,04,15,09,35,37,10,23,6,1,1000000000,12,9296200,153,1020700,7395,12300,117395,1900,214357,900,92542530,2461034400,1,2017-09-29,F,A,A,B,C,D,I,I,C,F,A,B,A,D,C,I,I,C,F,109
233,03,13,17,25,26,27,29,08,37,25,13,03,17,27,26,29,08,37,5,0,0,8,10725400,103,1166200,5288,13300,90228,1900,160585,900,352144450,1892919600,1,2017-10-06,E,A,D,E,G,G,G,H,B,I,G,D,A,E,G,G,H,B,I,140
234,07,14,15,16,23,25,30,05,34,14,30,25,16,15,07,23,34,05,6,0,0,7,13471100,119,1109300,6310,12200,98933,1900,169649,1000,627381835,2080323300,1,2017-10-13,F,B,D,D,D,F,G,H,B,I,D,H,G,D,D,B,F,I,B,130
235,02,09,13,18,21,33,34,03,11,21,02,33,18,34,09,13,03,11,1,2,465949400,7,14675800,203,708400,7726,10900,107778,1900,179818,1000,0,2266361100,1,2017-10-20,A,A,C,D,E,F,I,I,A,C,F,A,I,E,I,C,D,A,C,130
236,19,22,23,34,35,36,37,10,30,23,22,34,36,19,35,37,30,10,9,0,0,6,12589100,111,952600,4721,13100,75308,2000,113751,1200,219639955,1666389900,1,2017-10-27,I,E,F,F,I,I,I,I,C,H,F,F,I,I,E,I,I,H,C,206
237,03,04,07,19,20,21,29,08,33,04,03,20,21,07,29,19,08,33,10,1,495540900,11,8194800,127,993600,6148,12000,94907,1900,165076,900,0,1988663700,1,2017-11-03,J,A,A,B,E,E,F,H,B,I,A,A,E,F,B,H,E,B,I,103
238,03,21,26,33,34,35,37,23,31,33,35,37,34,21,26,03,23,31,2,1,221756400,5,15076200,58,1819500,3900,15800,69076,2200,110077,1200,0,1662995700,1,2017-11-10,B,A,F,G,I,I,I,I,F,H,I,I,I,I,F,G,A,F,H,189
239,08,13,17,21,23,28,37,01,14,28,08,37,21,23,13,17,01,14,3,2,108367000,10,7272000,83,1226500,4447,13400,76039,1900,126613,1000,0,1604290200,1,2017-11-17,C,B,D,E,F,F,G,I,A,D,G,B,I,F,F,D,E,A,D,147
240,09,12,14,24,29,31,35,05,30,12,35,29,09,31,14,24,05,30,7,0,0,7,10047300,91,1082000,4401,13100,71616,1900,124083,1000,211619725,1551598500,2,2017-11-24,G,C,C,D,F,H,H,I,B,H,C,I,H,C,H,D,F,B,H,154
241,05,11,12,19,21,26,28,04,20,28,12,26,05,11,21,19,04,20,8,0,0,13,6352500,123,939900,5635,12000,86968,1900,145057,1000,455355365,1821871200,1,2017-12-01,H,B,C,C,E,F,G,G,A,E,G,C,G,B,C,F,E,A,E,122
242,01,05,13,17,31,32,35,19,24,32,35,05,31,13,17,01,24,19,5,0,0,9,10182000,95,1350400,5229,14300,83427,2200,150343,1100,721477315,2021643000,1,2017-12-08,E,A,B,D,E,H,H,I,E,F,H,I,B,H,D,E,A,F,E,134
243,06,09,13,18,20,22,30,11,14,13,09,20,22,06,18,30,14,11,4,2,517917800,11,9559600,128,1150100,6642,13000,105269,2000,180325,1000,0,2319857400,1,2017-12-15,D,B,C,D,E,E,F,H,C,D,D,C,E,F,B,E,H,D,C,118
244,02,09,17,22,32,34,36,11,12,17,34,32,22,02,09,36,11,12,6,1,228504900,7,10852200,109,975600,4719,13200,72293,2100,129238,1000,0,1675899600,1,2017-12-22,F,A,C,E,F,H,I,I,C,C,E,I,H,F,A,C,I,C,C,152
245,02,08,09,11,24,26,27,07,36,11,26,27,08,02,24,09,07,36,1,2,117494400,12,6681100,157,714900,6149,10700,93255,1700,160222,900,0,1768731300,1,2017-12-29,A,A,B,C,C,F,G,G,B,I,C,G,G,B,A,F,C,B,I,107
246,03,06,09,19,23,25,31,21,36,25,19,23,03,09,06,31,21,36,9,1,190480600,8,7775400,102,853700,4759,10700,70956,1700,118023,900,0,1372285500,1,2018-01-05,I,A,B,C,E,F,G,H,F,I,G,E,F,A,C,B,H,F,I,116
247,10,12,13,16,34,35,36,11,37,12,13,10,16,35,34,36,37,11,7,0,0,8,8744900,75,1305800,3817,15000,62163,2200,117489,1000,215130950,1543395000,1,2018-01-12,G,C,C,D,D,I,I,I,C,I,C,D,C,D,I,I,I,I,C,156
248,01,05,06,22,25,27,31,12,18,06,22,27,05,01,25,31,12,18,10,1,486799200,12,7244300,89,1367400,5288,13500,84474,2000,158212,900,0,1917834000,1,2018-01-19,J,A,B,B,F,G,G,H,C,E,B,F,G,B,A,G,H,C,E,117
249,09,20,28,29,31,34,37,05,25,20,37,29,09,34,28,31,05,25,4,0,0,3,24094600,99,1022100,3503,16900,60041,2400,106364,1200,213193135,1594668300,1,2018-01-26,D,C,E,G,H,H,I,I,B,G,E,I,H,C,I,G,H,B,G,188
250,05,09,10,13,26,30,34,18,23,26,13,34,10,30,09,05,18,23,6,1,474586400,15,5711200,110,1090300,5706,12300,87003,1900,147994,1000,0,1889950800,1,2018-02-02,F,B,C,C,D,G,H,I,E,F,G,D,I,C,H,C,B,E,F,127
251,01,15,20,26,28,34,37,23,30,26,37,34,28,01,15,20,30,23,2,1,312906800,2,25915900,76,954700,3459,12300,59358,1700,105067,1200,0,1570734600,2,2018-02-09,B,A,D,E,G,G,I,I,F,H,G,I,I,G,A,D,E,H,F,161
252,08,23,24,25,27,30,31,11,17,24,08,31,30,23,27,25,17,11,3,1,316752000,4,12826500,83,865300,4412,9500,70825,1400,131904,900,0,1554801300,1,2018-02-16,C,B,F,F,G,G,H,H,C,E,F,B,H,H,F,G,G,E,C,168
253,06,07,09,12,15,17,24,26,29,06,15,12,09,07,24,17,26,29,8,1,309164300,4,12622700,98,721200,5391,7600,80979,1200,133405,900,0,1530096900,1,2018-02-23,H,B,B,C,C,D,E,F,G,H,B,D,C,C,B,F,E,G,H,90
254,01,12,14,18,23,24,31,07,26,01,18,31,12,24,23,14,07,26,1,0,0,3,16800700,59,1195900,3838,10700,65858,1500,125175,1000,301344395,1527407100,1,2018-03-02,A,A,C,D,E,F,F,H,B,G,A,E,H,C,F,F,D,B,G,123
255,01,04,11,13,15,21,32,05,10,13,21,11,15,32,01,04,05,10,3,2,334468400,5,12119600,83,1022100,4473,11100,80800,1500,142503,1000,0,1836396000,1,2018-03-09,C,A,A,C,D,D,F,H,B,C,D,F,C,D,H,A,A,B,C,97
256,14,21,24,27,30,33,37,19,20,27,37,21,24,30,14,33,20,19,5,1,305471000,3,17000400,77,927200,3497,11900,59453,1700,104129,1200,0,1545568500,1,2018-03-16,E,D,F,F,G,H,I,I,E,E,G,I,F,F,H,D,I,E,E,186
257,05,15,16,26,27,32,35,23,28,27,35,32,16,26,15,05,23,28,7,1,303266300,11,4621500,84,847200,4241,9800,66571,1500,126574,1000,0,1540577700,1,2018-03-23,G,B,D,D,G,G,H,I,F,G,G,I,H,D,G,D,B,F,G,156
258,01,03,11,20,23,32,35,25,26,23,11,03,35,32,20,01,25,26,2,1,305996000,5,10008900,79,886800,3736,11000,61830,1600,105761,1100,0,1516575300,1,2018-03-30,B,A,A,C,E,F,H,I,G,G,F,C,A,I,H,E,A,G,G,125
259,05,06,15,19,22,29,32,04,31,22,32,05,06,29,19,15,31,04,9,0,0,8,6022100,64,1053800,3432,11500,58886,1600,110818,1000,296865915,1459976700,1,2018-04-06,I,B,B,D,E,F,H,H,A,H,F,H,B,B,H,E,D,H,A,128
260,04,08,12,23,29,31,34,05,06,34,04,29,31,08,23,12,05,06,7,2,333667500,4,14811100,163,508800,6620,7300,93834,1200,149269,900,0,1795371000,1,2018-04-13,G,A,B,C,F,H,H,I,B,B,I,A,H,H,B,F,C,B,B,141
261,04,14,15,17,21,23,26,07,08,17,26,23,15,14,21,04,08,07,6,0,0,7,7013900,56,1227400,3805,10500,63451,1500,129577,900,299962625,1487872500,1,2018-04-20,F,A,D,D,E,F,F,G,B,B,E,G,F,D,D,F,A,B,B,120
262,02,06,07,09,19,23,36,05,15,23,06,09,07,36,19,02,15,05,10,0,0,14,4083500,149,537100,6334,7400,95239,1200,155703,900,641103540,1732508700,1,2018-04-27,J,A,B,B,C,E,F,I,B,D,F,B,C,B,I,E,A,D,B,102
263,01,05,11,16,27,35,36,06,14,36,11,27,35,05,16,01,06,14,4,0,0,6,10029000,121,696200,5583,8800,85611,1400,141147,1000,1007154715,1823551500,1,2018-05-04,D,A,B,C,D,G,I,I,B,D,I,C,G,I,B,D,A,B,D,131
264,08,13,15,17,21,26,29,04,24,21,13,15,29,26,08,17,24,04,9,0,0,23,3183500,196,523000,8103,7400,112727,1300,193807,900,1449029430,2218970700,1,2018-05-11,I,B,D,D,E,F,G,H,A,F,F,D,D,H,G,B,E,F,A,129
265,12,13,15,19,21,24,36,10,37,36,15,19,13,21,12,24,37,10,8,2,973273800,9,9164300,166,695500,6858,9800,115664,1400,181981,1100,0,2499682400,1,2018-05-18,H,C,D,D,E,F,F,I,C,I,I,D,E,D,F,C,F,I,C,140
266,06,11,15,17,20,27,32,16,22,20,15,32,27,11,17,06,16,22,2,0,0,3,17184400,84,859200,3986,10600,65358,1600,107711,1100,313999575,1562293500,1,2018-05-25,B,B,C,D,E,E,G,H,D,F,E,D,H,G,C,E,B,D,F,128
267,08,13,18,20,23,25,26,06,28,08,23,20,13,18,25,26,28,06,4,0,0,10,6591600,82,1125300,4991,10800,84759,1500,154705,1000,718966520,1997564100,1,2018-06-01,D,B,D,E,E,F,G,G,B,G,B,F,E,D,E,G,G,G,B,133
268,04,05,09,15,29,31,33,26,27,04,09,15,29,31,33,05,26,27,1,1,1000000000,6,12371700,135,769700,6894,8800,108858,1300,197196,900,173451955,2249520300,1,2018-06-08,A,A,B,C,D,H,H,I,G,G,A,C,D,H,H,I,B,G,G,126
269,01,09,15,24,31,33,36,02,26,24,15,33,36,01,09,31,26,02,5,1,541546300,5,12376300,125,693000,5556,9100,87230,1400,140545,1100,0,1875293400,1,2018-06-15,E,A,C,D,F,H,I,I,A,G,F,D,I,I,A,C,H,G,A,149
270,01,02,11,13,15,24,25,26,28,13,24,01,02,15,11,25,26,28,10,0,0,8,6633500,69,1076700,4512,9600,74459,1400,135756,900,326590330,1608197400,1,2018-06-22,J,A,A,C,D,D,F,G,G,G,D,F,A,A,D,C,G,G,G,91
271,01,09,15,16,19,32,35,14,31,19,15,16,32,09,35,01,31,14,7,0,0,8,7961400,88,1013299,4611,11300,76077,1600,132456,1200,709520700,1930128600,1,2018-06-29,G,A,C,D,D,E,H,I,D,H,E,D,D,H,C,I,A,H,D,127
272,02,05,08,15,18,26,31,19,25,31,18,05,02,08,15,26,25,19,3,2,565988400,8,8794000,147,670000,8328,6900,108405,1300,169711,1000,0,2131997400,1,2018-07-06,C,A,B,B,D,E,G,H,E,G,H,E,B,A,B,D,G,G,E,105
273,13,15,21,23,26,32,34,05,09,26,34,32,21,15,13,23,09,05,9,2,163912900,396,131500,190,383700,7181,5900,81640,1200,146385,800,0,1578326400,1,2018-07-13,I,D,D,F,F,G,H,I,B,C,G,I,H,F,D,D,F,C,B,164
274,09,14,21,23,25,26,37,07,29,37,25,09,26,14,21,23,29,07,6,0,0,5,9848700,54,1276600,4093,9800,70124,1400,117691,1000,297380135,1492302300,1,2018-07-20,F,C,D,F,F,G,G,I,B,H,I,G,C,G,D,F,F,H,B,155
275,08,09,15,19,24,25,35,34,37,15,09,24,25,08,19,35,34,37,5,0,0,14,4188400,133,617200,6531,7300,94999,1200,135106,1000,659517715,1776986400,2,2018-07-27,E,B,C,D,E,F,G,I,I,I,D,C,F,G,B,E,I,I,I,135
276,03,06,12,17,22,34,35,02,33,22,03,06,35,12,34,17,33,02,8,1,1000000000,7,9668700,159,595900,6399,8600,94774,1400,151327,1100,65883635,2051043600,1,2018-08-03,H,A,B,C,E,F,I,I,A,I,F,A,B,I,C,I,E,I,A,129
277,06,07,09,11,21,23,25,01,22,23,11,09,06,07,21,25,01,22,9,0,0,12,4532500,129,590200,5833,7600,90448,1200,147333,900,391610110,1648267500,1,2018-08-10,I,B,B,C,C,F,F,G,A,F,F,C,C,B,B,F,G,A,F,102
278,06,09,14,21,23,33,36,27,28,23,21,14,33,09,36,06,27,28,2,0,0,5,12638600,142,623000,6793,7600,103978,1200,167042,900,774981360,1915041000,1,2018-08-17,B,B,C,D,F,F,I,I,G,G,F,F,D,I,C,I,B,G,G,142
279,07,11,15,17,19,23,31,09,37,11,31,07,19,23,17,15,37,09,5,0,0,12,5937600,185,539100,8548,6800,117304,1200,210604,800,1208286110,2159253000,1,2018-08-24,E,B,C,D,E,E,F,H,C,I,C,H,B,E,F,E,D,I,C,123
280,04,09,10,11,24,32,35,02,37,24,04,32,11,09,10,35,02,37,3,0,0,6,13162000,173,639000,7531,8600,116457,1300,186330,1000,1693217310,2393202000,1,2018-08-31,C,A,C,C,C,F,H,I,A,I,F,A,H,C,C,C,I,A,I,125
281,01,02,17,19,20,22,26,30,36,26,22,17,02,19,01,20,36,30,10,1,1000000000,4,20471100,96,1194100,5111,13100,89508,1800,163932,1200,1188572470,2481466800,1,2018-09-07,J,A,A,E,E,E,F,G,H,I,G,F,E,A,E,A,E,I,H,107
282,10,17,18,25,29,35,36,07,14,35,10,36,25,29,17,18,07,14,7,1,1000000000,8,9824400,112,982400,5643,11400,97856,1600,175263,1100,658065950,2381792400,1,2018-09-14,G,C,E,E,G,H,I,I,B,D,I,C,I,G,H,E,E,B,D,170
283,13,14,15,17,23,29,31,10,19,15,23,17,29,13,14,31,10,19,4,0,0,5,13780800,117,824400,6559,8600,102728,1300,152967,1100,1074137170,2088105600,1,2018-09-21,D,D,D,D,E,F,H,H,C,E,D,F,E,H,D,D,H,C,E,142
284,06,07,10,25,29,30,33,01,31,10,29,25,07,30,33,06,01,31,1,0,0,9,8583600,124,872100,6317,10000,103248,1500,174824,1100,1531893985,2341106700,1,2018-09-28,A,B,B,C,G,H,H,I,A,H,C,H,G,B,H,I,B,A,H,140
285,11,15,21,26,30,34,35,04,36,30,35,21,34,26,15,11,36,04,6,0,0,11,7307100,114,987000,6824,9600,110319,1400,189588,1000,2025575125,2435827200,1,2018-10-05,F,C,D,F,G,H,I,I,A,I,H,I,F,I,G,D,C,I,A,172
286,04,05,14,17,18,29,37,27,31,29,05,37,17,14,18,04,27,31,2,0,0,12,7365100,151,819400,7138,10100,114717,1500,211324,1000,2563226520,2678345100,1,2018-10-12,B,A,B,D,E,E,H,I,G,H,H,B,I,E,D,E,A,G,H,124
287,02,07,10,20,24,29,34,04,08,07,10,34,24,02,29,20,08,04,7,0,0,5,20004100,139,1007300,7135,11500,120517,1600,229390,1000,3182905730,3031075800,1,2018-10-19,G,A,B,C,E,F,H,I,A,B,B,C,I,F,A,H,E,B,A,126
288,01,08,09,16,27,32,37,17,31,01,08,16,09,37,27,32,31,17,9,2,1000000000,16,6898600,253,610700,11152,8100,159113,1400,254099,1000,1856070345,3344972700,1,2018-10-26,I,A,B,C,D,G,H,I,E,H,A,B,D,C,I,G,H,H,E,130
289,02,07,10,12,16,17,34,23,25,16,17,07,10,12,02,34,25,23,4,1,1000000000,10,9272400,116,1119000,8151,9300,126863,1400,237336,900,1431007375,2809955400,1,2018-11-02,D,A,B,C,C,D,E,I,F,G,D,E,B,C,C,A,I,G,F,98
290,03,13,22,26,31,32,37,29,35,22,26,03,32,31,13,37,29,35,8,0,0,7,12685700,135,920800,8993,8100,117753,1500,200734,1100,1958591280,2691048900,1,2018-11-09,H,A,D,F,G,H,H,I,H,I,F,G,A,H,H,D,I,H,I,164
291,01,11,18,19,21,29,37,05,15,29,11,21,01,19,18,37,05,15,1,1,1000000000,11,8279400,147,867300,6914,10800,112385,1600,215531,1000,1511981740,2759944800,2,2018-11-16,A,A,C,E,E,F,H,I,B,D,H,C,F,A,E,E,I,B,D,136
292,12,15,25,26,27,29,35,24,30,35,27,26,29,25,12,15,24,30,1,0,0,7,11727300,123,934300,6641,10100,115238,1400,194454,1000,2011587545,2487726900,1,2018-11-23,A,C,D,G,G,G,H,I,F,H,I,G,G,H,G,C,D,F,H,169
293,11,13,15,20,27,29,35,01,07,35,27,15,11,29,20,13,01,07,10,3,847890100,13,6877200,193,648500,8255,8800,127142,1400,221913,1000,0,2709339300,1,2018-11-30,J,C,D,D,E,G,H,I,A,B,I,G,D,C,H,E,D,A,B,150
294,03,04,06,10,14,22,29,28,32,22,04,10,14,03,06,29,28,32,6,0,0,6,9858900,117,707800,5538,8700,86288,1300,141461,1000,362900105,1792626900,1,2018-12-07,F,A,A,B,C,D,F,H,G,H,F,A,C,D,A,B,H,G,H,88
295,04,05,06,08,09,22,32,13,26,32,09,04,08,06,05,22,26,13,10,0,0,7,10043600,85,1157900,5550,10400,91904,1500,170758,1000,786597795,2130574200,1,2018-12-14,J,A,B,B,B,C,F,H,D,G,H,C,A,B,B,B,F,G,D,86
296,01,08,10,12,18,28,29,25,27,01,28,12,08,10,29,18,25,27,8,1,1000000000,14,5696500,181,616800,8342,7800,120593,1300,198645,1000,262288165,2416812600,1,2018-12-21,H,A,B,C,C,E,G,H,G,G,A,G,C,B,C,H,E,G,G,106
297,02,03,11,16,23,28,36,08,24,23,36,02,11,16,28,03,08,24,3,0,0,29,2601200,216,488900,9573,6400,127018,1200,215516,800,723867455,2286040200,1,2018-12-28,C,A,A,C,D,F,G,I,B,F,F,I,A,C,D,G,A,B,F,119
298,01,03,08,11,18,19,22,26,30,11,19,08,22,18,03,01,26,30,5,0,0,10,5834900,147,555700,6553,7300,92747,1200,141991,1000,1078420555,1768254000,1,2019-01-04,E,A,A,B,C,E,E,F,G,H,C,E,B,F,E,A,A,G,H,82
299,01,06,10,13,16,26,36,28,30,10,26,01,13,16,06,36,30,28,2,0,0,11,7533500,207,560400,7616,8900,105706,1500,186101,1100,1578585130,2511307500,1,2019-01-11,B,A,B,C,D,D,G,I,G,H,C,G,A,D,D,B,I,H,G,108
300,04,07,21,31,33,34,35,06,12,04,07,33,35,21,31,34,06,12,9,1,1000000000,4,21689100,172,706100,7409,9600,114350,1500,193635,1100,1097825350,2629101600,1,2019-01-18,I,A,B,F,H,I,I,I,B,C,A,B,I,I,F,H,I,B,C,165
301,04,11,12,25,27,30,33,05,19,30,33,11,04,27,25,12,19,05,5,0,0,20,4144500,196,592000,8211,8200,122132,1300,209123,900,1614973255,2511960900,1,2019-01-25,E,A,C,C,G,G,H,I,B,E,H,I,C,A,G,G,C,E,B,142
302,08,16,26,27,28,32,34,04,25,34,32,26,27,08,16,28,04,25,7,0,0,10,8611300,145,831400,7315,9600,116603,1400,198947,1000,2150226005,2609631000,1,2019-02-01,G,B,D,G,G,G,H,I,A,G,I,H,G,G,B,D,G,A,G,171
303,04,07,14,17,21,34,37,10,30,07,04,17,14,21,37,34,10,30,1,0,0,11,8300300,328,389700,9335,8000,126257,1400,194195,1100,2711152345,2766901200,2,2019-02-08,A,A,B,D,E,F,I,I,C,H,B,A,E,D,F,I,I,C,H,134
304,07,09,10,17,28,33,36,18,23,36,10,07,09,17,33,28,23,18,1,0,0,14,6958200,167,816600,7790,10200,132072,1400,242136,1000,3299321575,2952113400,1,2019-02-15,A,B,C,C,E,G,I,I,E,F,I,C,B,C,E,I,G,F,E,140
305,06,17,23,24,27,28,31,10,18,06,24,27,17,23,28,31,10,18,8,1,1000000000,15,7062900,187,793100,9402,9200,154534,1300,262362,1000,2940077565,3210586200,1,2019-02-22,H,B,E,F,F,G,G,H,C,E,B,F,G,E,F,G,H,C,E,156
306,12,13,15,22,25,33,35,01,31,15,33,22,12,25,35,13,31,01,4,0,0,8,12306100,186,741000,8831,9100,135005,1400,222934,1100,3531756965,2983446000,1,2019-03-01,D,C,D,D,F,G,I,I,A,H,D,I,F,C,G,I,D,H,A,155
307,05,08,15,24,25,32,35,20,26,32,15,25,24,08,05,35,20,26,6,3,1000000000,21,4932300,297,488200,13086,6500,162254,1200,244004,1000,1171937610,3138938100,1,2019-03-08,F,B,B,D,F,G,H,I,E,G,H,D,G,F,B,B,I,E,G,144
308,05,06,11,15,20,32,33,13,25,11,05,33,20,32,06,15,25,13,1,0,0,4,21951800,133,924200,6761,10600,110187,1600,205005,1000,1705667655,2660948100,1,2019-03-15,A,B,B,C,D,E,H,I,D,G,C,B,I,E,H,B,D,G,D,122
309,01,07,13,14,16,21,22,18,34,14,07,01,22,21,13,16,34,18,10,0,0,9,9861900,126,986100,6832,10600,117028,1500,211539,1000,2243542325,2689734600,1,2019-03-22,J,A,B,D,D,D,F,F,E,I,D,B,A,F,F,D,D,I,E,94
310,17,25,26,28,31,32,37,06,09,32,17,25,26,31,37,28,06,09,5,3,933583800,7,12983500,110,1156600,6651,11200,115353,1500,216558,1000,0,2754219000,1,2019-03-29,E,E,G,G,G,H,H,I,B,C,H,E,G,G,H,I,G,B,C,196
311,09,11,18,24,26,27,37,30,33,18,26,11,24,37,27,09,30,33,3,0,0,8,7563000,107,791600,5650,8700,88259,1300,146370,1000,369934875,1833559500,1,2019-04-05,C,C,C,E,F,G,G,I,H,I,E,G,C,F,I,G,C,H,I,152
312,01,02,04,18,20,29,34,17,30,29,34,20,02,01,04,18,30,17,10,1,793630300,8,8697900,97,1004200,5040,11300,83581,1600,152043,1100,0,2108700000,1,2019-04-12,J,A,A,A,E,E,H,I,E,H,H,I,E,A,A,A,E,H,E,108
313,09,13,16,23,28,29,30,01,20,13,29,23,30,09,16,28,01,20,2,0,0,5,12035500,127,663300,5448,9000,89097,1300,130932,1100,367344040,1823653200,1,2019-04-19,B,C,D,D,F,G,H,H,A,E,D,H,F,H,C,D,G,A,E,148
314,03,06,08,19,32,34,35,12,30,06,34,32,03,08,35,19,12,30,3,0,0,13,5485700,108,924400,5553,10500,97779,1400,166517,1000,806994855,2161142700,1,2019-04-26,C,A,B,B,E,H,I,I,C,H,B,I,H,A,B,I,E,C,H,137
315,03,11,18,26,30,33,37,28,31,18,03,30,11,26,37,33,31,28,9,3,413815400,5,14069200,159,619300,6455,8900,98226,1400,161077,1000,0,2131798200,1,2019-05-03,I,A,C,E,G,H,I,I,G,H,E,A,H,C,G,I,I,H,G,158
316,03,09,10,17,30,33,34,06,08,34,33,17,03,09,10,30,08,06,7,1,348691900,12,4827400,135,600700,5666,8300,82071,1400,140345,1000,0,1755527700,1,2019-05-10,G,A,C,C,E,H,I,I,B,B,I,I,E,A,C,C,H,B,B,136
317,07,08,14,15,16,20,29,18,19,14,16,15,29,07,20,08,18,19,8,0,0,4,14232400,76,1048600,4620,10100,75217,1500,116545,1200,340388440,1725229200,1,2019-05-17,H,B,B,D,D,D,E,H,E,E,D,D,D,H,B,E,B,E,E,109
318,04,05,10,12,27,34,36,03,14,34,05,10,12,36,27,04,03,14,5,2,376602400,7,9773600,140,684100,6908,8100,105569,1300,162780,1000,0,2073289200,1,2019-05-24,E,A,B,C,C,G,I,I,A,D,I,B,C,C,I,G,A,A,D,128
319,02,06,14,23,28,31,35,19,27,06,35,14,28,31,23,02,19,27,4,1,348796200,30,1908100,226,354600,7223,6500,94033,1200,149658,900,0,1734800400,1,2019-05-31,D,A,B,D,F,G,H,I,E,G,B,I,D,G,H,F,A,E,G,139
320,05,06,18,22,26,33,34,36,37,33,26,34,22,06,18,05,36,37,5,1,333152300,7,7832200,121,634300,5868,7600,79530,1300,122679,1100,0,1661468400,1,2019-06-07,E,B,B,E,F,G,I,I,I,I,I,G,I,F,B,E,B,I,I,144
321,15,24,27,28,29,34,35,09,25,29,35,15,28,24,27,34,25,09,6,0,0,9,6392100,86,936500,4828,9700,82937,1400,145249,900,352790235,1743390300,1,2019-06-14,F,D,F,G,G,H,I,I,C,G,H,I,D,G,F,G,I,G,C,192
322,01,10,11,21,26,29,30,14,20,30,11,01,26,10,21,29,20,14,1,2,389402400,13,5354100,147,662800,7713,7400,101277,1300,152176,1100,0,2109287700,1,2019-06-21,A,A,C,C,F,G,H,H,D,E,H,C,A,G,C,F,H,E,D,128
323,11,14,15,21,26,34,36,23,27,34,15,26,21,14,36,11,23,27,3,1,355424900,6,9655800,103,787400,4826,9800,77359,1500,146957,900,0,1755681300,1,2019-06-28,C,C,D,D,F,G,I,I,F,G,I,D,G,F,D,I,C,F,G,157
324,09,13,16,17,18,19,20,30,36,17,13,18,20,19,09,16,36,30,2,0,0,2,27594700,97,796500,4121,10900,63156,1700,113947,1200,331147175,1672483500,1,2019-07-05,B,C,D,D,E,E,E,E,H,I,E,D,E,E,E,C,D,I,H,112
325,04,14,17,18,21,31,33,06,20,14,33,31,21,04,17,18,20,06,10,0,0,5,13191000,97,951900,4977,10800,80144,1600,137151,1200,725726100,1998736500,1,2019-07-12,J,A,D,E,E,F,H,I,B,E,D,I,H,F,A,E,E,E,B,138
326,01,02,17,18,24,27,29,12,32,18,01,24,02,29,17,27,32,12,7,2,584295200,5,14430500,103,980600,5032,11700,90286,1600,164592,1000,0,2186539500,1,2019-07-19,G,A,A,E,E,F,G,H,C,H,E,A,F,A,H,E,G,H,C,118
327,01,03,13,14,16,30,31,02,17,30,14,03,31,16,13,01,02,17,4,1,325927600,5,10812400,95,796600,4617,9600,68651,1500,111898,1200,0,1638319800,2,2019-07-26,D,A,A,D,D,D,H,H,A,E,H,D,A,H,D,D,A,A,E,108
328,03,09,10,14,19,24,30,18,21,19,30,14,10,03,24,09,21,18,7,1,319467200,5,10642200,114,653400,4490,9700,73061,1400,120577,1100,0,1612530900,1,2019-08-02,G,A,C,C,D,E,F,H,E,F,E,H,D,C,A,F,C,F,E,109
329,03,10,19,20,26,28,30,15,25,03,19,20,28,26,30,10,15,25,9,0,0,4,12892800,89,811200,4430,9500,69036,1500,116797,1100,305395695,1562843100,1,2019-08-09,I,A,C,E,E,G,G,H,D,G,A,E,E,G,G,H,C,D,G,136
330,03,04,10,12,17,18,20,19,32,12,03,17,10,04,18,20,32,19,8,1,674889600,4,15358000,120,716600,5435,9200,84712,1400,138394,1100,0,1861667100,1,2019-08-16,H,A,A,C,C,E,E,E,E,H,C,A,E,C,A,E,E,H,E,84
331,05,07,11,12,15,18,20,19,30,12,11,05,18,15,20,07,30,19,7,0,0,6,8872000,126,591400,4999,8700,78083,1300,134724,900,331931710,1613179800,1,2019-08-23,G,B,B,C,C,D,E,E,E,H,C,C,B,E,D,E,B,H,E,88
332,05,07,10,15,24,27,30,03,33,07,10,30,15,24,05,27,33,03,5,0,0,10,6623100,149,622300,7242,7500,107919,1200,177475,900,732637115,2007120900,1,2019-08-30,E,B,B,C,D,F,G,H,A,I,B,C,H,D,F,B,G,I,A,118
333,01,04,10,11,16,24,34,30,32,10,34,11,24,01,04,16,32,30,7,0,0,8,9777700,163,671800,7178,8900,109222,1400,177114,1100,1200001505,2370466200,1,2019-09-06,G,A,A,C,C,D,F,I,H,H,C,I,C,F,A,A,D,H,H,100
334,03,07,15,16,30,34,35,08,29,03,15,07,34,30,16,35,29,08,1,0,0,7,12684700,194,640700,8126,8900,127766,1400,218183,1000,1728403925,2690817600,1,2019-09-13,A,A,B,D,D,H,I,I,B,H,A,D,B,I,H,D,I,H,B,140
335,09,10,17,18,22,25,35,13,14,18,09,22,35,25,10,17,14,13,3,0,0,9,10528600,195,680200,8483,9100,132338,1400,227897,1000,2302853520,2871581100,1,2019-09-20,C,C,C,E,E,F,G,I,D,D,E,C,F,I,G,C,E,D,D,136
336,09,10,13,21,25,31,33,24,37,21,25,31,10,09,13,33,37,24,2,0,0,6,17333900,181,804400,8759,9700,142505,1400,236100,1100,2927369975,3151767900,1,2019-09-27,B,C,C,D,F,G,H,I,F,I,F,G,H,C,C,D,I,I,F,142
337,05,07,10,12,14,24,35,11,33,35,14,10,12,07,24,05,33,11,9,1,1000000000,15,7307200,248,618700,11324,7900,170249,1300,293615,900,2584013245,3321612600,2,2019-10-04,I,B,B,C,C,D,F,I,C,I,I,D,C,C,B,F,B,I,C,107
338,07,09,16,17,23,27,34,15,36,27,23,16,17,34,09,07,15,36,6,1,1000000000,19,5112700,194,701000,9853,8000,148918,1300,258463,900,2170574545,2943846000,2,2019-10-11,F,B,C,D,E,F,G,I,D,I,G,F,D,E,I,C,B,D,I,133
339,11,15,18,20,23,25,32,09,37,23,20,15,18,32,11,25,09,37,2,1,1000000000,11,8388400,145,890800,7414,10200,120717,1500,219031,1000,1731734285,2796283200,1,2019-10-18,B,C,D,E,E,F,G,H,C,I,F,E,D,E,H,C,G,C,I,144
340,06,14,17,26,27,30,36,12,28,30,17,06,36,26,14,27,12,28,4,1,1000000000,10,8665400,138,879000,7307,9700,115794,1500,208956,1000,1251961575,2626018200,1,2019-10-25,D,B,D,E,G,G,H,I,C,G,H,E,B,I,G,D,G,C,G,156
341,04,11,17,27,29,31,36,19,24,17,27,29,36,11,04,31,24,19,10,1,1000000000,28,3169000,160,776300,7811,9300,124104,1400,219507,1000,783163535,2688970800,1,2019-11-01,J,A,C,E,G,H,H,I,E,F,E,G,H,I,C,A,H,F,E,155
342,03,06,24,28,32,35,36,04,08,36,32,06,28,03,24,35,04,08,8,0,0,6,13918200,160,730600,7572,9000,118568,1400,208744,900,1299561660,2530702500,1,2019-11-08,H,A,B,F,G,H,I,I,A,B,I,H,B,G,A,F,I,A,B,164
343,17,19,22,29,30,31,32,11,16,22,29,30,17,31,32,19,16,11,5,0,0,7,12200200,86,1390200,5697,12300,97660,1700,187577,1100,1816792475,2588042700,1,2019-11-15,E,E,E,F,H,H,H,H,C,D,F,H,H,E,H,H,E,D,C,180
344,11,19,28,29,31,32,37,12,21,31,32,37,11,19,29,28,21,12,9,0,0,9,9436100,128,928800,7088,9800,112169,1500,184062,1100,2330925355,2573618400,1,2019-11-22,I,C,E,G,H,H,H,I,C,F,H,H,I,C,E,H,G,F,C,187
345,06,09,10,18,28,31,32,24,35,09,10,31,32,18,06,28,35,24,7,1,1000000000,13,6971600,166,764300,7785,9500,127276,1400,220771,1000,1876447595,2746537200,1,2019-11-29,G,B,C,C,E,G,H,H,F,I,C,C,H,H,E,B,G,I,F,134
346,11,16,18,23,30,31,35,03,27,31,23,16,11,30,35,18,27,03,3,1,1000000000,8,10549100,152,777200,7411,9300,116307,1400,221320,900,1393851380,2557491300,1,2019-12-06,C,C,D,E,F,H,H,I,A,G,H,F,D,C,H,I,E,G,A,164
347,03,06,11,13,18,20,34,25,35,20,34,11,03,06,18,13,35,25,5,0,0,3,28386700,138,863900,6617,10500,114754,1500,201919,1000,1907271955,2580727500,1,2019-12-13,E,A,B,C,D,E,E,I,G,I,E,I,C,A,B,E,D,I,G,105
348,02,05,17,18,19,20,33,01,24,19,17,02,20,33,18,05,24,01,2,0,0,8,11401900,157,813300,8482,8800,124300,1400,212396,1000,2471218605,2764239000,1,2019-12-20,B,A,B,E,E,E,E,I,A,F,E,E,A,E,I,E,B,F,A,114
349,04,10,11,15,18,22,34,16,32,11,34,15,18,10,22,04,32,16,1,2,1000000000,12,8744800,235,625100,10738,8000,158812,1300,243446,1000,1114611465,3180076800,1,2019-12-27,A,A,C,C,D,E,F,I,D,H,C,I,D,E,C,F,A,H,D,114
350,10,19,21,23,24,30,37,02,28,19,23,10,37,21,24,30,28,02,4,0,0,5,18728900,121,1083400,6766,11300,112411,1600,206560,1100,1683375425,2837842800,1,2020-01-10,D,C,E,F,F,F,H,I,A,G,E,F,C,I,F,F,H,G,A,164
351,08,13,17,19,23,25,28,05,16,25,08,19,23,13,28,17,05,16,6,1,1000000000,17,5252200,191,654400,8478,8600,130438,1300,218272,1000,1225967125,2705826000,1,2020-01-17,F,B,D,E,E,F,G,G,B,D,G,B,E,F,D,G,E,B,D,133
352,03,04,14,18,26,30,32,28,34,03,26,04,14,32,18,30,28,34,9,2,886941800,13,6928800,167,755100,7868,9400,121713,1500,207726,1000,0,2792661000,2,2020-01-24,I,A,A,D,E,G,H,H,G,I,A,G,A,D,H,E,H,G,I,127
353,11,15,22,23,24,29,33,19,34,11,15,33,29,23,24,22,34,19,7,1,386956000,6,10732300,132,682900,6959,7600,97058,1300,157583,1000,0,1951421100,1,2020-01-31,G,C,D,F,F,F,H,I,E,I,C,D,I,H,F,F,F,I,E,157
354,01,02,08,10,13,25,31,23,35,31,25,13,02,10,01,08,35,23,10,0,0,8,7729100,127,681600,6239,8100,91415,1300,138711,1100,372868110,1873825800,1,2020-02-07,J,A,A,B,C,D,G,H,F,I,H,G,D,A,C,A,B,I,F,90
355,04,06,09,10,23,27,33,14,31,10,23,27,33,06,09,04,14,31,8,1,798697400,12,5911600,153,649100,6515,8900,106580,1300,174779,1000,0,2149771800,1,2020-02-14,H,A,B,C,C,F,G,I,D,H,C,F,G,I,B,C,A,D,H,112
356,04,16,20,30,33,34,36,19,21,33,30,16,04,20,34,36,19,21,3,1,359572000,6,9961300,70,1195300,3631,13500,65274,1800,121276,1200,0,1811230500,1,2020-02-21,C,A,D,E,H,I,I,I,E,F,I,H,D,A,E,I,I,E,F,173
357,05,08,12,13,14,24,30,27,35,30,08,14,24,13,12,05,27,35,4,0,0,10,5953800,105,793800,5414,9000,86659,1300,150754,900,371973830,1804271400,1,2020-02-28,D,B,B,C,D,D,F,H,G,I,H,B,D,F,D,C,B,G,I,106
358,05,13,14,26,32,33,34,08,11,34,32,13,05,26,33,14,08,11,5,0,0,7,10038100,119,826600,5902,9700,88702,1600,161037,1000,801365640,2129407800,1,2020-03-06,E,B,D,D,G,H,I,I,B,C,I,H,D,B,G,I,D,B,C,157
359,04,07,11,17,19,26,35,01,24,19,07,17,11,35,04,26,24,01,2,1,1000000000,12,6601900,174,637400,8048,8000,124609,1200,207525,900,290916085,2400818100,1,2020-03-13,B,A,B,C,E,E,G,I,A,F,E,B,E,C,I,A,G,F,A,119
360,09,11,13,14,20,22,37,15,17,20,13,09,11,37,14,22,17,15,8,0,0,8,8665100,88,1102800,4676,12100,81988,1700,151412,1100,707367235,2100735000,1,2020-03-20,H,C,C,D,D,E,F,I,D,E,E,D,C,C,I,D,F,E,D,126
361,05,09,16,20,29,33,35,02,08,05,29,35,20,33,16,09,08,02,1,1,1000000000,7,11398400,110,1015400,5816,11200,97576,1600,176827,1100,188195440,2417958900,1,2020-03-27,A,B,C,D,E,H,I,I,A,B,B,H,I,E,I,D,C,B,A,147
362,04,07,08,14,22,24,27,13,26,14,27,07,24,04,22,08,13,26,3,1,616130500,8,8690600,160,608300,7457,7600,111255,1200,181273,900,0,2106917400,1,2020-04-03,C,A,B,B,D,F,F,G,D,G,D,G,B,F,A,F,B,D,G,106
363,13,15,17,22,26,34,36,03,19,13,15,34,36,17,26,22,19,03,6,1,350725000,7,8122100,135,589500,5237,8900,78546,1400,131595,1000,0,1722957600,1,2020-04-10,F,D,D,E,F,G,I,I,A,E,D,D,I,I,E,G,F,E,A,163
364,03,09,10,14,16,20,27,19,33,14,10,16,09,20,27,03,19,33,7,0,0,4,13281900,96,774700,5078,8500,77996,1300,131596,1000,320852305,1610010900,1,2020-04-17,G,A,C,C,D,D,E,G,E,I,D,C,D,C,E,G,A,E,I,99
365,01,04,13,14,16,22,35,10,23,13,14,35,22,01,16,04,10,23,9,0,0,4,13698900,79,971000,4806,9300,74823,1400,126609,1000,660538520,1660550700,1,2020-04-24,I,A,A,D,D,D,F,I,C,F,D,D,I,F,A,D,A,C,F,105
366,10,24,25,26,27,33,36,04,23,36,33,10,27,25,26,24,04,23,4,0,0,4,13274200,79,940900,4104,10600,67535,1500,126618,1000,985770885,1609073700,1,2020-05-01,D,C,F,G,G,G,I,I,A,F,I,I,C,G,G,G,F,A,F,181
367,08,14,19,20,29,30,31,07,35,19,14,30,20,29,31,08,35,07,2,0,0,9,6356300,102,785100,4862,9600,75636,1500,12128,1100,1327551715,1733639400,1,2020-05-08,B,B,D,E,E,H,H,H,B,I,E,D,H,E,H,H,B,I,B,151
368,07,08,09,13,21,34,35,03,20,21,08,13,09,34,35,07,03,20,10,0,0,8,8791700,143,688500,6742,8500,105147,1300,171958,1000,1751951140,2131432500,1,2020-05-15,J,B,B,C,D,F,I,I,A,E,F,B,D,C,I,I,B,A,E,127
369,01,07,09,11,15,31,34,06,33,34,31,09,01,15,11,07,33,06,9,0,0,5,16734800,162,723000,7659,8900,120115,1400,200556,1000,2255335210,2535702600,1,2020-05-22,I,A,B,C,C,D,H,I,B,I,I,H,C,A,D,C,B,I,B,108
370,07,10,16,25,26,33,34,24,35,33,10,34,26,07,16,25,35,24,5,0,0,12,8162000,193,710400,8425,9500,136361,1400,229546,1000,2855462700,2968150200,1,2020-05-29,E,B,C,D,G,G,I,I,F,I,I,C,I,G,B,D,G,I,F,151
371,01,03,04,08,11,21,25,12,23,03,21,11,01,08,25,04,12,23,8,2,1000000000,17,6278700,263,568100,10712,8100,156650,1300,272106,900,1519597420,3234645600,1,2020-06-05,H,A,A,A,B,C,F,G,C,F,A,F,C,A,B,G,A,C,F,73
372,06,08,22,23,32,33,36,09,27,22,23,32,08,36,06,33,27,09,5,1,1000000000,11,8192000,142,888400,7720,9500,119368,1500,220175,1000,1059631065,2730812100,1,2020-06-12,E,B,B,F,F,H,I,I,C,G,F,F,H,B,I,B,I,G,C,160
373,02,03,17,18,22,23,31,04,30,22,31,18,23,17,02,03,04,30,1,0,0,11,8060400,134,926300,8026,9000,124274,1400,208406,1000,1601343530,2686943700,1,2020-06-19,A,A,A,E,E,F,F,H,A,H,F,H,E,F,E,A,A,A,H,116
374,04,05,09,10,18,27,35,15,34,18,09,05,27,35,10,04,15,34,3,1,1000000000,10,9693300,246,551600,10899,7300,157940,1200,259076,900,1188343675,2937524100,1,2020-06-26,C,A,B,C,C,E,G,I,D,I,E,C,B,G,I,C,A,D,I,108
375,13,15,18,19,23,27,32,34,35,18,32,13,19,23,15,27,34,35,6,1,1000000000,23,3910600,138,912400,7761,9500,123469,1400,222110,1000,730371255,2725730400,1,2020-07-03,F,D,D,E,E,F,G,H,I,I,E,H,D,E,F,D,G,I,I,147
376,06,11,14,17,23,31,37,10,15,17,11,23,37,06,31,14,10,15,7,3,412353200,9,9345100,185,636400,8521,8100,123352,1300,209047,1000,0,2548784400,1,2020-07-10,G,B,C,D,E,F,H,I,C,D,E,C,F,I,B,H,D,C,D,139
377,06,07,10,17,25,33,36,27,32,25,10,06,07,17,36,33,32,27,9,0,0,5,13102600,127,722100,6138,8700,95816,1300,156051,1000,402171575,1985341500,1,2020-07-17,I,B,B,C,E,G,I,I,G,H,G,C,B,B,E,I,I,H,G,134
378,01,05,09,10,14,15,29,20,28,14,05,29,09,01,10,15,28,20,6,0,0,12,6106500,151,679300,6707,8900,105104,1400,175197,1000,843587990,2220674700,1,2020-07-24,F,A,B,C,C,D,D,H,E,G,D,B,H,C,A,C,D,G,E,83
379,03,08,15,22,24,29,35,18,26,03,29,22,08,24,15,35,18,26,1,0,0,18,4511300,230,494200,9310,7100,125612,1300,200191,1000,1326515335,2460854100,1,2020-07-31,A,A,B,D,F,F,H,I,E,G,A,H,F,B,F,D,I,E,G,136
380,08,14,24,25,32,34,36,13,16,25,36,14,34,24,08,32,16,13,4,2,923347500,15,5764000,150,806900,7801,9100,118016,1400,215179,1000,0,2620145100,1,2020-08-07,D,B,D,F,G,H,I,I,D,D,G,I,D,I,F,B,H,D,D,173
381,04,08,25,26,27,31,32,09,22,27,04,25,08,32,31,26,22,09,2,1,381063500,5,12497500,115,760700,5407,9400,84842,1400,151506,1000,0,1893649200,1,2020-08-14,B,A,B,G,G,G,H,H,C,F,G,A,G,B,H,H,G,F,C,153
382,02,03,05,08,19,22,37,16,28,08,05,22,19,03,37,02,16,28,5,1,369188600,4,15462300,129,671200,5782,8700,89293,1400,150505,1000,0,1874313900,1,2020-08-21,E,A,A,B,B,E,F,I,D,G,B,B,F,E,A,I,A,D,G,96
383,08,11,15,22,26,28,30,10,20,26,08,22,11,15,28,30,10,20,8,0,0,10,6319700,145,610100,6176,8400,97501,1300,153383,1000,378153785,1915173300,1,2020-08-28,H,B,C,D,F,G,G,H,C,E,G,B,F,C,D,G,H,C,E,140
384,03,07,15,18,26,30,31,09,33,15,03,31,26,18,30,07,09,33,6,0,0,20,3807600,190,561100,7883,7900,112856,1300,196135,900,848389185,2307792000,1,2020-09-04,F,A,B,D,E,G,H,H,C,I,D,A,H,G,E,H,B,C,I,130
385,04,12,14,24,29,34,35,05,15,34,14,35,04,12,24,29,05,15,9,1,1000000000,12,6828200,202,567800,9477,7100,118923,1300,193635,1000,353636415,2483117400,1,2020-09-11,I,A,C,D,F,H,I,I,B,D,I,D,I,A,C,F,H,B,D,152
386,09,19,22,32,35,36,37,07,21,35,36,32,09,37,19,22,07,21,10,0,0,6,12273200,86,1198700,4931,12200,89546,1600,157340,1100,804624070,2231601900,1,2020-09-18,J,C,E,F,H,I,I,I,B,F,I,I,H,C,I,E,F,B,F,190
387,03,07,13,22,30,32,37,14,15,03,07,30,32,13,22,37,15,14,7,0,0,9,8797100,124,893800,6062,10700,98008,1600,189963,1000,1282685065,2399345100,1,2020-09-25,G,A,B,D,F,H,H,I,D,D,A,B,H,H,D,F,I,D,D,144
388,01,06,08,10,18,21,32,13,28,01,21,10,18,32,06,08,13,28,3,0,0,11,8005900,118,1044800,6967,10300,116250,1500,206896,1000,1819256050,2668785300,1,2020-10-02,C,A,B,B,C,E,F,H,D,G,A,F,C,E,H,B,B,D,G,96
389,01,06,11,13,18,24,27,17,23,18,06,24,11,27,13,01,23,17,5,3,783897800,9,9751700,228,538900,8544,8400,128735,1300,214659,1000,0,2659680300,1,2020-10-09,E,A,B,C,D,E,F,G,E,F,E,B,F,C,G,D,A,F,E,100
390,03,06,19,21,23,26,27,30,34,21,06,26,03,19,23,27,34,30,1,0,0,6,10491400,111,793900,5177,9900,86684,1400,143274,1000,391476860,1907626800,1,2020-10-16,A,A,B,E,F,F,G,G,H,I,F,B,G,A,E,F,G,I,H,125
391,10,23,27,32,33,35,37,24,26,23,10,32,35,33,27,37,24,26,6,0,0,8,9366400,108,971300,5193,11800,92949,1600,160194,1100,847273605,2270750100,1,2020-10-23,F,C,F,G,H,I,I,I,F,G,F,C,H,I,I,G,I,F,G,197
392,01,04,06,15,20,22,26,18,21,22,06,15,04,26,01,20,21,18,2,2,675744100,10,8318100,139,837700,6569,10400,108197,1500,181718,1100,0,2520753000,1,2020-10-30,B,A,A,B,D,E,F,G,E,F,F,B,D,A,G,A,E,F,E,94
393,07,14,15,22,27,30,31,09,32,22,30,14,31,15,27,07,32,09,4,1,388842900,18,3523800,173,513200,7173,7200,98663,1300,160022,900,0,1922182800,1,2020-11-06,D,B,D,D,F,G,H,H,C,H,F,H,D,H,D,G,B,H,C,146
394,06,10,22,23,27,32,33,08,19,27,33,32,10,06,22,23,19,08,5,0,0,27,2268700,207,414200,7926,6300,94991,1300,164740,900,366674380,1856348400,1,2020-11-13,E,B,C,F,F,G,H,I,B,E,G,I,H,C,B,F,F,E,B,153
395,01,02,05,20,26,29,32,08,09,20,05,01,29,32,02,26,08,09,8,3,270621900,7,10529500,80,1289800,4725,12800,83410,1700,180779,1000,0,2233640100,1,2020-11-20,H,A,A,B,E,G,H,H,B,C,E,B,A,H,H,A,G,B,C,115
396,02,03,05,08,16,20,34,26,31,08,34,03,16,20,05,02,31,26,10,0,0,7,8652900,92,921700,5149,9600,82997,1400,134718,1100,366819660,1835560800,1,2020-11-27,J,A,A,B,B,D,E,I,G,H,B,I,A,D,E,B,A,H,G,88
397,04,12,13,15,21,28,37,07,20,13,04,15,28,21,37,12,07,20,9,0,0,15,4876800,131,781700,7060,8500,107285,1300,177064,1000,812294860,2216832000,1,2020-12-04,I,A,C,D,D,F,G,I,B,E,D,A,D,G,F,I,C,B,E,130
398,03,04,10,17,20,22,33,01,06,33,10,17,04,03,20,22,06,01,7,0,0,9,8938000,135,834200,7096,9300,111518,1400,197911,1000,1296202550,2437768200,1,2020-12-11,G,A,A,C,E,E,F,I,A,B,I,C,E,A,A,E,F,B,A,109
399,07,15,19,20,21,33,36,04,10,21,20,33,07,15,19,36,10,04,4,0,0,14,6212300,137,888700,7501,9500,112970,1500,197889,1000,1834932435,2635683300,1,2020-12-18,D,B,D,E,E,F,I,I,A,C,F,E,I,B,D,E,I,C,A,151
400,04,17,22,28,30,31,35,25,34,04,22,31,30,17,35,28,25,34,2,0,0,6,16604900,219,636800,9043,9000,135365,1400,219734,1100,2441887750,3019220700,1,2020-12-25,B,A,E,F,G,H,H,I,G,I,A,F,H,H,E,I,G,G,I,167
401,04,05,09,14,18,30,35,01,33,14,35,30,09,18,04,05,33,01,5,0,0,6,18702000,173,908000,9392,9800,157204,1400,263431,1000,3127268000,3400521000,1,2021-01-08,E,A,B,C,D,E,H,I,A,I,D,I,H,C,E,A,B,I,A,115
402,07,09,12,17,20,26,29,04,13,29,09,20,07,12,17,26,04,13,3,0,0,11,9424800,199,729300,8946,9500,139603,1500,253104,1000,3744761225,3141760500,1,2021-01-15,C,B,C,C,E,E,G,H,A,D,H,C,E,B,C,E,G,A,D,120
403,02,06,08,12,19,20,29,05,26,02,19,20,08,06,12,29,26,05,1,0,0,16,7034600,209,753900,10493,8800,160099,1400,277426,1000,4415642950,3410896500,1,2021-01-22,A,A,B,B,C,E,E,H,B,G,A,E,E,B,B,C,H,G,B,96
404,04,08,13,16,25,30,32,09,26,08,30,13,16,25,04,32,26,09,6,1,1000000000,19,6435200,338,506400,12289,8100,177419,1300,299495,1000,4159928850,3705330000,1,2021-01-29,F,A,B,D,D,G,H,H,C,G,B,H,D,D,G,A,H,G,C,128
405,03,10,16,17,24,32,36,11,29,24,17,10,16,03,32,36,11,29,2,1,1000000000,40,2839700,265,600000,11201,8300,160364,1400,279209,1000,3839676215,3442271700,1,2021-02-05,B,A,C,D,E,F,H,I,C,H,F,E,C,D,A,H,I,C,H,138
406,01,02,05,16,18,21,29,24,25,21,05,29,02,18,16,01,25,24,8,0,0,9,11590300,140,1043100,8035,10600,132750,1500,234763,1100,4469314595,3161156400,1,2021-02-12,H,A,A,B,D,E,F,H,F,G,F,B,H,A,E,D,A,G,F,92
407,19,21,25,26,28,30,31,09,16,31,26,21,28,25,30,19,09,16,1,0,0,9,11974300,140,1077600,7275,12100,130052,1600,236344,1100,5124236005,3265873800,1,2021-02-19,A,E,F,G,G,G,H,H,C,D,H,G,F,G,G,H,E,C,D,180
408,16,18,19,21,29,30,35,14,28,18,35,29,19,16,30,21,14,28,10,0,0,17,6668900,201,789600,8976,10300,143898,1500,239143,1100,5826847840,3435666300,1,2021-02-26,J,D,E,E,F,H,H,I,D,G,E,I,H,E,D,H,F,D,G,168
409,13,15,16,24,30,31,37,12,33,24,31,15,37,13,16,30,12,33,9,2,1000000000,12,9712400,209,780700,9617,9900,149678,1500,250298,1100,4541466095,3531969900,1,2021-03-05,I,D,D,D,F,H,H,I,C,I,F,H,D,I,D,D,H,C,I,166
410,01,02,18,21,26,29,37,09,36,26,29,18,37,21,01,02,09,36,4,0,0,12,9016600,151,1003100,8484,10400,128783,1700,234655,1100,5192036460,3278939700,1,2021-03-12,D,A,A,E,F,G,H,I,C,I,G,H,E,I,F,A,A,C,I,134
411,04,11,12,21,23,27,36,09,14,23,04,11,27,36,21,12,09,14,7,1,1000000000,22,5005100,239,644900,11396,7900,168943,1300,296752,900,4852667870,3336901800,1,2021-03-19,G,A,C,C,F,F,G,I,C,D,F,A,C,G,I,F,C,C,D,134
412,14,20,22,29,31,33,34,15,24,14,22,20,31,34,29,33,24,15,1,0,0,16,6660200,174,857300,9577,9100,139977,1500,230790,1100,5499152315,3229340100,1,2021-03-26,A,D,E,F,H,H,I,I,D,F,D,F,E,H,I,H,I,F,D,183
413,03,10,16,18,19,34,35,27,36,34,18,10,35,19,03,16,36,27,6,1,1000000000,14,8438000,187,884400,9545,10100,155215,1500,270403,1000,5226989110,3579959100,1,2021-04-02,F,A,C,D,E,E,I,I,G,I,I,E,C,I,E,A,D,I,G,135
414,03,08,16,21,25,36,37,14,20,03,16,21,37,25,36,08,14,20,3,1,1000000000,20,5285900,213,694800,9472,9100,143262,1400,233701,1100,4871127215,3203736900,1,2021-04-09,C,A,B,D,F,G,I,I,D,E,A,D,F,I,G,I,B,D,E,146
415,04,08,12,13,23,32,37,16,35,32,12,13,23,37,04,08,35,16,10,6,916445700,17,6169300,200,734100,9672,8900,150747,1400,253869,1000,0,3178312800,1,2021-04-16,J,A,B,C,D,F,H,I,D,I,H,C,D,F,I,A,B,I,D,129
416,08,09,10,15,16,30,31,29,36,16,10,08,15,31,09,30,36,29,10,1,429819100,10,7142100,161,621000,7094,8200,106925,1300,175578,1000,0,2164383300,1,2021-04-23,J,B,C,C,D,D,H,H,H,I,D,C,B,D,H,C,H,I,H,119
417,04,05,13,18,23,27,32,09,11,32,05,18,04,23,27,13,11,09,5,2,209683200,18,3842300,137,706700,7439,7600,102586,1300,186587,900,0,2095938300,1,2021-04-30,E,A,B,D,E,F,G,H,C,C,H,B,E,A,F,G,D,C,C,122
418,10,13,17,18,22,28,37,01,20,37,18,17,13,28,10,22,01,20,8,1,389059300,5,13020600,89,1024000,4923,10800,81754,1600,132113,1200,0,1972908300,1,2021-05-07,H,C,D,E,E,F,G,I,A,E,I,E,E,D,G,C,F,A,E,145
419,03,11,14,21,26,29,34,22,33,21,29,26,14,11,03,34,33,22,2,2,190298900,4,15874700,146,608800,6512,8000,92017,1400,152031,1000,0,1924294200,1,2021-05-14,B,A,C,D,F,G,H,I,F,I,F,H,G,D,C,A,I,I,F,138
420,04,05,11,13,24,32,34,02,03,34,24,32,04,11,13,05,03,02,1,0,0,7,8680800,85,1000800,5018,9900,83656,1400,140942,1000,375095330,1841483400,1,2021-05-21,A,A,B,C,D,F,H,I,A,A,I,F,H,A,C,D,B,A,A,123
421,09,15,18,26,28,32,37,21,36,18,26,37,15,32,28,09,36,21,7,0,0,6,11596300,120,811700,6058,9400,94384,1400,157399,1100,794723940,2108515800,1,2021-05-28,G,C,D,E,G,G,H,I,F,I,E,G,I,D,H,G,C,I,F,165
422,01,09,21,23,30,35,36,05,06,09,01,35,36,21,23,30,05,06,4,0,0,8,9103000,206,494900,7074,8400,97729,1500,173131,1000,1233906425,2206893300,1,2021-06-04,D,A,C,F,F,H,I,I,B,B,C,A,I,I,F,F,H,B,B,155
423,01,07,09,11,29,31,32,02,06,07,29,32,09,11,01,31,06,02,1,2,849866300,11,7015200,122,885500,7194,8800,112047,1300,192350,1000,0,2338539600,1,2021-06-11,A,A,B,C,C,H,H,H,A,B,B,H,H,C,C,A,H,B,A,120
424,05,06,12,19,25,30,35,26,33,05,25,19,12,30,35,06,33,26,6,0,0,17,3807700,144,629300,6349,8300,95292,1300,153959,1000,396864750,1961667000,1,2021-06-18,F,B,B,C,E,G,H,I,G,I,B,G,E,C,H,I,B,I,G,132
425,02,09,14,20,22,34,35,07,24,14,35,09,02,34,22,20,24,07,9,0,0,6,12027500,138,732000,5493,10700,88916,1600,159744,1100,831040900,2186925000,1,2021-06-25,I,A,C,D,E,F,I,I,B,F,D,I,C,A,I,F,E,F,B,136
426,01,02,06,08,30,31,33,13,35,33,01,08,31,02,06,30,35,13,3,1,1000000000,5,16047800,121,928300,5774,11400,104229,1500,176644,1100,316221110,2431597800,1,2021-07-02,C,A,A,B,B,H,H,I,D,I,I,A,B,H,A,B,H,I,D,111
427,11,13,26,27,31,33,37,09,18,33,13,27,37,11,31,26,18,09,10,2,383434200,10,7307100,122,838500,5752,10400,97154,1500,183235,900,0,2214396900,1,2021-07-09,J,C,D,G,G,H,I,I,C,E,I,D,G,I,C,H,G,E,C,178
428,03,06,16,22,31,34,35,24,32,31,35,16,03,34,06,22,24,32,5,0,0,2,30630300,100,857600,4776,10500,78859,1500,134265,1100,372261370,1856466600,1,2021-07-16,E,A,B,D,F,H,I,I,F,H,H,I,D,A,I,B,F,F,H,147
429,06,11,14,27,30,32,35,18,24,35,06,14,11,30,27,32,18,24,10,0,0,15,4534800,132,721400,6151,9000,92298,1400,162590,1000,789467390,2061375600,1,2021-07-23,J,B,C,D,G,H,H,I,E,F,I,B,D,C,H,G,H,E,F,155
430,02,12,17,24,28,30,32,03,27,12,30,02,24,17,28,32,03,27,8,0,0,8,9329400,133,785600,6783,9000,104881,1400,175085,1000,1245188435,2261792100,1,2021-07-30,H,A,C,E,F,G,H,H,A,G,C,H,A,F,E,G,H,A,G,145
431,07,11,12,17,19,20,26,02,03,26,12,19,11,20,17,07,03,02,1,0,0,14,5654000,110,1007400,7134,9100,107170,1400,200427,900,1739327690,2398779900,1,2021-08-06,A,B,C,C,E,E,E,G,A,A,G,C,E,C,E,E,B,A,A,112
432,05,10,13,24,29,30,35,21,31,13,29,05,10,35,30,24,21,31,4,0,0,12,6875000,159,726400,7355,9200,116284,1400,205507,1000,2230422760,2500140600,1,2021-08-13,D,B,C,D,F,H,H,I,F,H,D,H,B,C,I,H,F,F,H,146
433,14,17,20,25,32,33,36,10,34,25,36,14,20,33,17,32,10,34,5,3,924772200,5,18051800,208,607500,7787,9500,115046,1500,186504,1200,0,2735251800,1,2021-08-20,E,D,E,E,G,H,I,I,C,I,G,I,D,E,I,E,H,C,I,177
434,10,11,12,17,29,34,37,26,30,11,29,17,10,37,34,12,30,26,2,1,380539500,10,6231100,116,752000,5217,9800,84556,1400,150152,1000,0,1888310100,1,2021-08-27,B,C,C,C,E,H,I,I,G,H,C,H,E,C,I,I,C,H,G,150
435,03,05,07,11,15,17,25,13,32,25,07,05,03,15,11,17,13,32,9,1,381436800,17,3665700,183,476700,7126,7100,99874,1200,148388,1000,0,1888491600,1,2021-09-03,I,A,B,B,C,D,E,G,D,H,G,B,B,A,D,C,E,D,H,83
436,05,06,21,22,26,31,32,18,36,21,32,05,31,22,06,26,18,36,1,1,369299700,7,8803000,82,1052000,4061,12400,74584,1600,139501,1100,0,1867392600,1,2021-09-10,A,B,B,F,F,G,H,H,E,I,F,H,B,H,F,B,G,E,I,143
437,08,10,14,15,23,25,26,01,11,25,08,15,23,14,10,26,01,11,7,2,179193600,7,8580100,95,885000,4828,10200,80324,1500,146799,1000,0,1820119200,1,2021-09-17,G,B,C,D,D,F,G,G,A,C,G,B,D,F,D,C,G,A,C,121
438,04,13,16,21,32,34,37,27,33,32,21,13,04,37,16,34,27,33,6,2,178941700,7,8440000,197,419800,5374,9000,79677,1500,138136,1000,0,1790403600,1,2021-09-24,F,A,D,D,F,H,I,I,G,I,H,F,D,A,I,D,I,G,I,157
439,01,03,06,09,26,29,31,14,18,26,09,31,01,03,06,29,18,14,3,4,88576400,8,7335600,143,574500,6080,7900,91170,1300,153997,900,0,1778431800,1,2021-10-01,C,A,A,B,C,G,H,H,D,E,G,C,H,A,A,B,H,E,D,105
440,05,10,17,18,19,22,32,14,35,10,19,17,05,22,18,32,35,14,8,0,0,4,14358600,89,903400,4718,9900,78846,1400,134203,1000,354102975,1740523500,1,2021-10-08,H,B,C,E,E,E,F,H,D,I,C,E,E,B,F,E,H,I,D,123
441,15,21,22,23,27,28,37,08,25,21,15,28,23,22,27,37,25,08,10,0,0,8,8588600,103,933800,5503,10200,90085,1500,158968,1000,775975100,2028196500,1,2021-10-15,J,D,F,F,F,G,G,I,B,G,F,D,G,F,F,G,I,G,B,173
442,06,13,14,16,19,30,32,25,36,13,32,06,14,19,30,16,36,25,5,0,0,12,6279000,90,1172000,5564,11100,96830,1500,174526,1000,1241142145,2283392100,1,2021-10-22,E,B,D,D,D,E,H,H,G,I,D,H,B,D,E,H,D,I,G,130
443,01,05,08,26,28,32,36,23,24,32,28,01,05,36,08,26,23,24,7,1,1000000000,9,9471100,108,1104900,6249,11200,109679,1500,206470,1000,758020130,2583165300,1,2021-10-29,G,A,B,B,G,G,H,I,F,F,H,G,A,B,I,B,G,F,F,136
444,11,15,16,17,18,27,29,25,33,18,17,15,27,16,29,11,25,33,9,0,0,19,4101500,130,839200,6843,9300,111162,1400,194994,900,1238948930,2361588000,1,2021-11-05,I,C,D,D,E,E,G,H,G,I,E,E,D,G,D,H,C,G,I,133
445,04,22,25,27,28,30,33,02,03,25,28,33,04,22,30,27,02,03,4,1,1000000000,8,11093600,143,868800,6894,10500,117831,1500,207372,1000,779732175,2689502100,2,2021-11-12,D,A,F,G,G,G,H,I,A,A,G,G,I,A,F,H,G,A,A,169
446,01,07,09,12,15,29,32,11,28,07,29,09,15,01,12,32,28,11,2,1,1000000000,15,5268700,157,704700,7985,8100,120075,1300,212024,900,256204385,2394973800,1,2021-11-19,B,A,B,C,C,D,H,H,C,G,B,H,C,D,A,C,H,G,C,105
447,03,05,08,13,26,30,37,25,28,37,13,08,26,05,03,30,25,28,6,0,0,18,3943200,182,545900,7890,7300,113255,1200,182687,900,695878330,2150948100,1,2021-11-26,F,A,B,B,D,G,H,I,G,G,I,D,B,G,B,A,H,G,G,122
448,07,21,24,29,32,36,37,22,27,36,21,07,29,24,32,37,22,27,2,1,1000000000,8,9756100,127,860300,5855,10900,99083,1500,172637,1100,170579150,2365227600,1,2021-12-03,B,B,F,F,H,H,I,I,F,G,I,F,B,H,F,H,I,F,G,186
449,02,21,26,27,32,33,34,08,09,02,34,32,26,33,21,27,08,09,4,1,591586300,3,23462400,98,1005500,4671,12300,83683,1700,170223,1000,0,2133046200,1,2021-12-10,D,A,F,G,G,H,I,I,B,C,A,I,H,G,I,F,G,B,C,175
450,02,07,12,15,21,23,30,09,31,07,02,15,30,12,21,23,09,31,1,0,0,9,6873400,96,902100,5855,8600,91049,1300,166103,900,376930305,1874670900,1,2021-12-17,A,A,B,C,D,F,F,H,C,H,B,A,D,H,C,F,F,C,H,110
451,02,15,22,25,28,33,37,10,17,33,28,22,37,25,02,15,10,17,9,1,835216700,4,19135200,96,1116200,6319,9900,99065,1500,173320,1100,0,2319533400,1,2021-12-24,I,A,D,F,G,G,I,I,C,E,I,G,F,I,G,A,D,C,E,162
452,05,17,20,21,31,34,35,08,27,31,05,34,35,20,17,21,08,27,5,3,139643300,12,5845400,106,926400,5256,10900,86784,1600,157415,1100,0,2125721100,1,2022-01-07,E,B,E,E,F,H,I,I,B,G,H,B,I,I,E,E,F,B,G,163
453,02,08,10,21,24,26,35,09,13,10,26,24,02,21,08,35,09,13,3,1,392246900,7,9075300,92,966700,5910,8800,84399,1500,158899,900,0,1925169000,1,2022-01-14,C,A,B,C,F,F,G,I,C,D,C,G,F,A,F,B,I,C,D,126
454,08,17,21,26,27,29,31,01,33,08,17,27,21,31,29,26,01,33,8,2,184610500,2,29617300,83,999100,4926,9800,80565,1400,135336,1000,0,1795073100,1,2022-01-21,H,B,E,F,G,G,H,H,A,I,B,E,G,F,H,H,G,A,I,159
455,01,05,08,15,18,26,36,33,34,15,18,08,26,05,36,01,34,33,2,1,358799300,7,8585100,120,701100,5411,9100,84271,1400,135713,1100,0,1821179700,1,2022-01-28,B,A,B,B,D,E,G,I,I,I,D,E,B,G,B,I,A,I,I,109
456,09,15,17,18,22,25,31,33,36,25,22,09,18,31,17,15,33,36,6,0,0,6,9803400,123,669400,5498,8700,84291,1400,143919,1000,351220380,1782524400,1,2022-02-04,F,C,D,E,E,F,G,H,I,I,G,F,C,E,H,E,D,I,I,137
457,07,14,19,27,31,35,36,09,33,27,35,07,19,36,31,14,33,09,9,0,0,4,16901700,156,606700,6114,9000,92737,1400,158458,1000,767606325,2048786100,1,2022-02-11,I,B,D,E,G,H,I,I,C,I,G,I,B,E,I,H,D,I,C,169
458,07,11,12,14,19,21,33,06,37,14,07,11,21,12,33,19,37,06,10,0,0,12,6468500,117,928800,7029,9000,109832,1400,188961,1000,1233867515,2352310200,1,2022-02-18,J,B,C,C,D,E,F,I,B,I,D,B,C,F,C,I,E,I,B,117
459,02,04,07,08,10,20,29,14,33,04,07,20,08,29,02,10,14,33,3,2,876605800,10,8363400,230,509000,8888,7700,124348,1300,190387,1000,0,2534500500,1,2022-02-25,C,A,A,B,B,C,E,H,D,I,A,B,E,B,H,A,C,D,I,80
460,05,06,09,23,27,28,30,04,13,23,27,28,09,06,30,05,13,04,1,2,185574900,13,4563200,148,561100,6069,8000,94014,1200,167614,800,0,1797720600,1,2022-03-04,A,B,B,C,F,G,G,H,A,D,F,G,G,C,B,H,B,D,A,128
461,02,13,19,22,32,35,37,14,33,32,19,22,35,02,13,37,33,14,7,0,0,3,19282900,83,975700,4496,10500,74309,1500,128410,1100,350130755,1753077900,1,2022-03-11,G,A,D,E,F,H,I,I,D,I,H,E,F,I,A,D,I,I,D,160
462,07,11,24,27,29,34,35,04,18,29,34,35,11,24,07,27,04,18,4,0,0,6,11907300,133,752000,6434,9100,103904,1300,189153,900,789093935,2165078400,1,2022-03-18,D,B,C,F,G,H,I,I,A,E,H,I,I,C,F,B,G,A,E,167
463,03,07,13,16,19,24,30,06,10,16,07,24,19,30,13,03,10,06,5,1,1000000000,8,9731500,154,707700,7118,8900,111334,1400,188197,1000,256511440,2359266900,1,2022-03-25,E,A,B,D,D,E,F,H,B,C,D,B,F,E,H,D,A,C,B,112
464,07,08,13,17,30,32,36,01,10,07,32,30,17,08,36,13,01,10,1,0,0,8,9548700,117,914000,5875,10600,102330,1500,174414,1000,724731120,2314958400,1,2022-04-01,A,B,B,D,E,H,H,I,A,C,B,H,H,E,B,I,D,A,C,143
465,01,04,05,13,27,31,35,15,22,31,13,04,35,05,01,27,15,22,2,2,612005700,13,6252400,142,801300,7444,8900,116902,1400,204646,900,0,2463204300,1,2022-04-08,B,A,A,B,D,G,H,I,D,F,H,D,A,I,B,A,G,D,F,116
466,05,06,08,14,15,25,29,18,33,05,08,06,15,29,14,25,18,33,6,1,371149000,8,7481800,128,654600,5359,9100,88609,1300,152760,900,0,1813855200,1,2022-04-15,F,B,B,B,D,D,G,H,E,I,B,B,B,D,H,D,G,E,I,102
467,07,08,11,13,14,26,30,31,34,26,30,14,13,08,07,11,31,34,8,1,363023100,6,9705400,179,455400,6731,7100,99161,1100,149425,900,0,1764715200,1,2022-04-22,H,B,B,C,D,D,G,H,H,I,G,H,D,D,B,B,C,H,I,109
468,03,12,15,16,25,29,37,26,28,25,03,29,16,37,15,12,26,28,7,0,0,5,11266000,98,804600,4877,9400,77645,1400,132332,1000,346112810,1707049800,1,2022-04-29,G,A,C,D,D,G,H,I,G,G,G,A,H,D,I,D,C,G,G,137
469,01,06,08,13,16,30,33,23,28,08,30,01,33,06,16,13,23,28,9,1,766258900,13,5286800,131,734400,5855,9600,93468,1400,165111,1000,0,2082789300,1,2022-05-06,I,A,B,B,D,D,H,I,F,G,B,H,A,I,B,D,D,F,G,107
470,02,03,09,16,27,32,36,01,34,02,27,32,03,16,36,09,34,01,10,0,0,6,9324200,112,699300,5344,8500,81283,1300,120313,1100,345223985,1695393300,1,2022-05-13,J,A,A,C,D,G,H,I,A,I,A,G,H,A,D,I,C,I,A,125
471,03,05,07,08,11,19,34,17,32,03,08,19,07,34,11,05,17,32,3,3,261527700,11,6397500,187,526800,8192,7000,121220,1100,178602,900,0,2132602500,1,2022-05-20,C,A,B,B,B,C,E,I,E,H,A,B,E,B,I,C,B,E,H,87
472,05,07,08,32,33,34,36,04,06,08,33,34,07,36,32,05,06,04,7,0,0,14,4049300,82,967800,4297,10800,75806,1500,129676,1000,347257105,1717998900,1,2022-05-27,G,B,B,B,H,I,I,I,A,B,B,I,I,B,I,H,B,B,A,155
473,06,11,21,24,28,33,37,08,27,37,28,06,24,11,21,33,27,08,4,0,0,11,6335900,142,687100,5725,9900,93098,1500,172867,1000,761236930,2112076500,1,2022-06-03,D,B,C,F,F,G,I,I,B,G,I,G,B,F,C,F,I,G,B,160
474,03,17,19,21,24,32,34,27,28,17,34,03,32,24,21,19,28,27,5,0,0,12,6815000,130,880700,6755,9900,106983,1500,194233,1000,1258629865,2478324300,1,2022-06-10,E,A,E,E,F,F,H,I,G,G,E,I,A,H,F,F,E,G,G,150
475,01,02,22,24,26,31,37,12,19,24,37,26,01,31,22,02,19,12,9,0,0,5,18160100,114,1115000,6213,12000,107193,1700,203328,1100,1798521465,2751660000,1,2022-06-17,I,A,A,F,F,G,H,I,C,E,F,I,G,A,H,F,A,E,C,143
476,04,07,09,15,22,24,31,21,37,24,09,07,31,04,22,15,37,21,2,1,1000000000,10,9773300,244,560700,10292,7700,152643,1200,230108,1000,1404246345,2961770400,1,2022-06-24,B,A,B,C,D,F,F,H,F,I,F,C,B,H,A,F,D,I,F,112
477,02,05,09,19,25,32,37,07,29,09,19,02,32,25,37,05,29,07,8,0,0,12,7454500,157,797600,7914,9200,120998,1500,221337,1000,1933822255,2710879800,1,2022-07-01,H,A,B,C,E,G,H,I,B,H,C,E,A,H,G,I,B,H,B,129
478,06,08,11,13,16,20,32,12,34,13,08,16,11,20,06,32,34,12,1,0,0,12,7921900,156,853100,7836,9900,130318,1400,216219,1000,2525811230,2880835500,1,2022-07-08,A,B,B,C,D,D,E,H,C,I,D,B,D,C,E,B,H,I,C,106
479,08,11,13,18,24,30,31,21,23,11,24,30,13,18,08,31,21,23,5,1,1000000000,11,8936600,219,628400,9962,8100,149706,1300,240651,1000,2114492070,2979031200,2,2022-07-15,E,B,C,D,E,F,H,H,F,F,C,F,H,D,E,B,H,F,F,135
480,10,13,19,21,26,30,36,22,34,30,36,10,19,26,13,21,22,34,6,0,0,9,10318300,155,838700,7296,10400,119253,1500,200243,1100,2683003435,2814221700,1,2022-07-22,F,C,D,E,F,G,H,I,F,I,H,I,C,E,G,D,F,F,I,155
481,01,10,13,14,16,25,27,05,21,01,25,10,14,16,27,13,05,21,6,0,0,6,16151700,118,1149700,6897,11500,118307,1600,216994,1100,3264697670,2936820300,1,2022-07-29,F,A,C,D,D,D,G,G,B,F,A,G,C,D,D,G,D,B,F,106
482,02,05,14,15,17,19,36,08,34,15,02,36,05,17,19,14,08,34,9,1,1000000000,9,11429800,118,1220400,7589,11100,130819,1500,247403,1000,2892776345,3117385500,1,2022-08-05,I,A,B,D,D,E,E,I,B,I,D,A,I,B,E,E,D,B,I,108
483,02,11,20,23,25,36,37,29,34,02,37,25,20,36,11,23,34,29,10,1,1000000000,8,11551300,129,1002800,6841,11000,111896,1600,190202,1200,2448680740,2800451100,1,2022-08-12,J,A,C,E,F,G,I,I,H,I,A,I,G,E,I,C,F,I,H,154
484,01,04,06,09,13,22,31,29,30,01,31,22,09,06,13,04,30,29,3,2,1000000000,13,7291500,229,579400,9708,8000,143522,1300,233469,1000,1016148635,2872559100,1,2022-08-19,C,A,A,B,C,D,F,H,H,H,A,H,F,C,B,D,A,H,H,86
485,04,06,17,20,22,24,26,08,09,20,22,26,06,04,17,24,09,08,7,0,0,21,4232800,154,808000,7126,10200,113588,1500,231428,900,1563657040,2693736900,1,2022-08-26,G,A,B,E,E,F,F,G,B,C,E,F,G,B,A,E,F,C,B,119
486,08,13,15,23,24,31,35,14,19,13,31,35,23,15,08,24,19,14,4,2,1000000000,13,7019100,243,525700,10476,7100,153072,1200,226244,1000,104712900,2765242800,1,2022-09-02,D,B,D,D,F,F,H,I,D,E,D,H,I,F,D,B,F,E,D,149
487,09,10,13,15,26,34,37,22,36,26,09,34,13,37,15,10,22,36,8,1,552858100,12,6097800,154,665200,7044,8500,104051,1400,168573,1000,0,2217506700,2,2022-09-09,H,C,C,D,D,G,I,I,F,I,G,C,I,D,I,D,C,F,I,144
488,03,13,16,18,19,20,35,02,11,35,18,20,03,13,19,16,11,02,2,1,383488500,4,15564800,75,1162100,4222,12100,70925,1700,131335,1100,0,1886738700,1,2022-09-16,B,A,D,D,E,E,E,I,A,C,I,E,E,A,D,E,D,C,A,124
489,03,06,07,15,25,29,31,08,14,15,06,31,29,25,07,03,08,14,7,1,354131100,12,4843000,109,746400,5679,8400,86726,1300,153879,900,0,1761207300,1,2022-09-23,G,A,B,B,D,G,H,H,B,D,D,B,H,H,G,B,A,B,D,116
490,12,14,18,21,23,29,37,07,15,18,12,23,29,14,21,37,15,07,5,0,0,4,14892600,95,877800,4529,10800,73211,1600,139579,1000,363773865,1805255700,1,2022-09-30,E,C,D,E,F,F,H,I,B,D,E,C,F,H,D,F,I,D,B,154
491,03,14,17,21,22,32,35,06,30,14,03,35,32,21,17,22,30,06,6,1,773648000,5,13627400,122,781800,5856,9500,88701,1500,151919,1100,0,2064855900,1,2022-10-07,F,A,D,E,F,F,H,I,B,H,D,A,I,H,F,E,F,H,B,144
492,07,10,12,15,23,31,37,09,18,31,23,07,37,10,12,15,09,18,9,1,366686800,9,6535600,161,511400,6354,7600,92253,1200,150333,900,0,1782525300,1,2022-10-14,I,B,C,C,D,F,H,I,C,E,H,F,B,I,C,C,D,C,E,135
493,05,13,14,20,21,25,31,09,36,31,05,14,20,13,25,21,09,36,2,0,0,6,9748200,79,1036500,4497,10600,75308,1500,134491,1000,362128220,1772493600,1,2022-10-21,B,B,D,D,E,F,G,H,C,I,H,B,D,E,D,G,F,C,I,129
494,07,09,12,22,28,29,32,17,19,09,29,07,12,28,22,32,17,19,1,2,395981700,12,5907500,114,870500,6941,8300,102791,1300,175537,1000,0,2148306300,1,2022-10-28,A,B,C,C,F,G,H,H,E,E,C,H,B,C,G,F,H,E,E,139
495,02,16,19,20,22,33,36,06,32,19,36,02,33,16,22,20,32,06,3,0,0,8,7412400,91,912200,4588,10600,72963,1600,124363,1100,364184980,1797038400,1,2022-11-04,C,A,D,E,E,F,I,I,B,H,E,I,A,I,D,F,E,H,B,148
496,05,08,15,18,25,27,36,10,26,27,36,08,25,15,18,05,26,10,4,2,405079800,11,6668400,167,614900,7528,8000,109915,1300,175299,1000,0,2222906400,1,2022-11-11,D,B,B,D,E,G,G,I,C,G,G,I,B,G,D,E,B,G,C,134
497,18,20,24,26,27,30,33,17,19,30,20,27,26,24,18,33,19,17,10,0,0,5,11694000,66,1240200,3980,12000,69262,1700,125092,1100,353930960,1771912800,1,2022-11-18,J,E,E,F,G,G,H,I,E,E,H,E,G,G,F,E,I,E,E,178
498,06,08,12,20,21,24,29,04,18,29,06,12,21,08,24,20,18,04,6,0,0,10,7047300,129,764800,6769,8500,99491,1400,176414,900,790251330,2135664600,1,2022-11-25,F,B,B,C,E,F,F,H,A,E,H,B,C,F,B,F,E,E,A,120
499,05,09,14,18,27,32,34,06,12,18,32,27,09,05,34,14,06,12,8,0,0,16,4829400,221,489400,8096,7800,111022,1400,181916,1000,1258068270,2341645200,1,2022-12-02,H,B,C,D,E,G,H,I,B,C,E,H,G,C,B,I,D,B,C,139
500,17,18,24,30,31,32,35,06,36,24,18,35,30,31,32,17,06,36,5,0,0,15,5579300,152,770800,6824,10000,110163,1500,190311,1000,1774703030,2536180800,1,2022-12-09,E,E,E,F,H,H,H,I,B,I,F,E,I,H,H,H,E,B,I,187
501,01,02,04,07,12,14,31,30,33,07,01,12,02,04,31,14,30,33,1,1,1000000000,6,15919600,218,613400,9286,8400,141492,1300,215790,1100,1348731375,2894618100,1,2022-12-16,A,A,A,A,B,C,D,H,H,I,B,A,C,A,A,H,D,H,I,71
502,01,02,12,17,21,22,33,04,30,17,21,12,02,22,33,01,04,30,9,0,0,3,30444100,150,852400,7626,9800,119205,1500,208484,1000,1913011705,2767775400,1,2022-12-23,I,A,A,C,E,F,F,I,A,H,E,F,C,A,F,I,A,A,H,108
503,05,07,08,13,23,26,33,31,37,23,33,07,26,13,08,05,31,37,2,0,0,18,5592500,208,677500,10395,7900,161047,1200,257833,900,2536777440,3050616300,1,2022-12-30,B,B,B,B,D,F,G,I,H,I,F,I,B,G,D,B,B,H,I,115
504,01,03,04,05,06,29,31,11,14,04,05,06,01,31,29,03,11,14,7,1,1000000000,13,7371600,217,618200,11701,6700,141326,1300,258873,900,2118551250,2904133800,1,2023-01-06,G,A,A,A,B,B,H,H,C,D,A,B,B,A,H,H,A,C,D,79
505,09,10,12,15,16,28,36,01,23,10,09,28,12,16,36,15,23,01,3,0,0,12,8258600,275,504500,11204,7200,154200,1300,245688,1000,2705376860,3003295800,1,2023-01-13,C,C,C,C,D,D,G,I,A,F,C,C,G,C,D,I,D,F,A,126
506,08,14,19,22,29,31,37,03,21,19,31,08,22,14,37,29,21,03,4,2,1000000000,12,8445600,222,639100,10164,8100,147222,1300,246924,1000,1323589725,3071291700,1,2023-01-20,D,B,D,E,F,H,H,I,A,F,E,H,B,F,D,I,H,F,A,160
507,04,19,25,26,30,32,36,01,15,36,30,25,04,19,26,32,01,15,6,1,1000000000,7,12331700,138,875700,6430,11000,108277,1600,184832,1100,846306770,2615942100,1,2023-01-27,F,A,E,G,G,H,H,I,A,D,I,H,G,A,E,G,H,A,D,172
508,01,05,06,09,16,26,31,25,33,31,09,05,16,26,01,06,25,33,2,1,1000000000,7,11909300,179,652000,8638,7900,121633,1300,192948,1000,363778090,2526345600,1,2023-02-03,B,A,B,B,C,D,G,H,G,I,H,C,B,D,G,A,B,G,I,94
509,10,14,22,26,27,32,33,20,37,22,32,14,27,10,33,26,20,37,10,0,0,3,23900300,105,955900,5911,9900,92429,1500,146055,1200,797065930,2172859200,1,2023-02-10,J,C,D,F,G,G,H,I,E,I,F,H,D,G,C,I,G,E,I,164
510,03,05,09,11,17,33,37,04,22,09,05,37,11,33,03,17,22,04,5,0,0,9,8723400,200,549500,8931,7200,123907,1200,202126,900,1284408195,2379239700,1,2023-02-17,E,A,B,C,C,E,I,I,A,F,C,B,I,C,I,A,E,F,A,115
511,01,09,14,24,28,36,37,16,31,28,24,14,09,36,01,37,16,31,8,0,0,7,11814000,129,897400,6226,10900,103546,1600,184705,1100,1776990695,2506128000,2,2023-02-24,H,A,C,D,F,G,I,I,D,H,G,F,D,C,I,A,I,D,H,149
512,05,07,17,22,25,26,28,03,23,26,22,28,07,05,25,17,03,23,1,1,1000000000,12,7355400,131,943200,7212,10000,123047,1400,219819,1000,1304641875,2674844400,1,2023-03-03,A,B,B,E,F,G,G,G,A,F,G,F,G,B,B,G,E,A,F,130
513,01,04,10,13,15,19,37,16,20,04,01,19,10,13,15,37,16,20,9,0,0,11,7467800,138,833300,7276,9200,108546,1500,170255,1200,1793659590,2489384700,1,2023-03-10,I,A,A,C,D,D,E,I,D,E,A,A,E,C,D,D,I,D,E,99
514,01,05,10,17,20,27,37,03,22,05,20,37,27,01,10,17,03,22,5,1,1000000000,9,9414800,184,644600,8052,8600,114858,1400,208867,1000,1306911980,2567794200,1,2023-03-17,E,A,B,C,E,E,G,I,A,F,B,E,I,G,A,C,E,A,F,117
515,03,15,17,22,26,27,28,06,08,15,27,17,03,22,28,26,08,06,7,0,0,15,5921900,141,881900,8542,8500,129985,1300,241648,900,1846022580,2691906000,1,2023-03-24,G,A,D,E,F,G,G,G,B,B,D,G,E,A,F,G,G,B,B,138
516,07,12,15,16,18,25,36,09,19,15,12,07,16,18,36,25,19,09,3,2,1000000000,10,8722600,136,897900,8037,8900,128293,1300,215501,1000,372374340,2643340800,1,2023-03-31,C,B,C,D,D,E,G,I,C,E,D,C,B,D,E,I,G,E,C,129
517,03,06,10,16,26,29,31,07,24,16,26,06,03,10,31,29,24,07,6,0,0,8,9170800,147,698700,6834,8800,101882,1400,180354,1000,813677235,2223347100,1,2023-04-07,F,A,B,C,D,G,H,H,B,F,D,G,B,A,C,H,H,F,B,121
518,05,08,11,24,30,32,36,04,35,11,36,30,08,24,05,32,04,35,4,1,1000000000,9,8971200,260,434700,9685,6800,133741,1200,210513,900,305177955,2446827600,1,2023-04-14,D,B,B,C,F,H,H,I,A,I,C,I,H,B,F,B,H,A,I,146
519,01,02,08,14,17,21,34,20,26,02,08,14,34,01,17,21,20,26,1,0,0,13,5643900,122,841900,6866,8700,103914,1400,164126,1100,743906085,2223473400,1,2023-04-21,A,A,A,B,D,E,F,I,E,G,A,B,D,I,A,E,F,E,G,97
520,09,22,25,28,33,34,37,15,16,09,25,28,22,37,33,34,16,15,2,1,1000000000,22,3698400,165,690300,7403,9000,112026,1400,202352,1000,232407180,2465735100,1,2023-04-28,B,C,F,G,G,I,I,I,D,D,C,G,G,F,I,I,I,D,D,188
521,21,24,25,27,30,33,36,03,31,21,36,30,27,33,25,24,31,03,10,1,638520100,8,8456400,135,701500,5258,10500,80122,1700,147891,1100,0,2050140300,1,2023-05-05,J,F,F,G,G,H,I,I,A,H,F,I,H,G,I,G,F,H,A,196
522,01,10,12,19,22,25,37,02,34,37,01,22,25,19,10,12,02,34,8,0,0,10,6067800,127,668800,5525,9000,83782,1400,134880,1100,366464655,1838817900,1,2023-05-12,H,A,C,C,E,F,G,I,A,I,I,A,F,G,E,C,C,A,I,126
523,03,17,19,27,28,32,35,02,34,19,35,03,27,17,32,28,02,34,9,0,0,6,11262000,127,744800,6025,9200,94864,1400,145968,1100,776983410,2047743900,1,2023-05-19,I,A,E,E,G,G,H,I,A,I,E,I,A,G,E,H,G,A,I,161
524,04,17,22,27,29,31,34,03,37,04,34,31,27,17,29,22,03,37,7,1,1000000000,11,6798900,140,747800,7028,8700,106455,1400,187891,900,238111585,2266423500,1,2023-05-26,G,A,E,F,G,H,H,I,A,I,A,I,H,G,E,H,F,A,I,164
525,11,14,17,18,21,25,31,01,27,25,17,21,11,18,14,31,01,27,3,0,0,7,9544900,94,995000,5118,10700,85778,1500,154759,1000,650728380,2024777100,1,2023-06-02,C,C,D,E,E,F,G,H,A,G,G,E,F,C,E,D,H,A,G,137
526,04,13,17,19,20,26,29,02,28,04,29,26,20,13,17,19,28,02,10,0,0,10,7403300,115,901200,5873,10300,96844,1500,164817,1100,1095600170,2243554200,1,2023-06-09,J,A,D,E,E,E,G,H,A,G,A,H,G,E,D,E,E,G,A,128
527,04,08,12,25,27,32,34,15,17,34,27,12,32,08,25,04,17,15,3,0,0,20,3983900,188,593300,7580,8600,116209,1300,205886,900,1589401330,2414614800,1,2023-06-16,C,A,B,C,G,G,H,I,D,E,I,G,C,H,B,G,A,E,D,142
528,05,07,10,19,30,32,33,01,17,33,07,05,19,30,32,10,17,01,5,1,1000000000,12,7076600,147,808700,6753,10300,113489,1500,202552,1000,1101315455,2573452500,1,2023-06-23,E,B,B,C,E,H,H,I,A,E,I,B,B,E,H,H,C,E,A,136
529,07,09,13,14,22,26,29,10,21,13,07,14,22,26,29,09,21,10,4,0,0,6,13577000,195,584800,8405,7900,124745,1300,194268,1000,1593884710,2468673900,1,2023-06-30,D,B,C,D,D,F,G,H,C,F,D,B,D,F,G,H,C,F,C,120
530,01,11,13,28,29,30,34,23,27,13,01,28,11,30,34,29,27,23,6,2,1000000000,9,9467200,114,1046300,6398,10900,105288,1600,193759,1000,119381960,2582085000,1,2023-07-07,F,A,C,D,G,H,H,I,F,G,D,A,G,C,H,I,H,G,F,146
531,04,06,09,11,14,28,30,10,12,09,28,11,06,30,14,04,10,12,1,0,0,15,4506500,188,503300,7243,7600,102958,1300,180894,900,527312195,2048544300,2,2023-07-14,A,A,B,C,C,D,G,H,C,C,C,G,C,B,H,D,A,C,C,102
532,04,09,13,18,26,28,36,08,16,18,28,13,36,09,04,26,16,08,2,3,321126500,10,7103000,154,645700,7151,8100,103172,1300,170061,1000,0,2152539600,1,2023-07-21,B,A,C,D,E,G,G,I,B,D,E,G,D,I,C,A,G,D,B,134
533,02,04,09,11,14,25,37,29,32,02,11,04,25,37,09,14,32,29,7,0,0,7,8311900,126,646400,5849,8100,87880,1300,138522,1000,353679775,1763227500,1,2023-07-28,G,A,A,C,C,D,G,I,H,H,A,C,A,G,I,C,D,H,H,102
534,10,17,18,19,20,24,25,30,32,17,10,25,20,24,18,19,30,32,8,0,0,20,3650500,94,1087300,5334,11200,87257,1600,159883,1100,798902130,2212581900,1,2023-08-04,H,C,E,E,E,E,F,G,H,H,E,C,G,E,F,E,E,H,H,133
535,05,11,12,19,29,32,36,09,26,19,12,32,29,05,11,36,09,26,5,0,0,12,6008000,145,696000,6372,9200,101038,1400,186976,900,1240705000,2184828600,1,2023-08-11,E,B,C,C,E,H,H,I,C,G,E,C,H,H,B,C,I,C,G,144
536,08,12,16,17,22,28,34,09,37,12,16,17,28,34,22,08,37,09,9,1,1000000000,14,5789500,263,431400,7787,8500,118669,1300,196925,1000,734146400,2456304000,1,2023-08-18,I,B,C,D,E,F,G,I,C,I,C,D,E,G,I,F,B,I,C,137
537,02,03,09,13,14,35,37,04,17,02,09,37,35,14,13,03,17,04,3,2,591245200,10,7528900,118,893200,5834,10500,101012,1500,184920,1000,0,2281612800,1,2023-08-25,C,A,A,C,D,D,I,I,A,E,A,C,I,I,D,D,A,E,A,113
538,01,02,11,12,16,25,28,06,22,16,01,11,12,28,25,02,22,06,6,0,0,14,4363900,137,624300,6204,8000,91770,1300,152580,1000,365023765,1851467700,1,2023-09-01,F,A,A,C,C,D,G,G,B,F,D,A,C,C,G,G,A,F,B,95
539,04,06,08,18,20,27,35,24,26,06,04,35,08,20,27,18,24,26,10,0,0,11,6340000,130,751000,6110,9300,95689,1400,169636,1000,788274925,2113432800,1,2023-09-08,J,A,B,B,E,E,G,I,F,G,B,A,I,B,E,G,E,F,G,118
540,03,07,10,18,19,28,36,13,26,10,18,07,19,36,28,03,13,26,4,1,1000000000,8,9351500,208,503500,8111,7500,118372,1200,191843,900,253416760,2267154300,1,2023-09-15,D,A,B,C,E,E,G,I,D,G,C,E,B,E,I,G,A,D,G,121
541,06,14,23,25,27,28,34,19,37,06,25,27,23,34,28,14,19,37,1,3,214363900,5,13141400,118,779500,5478,9800,87354,1500,149062,1100,0,1991214900,1,2023-09-22,A,B,D,F,G,G,G,I,E,I,B,G,G,F,I,G,D,E,I,157
542,02,09,26,31,33,35,36,15,20,35,33,02,26,31,36,09,15,20,8,0,0,6,9690100,57,1427900,3951,12000,71166,1600,136784,1000,355270600,1761918000,1,2023-09-29,H,A,C,G,H,I,I,I,D,E,I,I,A,G,H,I,C,D,E,172
543,02,11,13,18,23,24,36,17,26,23,24,13,18,02,36,11,17,26,2,0,0,6,11490200,128,754000,6228,9000,96296,1400,160064,1000,779041445,2089232100,1,2023-10-06,B,A,C,D,E,F,F,I,E,G,F,F,D,E,A,I,C,E,G,127
544,10,11,18,21,22,29,34,04,32,21,18,10,11,29,34,22,04,32,9,0,0,10,7362700,127,811600,6507,9200,101005,1400,178633,1000,1226494485,2231239200,1,2023-10-13,I,C,C,E,F,F,H,I,A,H,F,E,C,C,H,I,F,A,H,145
545,03,12,16,17,27,30,34,15,37,17,16,27,12,30,34,03,15,37,5,0,0,14,5862500,162,709200,7548,8900,115393,1400,192578,1000,1727480875,2487238200,1,2023-10-20,E,A,C,D,E,G,H,I,D,I,E,D,G,C,H,I,A,D,I,139
546,07,14,17,28,33,35,36,13,27,14,07,17,35,28,33,36,13,27,7,1,1000000000,24,3629800,216,564600,9142,7800,130819,1300,230481,900,1257626450,2640043500,1,2023-10-27,G,B,D,E,G,I,I,I,D,G,D,B,E,I,G,I,I,D,G,170
547,04,11,14,18,23,25,29,17,32,23,25,14,18,29,11,04,17,32,1,2,875502100,20,3981200,145,768700,8399,7700,124447,1200,208190,900,0,2412984600,1,2023-11-03,A,A,C,D,E,F,G,H,E,H,F,G,D,E,H,C,A,E,H,124
548,01,13,16,17,18,25,30,20,34,18,30,01,25,16,13,17,34,20,1,0,0,2,30060800,85,990200,4195,11700,74141,1600,123770,1200,359358250,1821951000,2,2023-11-10,A,A,D,D,E,E,G,H,E,I,E,H,A,G,D,D,E,I,E,120
549,13,19,20,28,33,34,35,04,32,20,28,19,34,35,33,13,32,04,3,1,780388600,7,9876200,81,1194800,4913,11500,83442,1600,150753,1100,0,2095061400,1,2023-11-17,C,D,E,E,G,I,I,I,A,H,E,G,E,I,I,I,D,H,A,182
550,07,08,13,22,24,29,30,10,35,13,24,22,07,30,29,08,35,10,6,1,355939600,6,9698900,107,761300,5318,8900,85450,1300,139581,1000,0,1763529600,1,2023-11-24,F,B,B,D,F,F,H,H,C,I,D,F,F,B,H,H,B,I,C,133
551,15,16,17,22,29,32,37,23,24,22,16,37,29,17,15,32,24,23,4,1,360740200,14,4153100,98,830600,4376,10900,74056,1500,133852,1000,0,1762037400,1,2023-12-01,D,D,D,E,F,H,H,I,F,F,F,D,I,H,E,D,H,F,F,168
552,07,11,12,16,18,33,34,01,14,07,12,33,34,18,16,11,01,14,10,1,366833400,6,9987700,91,921900,5089,9600,84631,1400,139227,1000,0,1816038600,1,2023-12-08,J,B,C,C,D,E,I,I,A,D,B,C,I,I,E,D,C,A,D,131
553,02,06,13,15,16,20,33,09,28,02,06,33,20,13,16,15,28,09,8,0,0,6,9757600,110,745100,4101,11700,68147,1700,137167,1000,356888310,1774207800,1,2023-12-15,H,A,B,D,D,D,E,I,C,G,A,B,I,E,D,D,D,G,C,105
554,04,10,15,17,29,32,36,13,30,17,15,04,29,10,36,32,30,13,5,1,792744800,12,6025600,191,529900,7069,8400,103729,1400,172086,1000,0,2191246200,1,2023-12-22,E,A,C,D,E,H,H,I,D,H,E,D,A,H,C,I,H,H,D,143
555,09,12,17,19,26,32,34,11,22,19,12,32,09,17,34,26,11,22,6,0,0,8,7828000,108,811700,5749,8900,87701,1400,152455,1000,377317740,1897795200,1,2023-12-29,F,C,C,E,E,G,H,I,C,F,E,C,H,C,E,I,G,C,F,149
556,17,20,26,28,29,33,35,01,06,29,20,33,28,26,17,35,06,01,2,0,0,4,14527600,84,968400,4436,10700,72365,1600,122241,1100,732601355,1761008700,1,2024-01-05,B,E,E,G,G,H,I,I,A,B,H,E,I,G,G,E,I,B,A,188
557,03,05,07,10,17,18,35,02,21,18,10,05,17,35,03,07,02,21,7,1,1000000000,14,5228100,146,701800,6976,8600,110129,1300,180274,1000,171654495,2218099200,1,2024-01-12,G,A,B,B,C,E,E,I,A,F,E,C,B,E,I,A,B,A,F,95
558,15,20,21,22,23,26,34,06,10,15,34,23,21,26,20,22,06,10,8,0,0,7,9408900,86,1072100,4835,11100,80066,1600,138145,1100,578024470,1995925500,1,2024-01-19,H,D,E,F,F,F,G,I,B,C,D,I,F,F,G,E,F,B,C,161
559,03,04,10,13,15,18,22,02,16,10,03,15,04,18,13,22,02,16,9,0,0,13,5473800,134,743400,6251,9300,100486,1400,162847,1000,1015997335,2156465700,1,2024-01-26,I,A,A,C,D,D,E,F,A,D,C,A,D,A,E,D,F,A,D,85
560,03,20,29,32,33,34,35,02,24,29,35,32,03,20,34,33,02,24,1,0,0,8,10266300,148,776800,6031,11100,98805,1600,166341,1200,1514273370,2488920300,1,2024-02-02,A,A,E,H,H,I,I,I,A,F,H,I,H,A,E,I,I,A,F,186
561,06,08,19,20,27,32,37,13,33,19,37,06,20,27,32,08,13,33,3,1,1000000000,8,10820000,127,954100,6394,11100,108253,1600,188802,1100,1035102155,2623155300,2,2024-02-09,C,B,B,E,E,G,H,I,D,I,E,I,B,E,G,H,B,D,I,149
562,02,14,15,20,28,30,34,03,04,28,20,30,14,02,15,34,03,04,4,0,0,11,7384100,120,947600,5777,11500,98816,1600,180288,1100,1524980265,2461495800,1,2024-02-16,D,A,D,D,E,G,H,I,A,A,G,E,H,D,A,D,I,A,A,143
563,01,04,06,14,16,19,31,12,18,01,16,31,19,04,14,06,18,12,5,0,0,8,10311600,159,726300,6606,10200,105711,1500,186298,1100,2021090665,2499912000,1,2024-02-23,E,A,A,B,D,D,E,H,C,E,A,D,H,E,A,D,B,E,C,91
564,09,13,15,18,22,24,30,06,27,09,24,22,13,18,15,30,27,06,10,1,1000000000,24,3852600,210,616400,9438,8000,145843,1200,233839,900,1599136785,2802051600,1,2024-03-01,J,C,D,D,E,F,F,H,B,G,C,F,F,D,E,D,H,G,B,131
565,03,06,09,11,19,30,36,01,33,06,19,36,11,30,03,09,01,33,6,2,1000000000,35,2424200,211,562900,9469,7300,130014,1300,207730,1000,106747050,2571335700,1,2024-03-08,F,A,B,C,C,E,H,I,A,I,B,E,I,C,H,A,C,A,I,114
566,03,05,18,25,28,35,37,07,08,03,28,18,25,37,35,05,08,07,2,1,537618600,8,8900300,154,647200,6517,8900,96769,1400,195295,900,0,2157747000,1,2024-03-15,B,A,B,E,G,G,I,I,B,B,A,G,E,G,I,I,B,B,B,151
567,06,08,16,18,19,34,37,15,30,08,16,19,37,18,34,06,30,15,9,0,0,4,14460300,93,870700,4514,10500,74726,1500,127866,1100,349829715,1752854700,1,2024-03-22,I,B,B,D,E,E,I,I,D,H,B,D,E,I,E,I,B,H,D,138
568,08,18,20,29,30,33,34,05,23,29,08,18,34,20,30,33,23,05,10,0,0,7,9873200,131,738500,5684,9900,91484,1500,154541,1100,762967010,2094413100,1,2024-03-29,J,B,E,E,H,H,I,I,B,F,H,B,E,I,E,H,I,F,B,172
569,12,15,17,22,30,34,35,05,09,30,35,22,17,34,15,12,09,05,3,0,0,10,7651000,125,856900,5759,10900,99219,1500,194120,900,1236414000,2318620200,1,2024-04-05,C,C,D,E,F,H,I,I,B,C,H,I,F,E,I,D,C,C,B,165
570,01,03,09,12,25,26,35,29,31,03,26,12,25,09,01,35,31,29,1,2,869044700,10,8201300,271,423600,7496,8900,116111,1400,190659,1000,0,2485362000,1,2024-04-12,A,A,A,C,C,G,G,I,H,H,A,G,C,G,C,A,I,H,H,111
571,13,26,27,29,30,34,37,02,23,26,13,27,29,37,34,30,02,23,2,0,0,4,14767000,90,918800,4415,10900,75152,1500,122724,1200,355631760,1790026800,1,2024-04-19,B,D,G,G,H,H,I,I,A,F,G,D,G,H,I,I,H,A,F,196
572,01,02,04,19,21,26,28,03,25,21,04,19,01,26,02,28,25,03,7,0,0,2,34481400,99,975200,5026,11200,89528,1500,156133,1100,768241650,2089882200,1,2024-04-26,G,A,A,A,E,F,G,G,A,G,F,A,E,A,G,A,G,G,A,101
573,11,12,18,19,23,26,31,15,25,11,31,23,19,12,26,18,25,15,5,0,0,5,14263100,145,688500,6395,9100,100437,1400,172979,1000,1197840385,2161182300,1,2024-05-03,E,C,C,E,E,F,G,H,D,G,C,H,F,E,C,G,E,G,D,140
574,04,05,13,16,22,23,35,36,37,13,16,23,35,22,04,05,36,37,8,0,0,14,5613800,143,769400,6932,9300,109148,1400,176949,1100,1669082515,2381729400,1,2024-05-10,H,A,B,D,D,F,F,I,I,I,D,D,F,I,F,A,B,I,I,118
575,02,12,18,20,25,28,30,09,23,12,25,18,30,02,20,28,09,23,4,0,0,13,6423800,115,1016600,6351,10800,106422,1500,195726,1000,2183545155,2530735200,1,2024-05-17,D,A,C,E,E,G,G,H,C,F,C,G,E,H,A,E,G,C,F,135
576,11,13,14,18,19,23,31,07,27,18,31,13,23,11,19,14,27,07,9,0,0,12,7195900,135,895400,7859,9000,120892,1400,228683,900,2708086840,2616813300,1,2024-05-24,I,C,D,D,E,E,F,H,B,G,E,H,D,F,C,E,D,G,B,129
577,11,13,19,25,29,36,37,18,30,29,36,11,19,37,13,25,18,30,6,1,1000000000,9,10372100,170,768700,7663,10000,125128,1500,223594,1000,2269144745,2828892900,1,2024-05-31,F,C,D,E,G,H,I,I,E,H,H,I,C,E,I,D,G,E,H,170
578,02,15,19,20,22,31,36,13,23,19,31,20,02,22,36,15,13,23,1,0,0,13,6769900,149,826900,6696,10700,107198,1600,202202,1000,2812746370,2667076500,1,2024-06-07,A,A,D,E,E,F,H,I,D,F,E,H,E,A,F,I,D,D,F,145
579,07,19,23,33,34,35,36,05,10,34,36,35,33,07,19,23,10,05,10,1,1000000000,11,8436500,135,962300,7206,10500,123035,1500,201669,1100,2373524405,2812314300,1,2024-06-14,J,B,E,F,I,I,I,I,B,C,I,I,I,I,B,E,F,C,B,187
580,04,13,14,15,17,27,33,02,11,27,13,33,04,14,15,17,11,02,7,0,0,9,9826200,156,793600,7544,9600,125163,1400,210700,1000,2908940140,2680008300,1,2024-06-21,G,A,D,D,D,E,G,I,A,C,G,D,I,A,D,D,E,C,A,123
581,03,08,10,15,18,23,37,17,24,03,23,08,18,10,15,37,24,17,3,2,1000000000,12,7743100,226,575500,8914,8500,138044,1300,238776,900,1482952630,2815816200,1,2024-06-28,C,A,B,C,D,E,F,I,E,F,A,F,B,E,C,D,I,F,E,114
582,05,07,22,29,30,32,36,03,33,05,07,32,36,30,29,22,33,03,8,1,1000000000,8,10538700,133,887400,6835,10100,113226,1500,193754,1000,997731440,2554975800,1,2024-07-05,H,B,B,F,H,H,H,I,A,I,B,B,H,I,H,H,F,I,A,161
583,01,05,08,09,20,30,37,11,26,01,20,37,08,05,09,30,26,11,2,0,0,8,9744000,151,722700,6683,9500,105944,1400,191744,1000,1470132865,2362300500,1,2024-07-12,B,A,B,B,C,E,H,I,C,G,A,E,I,B,B,C,H,G,C,110
584,10,11,12,17,23,30,36,20,21,30,12,23,36,17,10,11,20,21,5,0,0,13,6183900,155,726100,7946,8300,118488,1300,180140,1100,1955353800,2436216300,1,2024-07-19,E,C,C,C,E,F,H,I,E,F,H,C,F,I,E,C,C,E,F,139
585,06,11,13,14,16,27,34,12,25,27,34,06,11,14,13,16,12,25,10,1,1000000000,7,11717100,125,918600,7130,9400,114634,1400,192783,1000,1456719310,2485561800,2,2024-07-26,J,B,C,D,D,D,G,I,C,G,G,I,B,C,D,D,D,C,G,121
586,01,02,04,14,15,22,23,13,36,15,04,14,01,22,02,23,13,36,4,1,1000000000,13,6435200,145,807700,7369,9300,115199,1400,198040,1000,968941030,2535213600,1,2024-08-02,D,A,A,A,D,D,F,F,D,I,D,A,D,A,F,A,F,D,I,81
587,15,18,21,22,23,25,32,01,30,21,15,22,32,25,18,23,01,30,5,1,1000000000,6,12684600,96,1109800,5667,11000,97589,1500,158922,1100,440637795,2306399700,1,2024-08-09,E,D,E,F,F,F,G,H,A,H,F,D,F,H,G,E,F,A,H,156
588,03,05,09,13,15,21,31,12,17,31,09,21,05,15,13,03,12,17,1,1,866631700,7,10000200,162,604900,8288,6900,112218,1200,187524,900,0,2121354600,1,2024-08-16,A,A,B,C,D,D,F,H,C,E,H,C,F,B,D,D,A,C,E,97
589,01,06,08,09,14,29,33,05,23,01,33,14,06,09,08,29,05,23,9,0,0,6,9836500,108,765000,5366,9000,87189,1300,151319,900,365379630,1788545400,1,2024-08-23,I,A,B,B,C,D,H,I,B,F,A,I,D,B,C,B,H,B,F,100
590,01,03,09,10,15,25,35,19,28,03,09,10,15,35,01,25,19,28,6,1,775029900,9,7570500,139,686200,6431,8700,98541,1400,162083,1000,0,2064792600,1,2024-08-30,F,A,A,C,C,D,G,I,E,G,A,C,C,D,I,A,G,E,G,98
591,04,07,08,11,21,23,35,10,24,08,21,07,04,11,23,35,10,24,3,1,363216400,5,11968400,159,526900,6292,7800,95260,1200,162045,900,0,1813479300,1,2024-09-06,C,A,B,B,C,F,F,I,C,F,B,F,B,A,C,F,I,C,F,109
592,03,08,11,15,19,24,32,14,30,32,19,11,15,24,08,03,14,30,7,4,87523300,5,11570100,246,329200,7760,6100,95465,1200,138086,1000,0,1753126800,1,2024-09-13,G,A,B,C,D,E,F,H,D,H,H,E,C,D,F,B,A,D,H,112
593,03,08,09,14,15,22,32,01,12,15,22,03,09,14,32,08,01,12,8,2,170952500,12,4721900,156,508500,6549,7100,93941,1200,150668,900,0,1717160400,1,2024-09-20,H,A,B,C,D,D,F,H,A,C,D,F,A,C,D,H,B,A,C,103
594,05,12,21,25,27,34,36,10,32,25,12,21,05,34,36,27,10,32,2,0,0,4,14140200,98,808000,4775,9700,75500,1500,122949,1100,340766705,1714050900,1,2024-09-27,B,B,C,F,G,G,I,I,C,H,G,C,F,B,I,I,G,C,H,160
595,14,15,16,19,25,28,33,06,29,28,15,19,25,16,33,14,06,29,10,2,366536500,5,13147500,102,902200,4906,11000,83017,1600,145095,1100,0,1992146700,1,2024-10-04,J,D,D,D,E,G,G,I,B,H,G,D,E,G,D,I,D,B,H,150
596,01,09,16,19,23,29,32,05,37,16,23,19,32,09,01,29,37,05,8,1,348533900,16,3568100,102,783500,5176,9000,79044,1400,135746,1000,0,1730071500,2,2024-10-11,H,A,C,D,E,F,H,H,B,I,D,F,E,H,C,A,H,I,B,129
597,02,04,14,15,22,27,34,01,05,15,34,14,22,27,04,02,01,05,6,1,340034100,11,5127300,129,612000,5777,8000,82197,1300,127887,1100,0,1709178300,1,2024-10-18,F,A,A,D,D,F,G,I,A,B,D,I,D,F,G,A,A,A,B,118
598,01,04,07,11,12,18,26,03,33,26,11,12,04,07,18,01,03,33,4,0,0,19,2948300,193,406300,7561,6000,99897,1100,159869,800,346336115,1697594700,1,2024-10-25,D,A,A,B,C,C,E,G,A,I,G,C,C,A,B,E,A,A,I,79
599,04,07,16,19,26,31,33,25,29,26,19,07,04,16,31,33,29,25,1,0,0,10,6748600,142,665300,5733,9600,90065,1500,156943,1000,757610605,2045134200,1,2024-11-01,A,A,B,D,E,G,H,I,G,H,G,E,B,A,D,H,I,H,G,136
600,01,02,12,16,19,29,32,09,37,01,29,12,02,19,32,16,37,09,5,2,605878500,9,8344100,136,773000,6639,9200,100210,1500,178341,1000,0,2275791600,1,2024-11-08,E,A,A,C,D,E,H,H,C,I,A,H,C,A,E,H,D,I,C,111
601,04,08,18,20,29,35,37,19,34,08,04,37,35,29,18,20,34,19,9,0,0,8,7034100,103,764800,4495,10200,69638,1600,121322,1100,341623880,1705322400,1,2024-11-15,I,A,B,E,E,H,I,I,E,I,B,A,I,I,H,E,E,I,E,151
602,07,15,18,24,29,31,34,05,25,07,18,31,24,15,29,34,05,25,6,1,748847700,14,4787500,129,727400,6357,8600,95864,1400,157071,1000,0,2031187200,1,2024-11-22,F,B,D,E,F,H,H,I,B,G,B,E,H,F,D,H,I,B,G,158
603,04,09,10,23,28,30,34,18,31,30,10,09,23,04,34,28,18,31,3,0,0,4,14144500,89,889900,5200,8900,81984,1400,132165,1000,342553405,1714566900,1,2024-11-29,C,A,C,C,F,G,H,I,E,H,H,C,C,F,A,I,G,E,H,138
604,04,06,09,12,25,31,36,27,30,25,12,31,36,06,09,04,30,27,7,1,752223400,10,6838400,156,613600,6826,8200,102518,1300,169531,1000,0,2072340600,1,2024-12-06,G,A,B,C,C,G,H,I,G,H,G,C,H,I,B,C,A,H,G,123
605,02,08,15,26,28,31,32,19,24,28,31,15,08,26,32,02,24,19,2,2,178072800,868,66200,132,609900,5516,8500,81272,1400,143908,900,0,1742884500,1,2024-12-13,B,A,B,D,G,G,H,H,E,F,G,H,D,B,G,H,A,F,E,142
606,09,17,18,20,22,27,36,25,37,09,27,22,18,20,17,36,37,25,10,0,0,2,28280000,89,889600,4737,9800,75921,1500,123899,1100,338982680,1714022400,1,2024-12-20,J,C,E,E,E,F,G,I,G,I,C,G,F,E,E,E,I,I,G,149
607,12,14,20,27,31,34,37,19,21,14,34,12,37,20,27,31,19,21,7,0,0,7,10960200,115,933900,5671,11100,91878,1600,165827,1100,808753825,2325008100,1,2024-12-27,G,C,D,E,G,H,I,I,E,F,D,I,C,I,E,G,H,E,F,175
608,07,10,11,18,20,29,30,32,36,20,18,10,11,07,29,30,36,32,8,0,0,10,8639800,200,604700,8848,8000,132329,1300,194301,1100,1323081880,2618241900,1,2025-01-10,H,B,C,C,E,E,H,H,H,I,E,E,C,C,B,H,H,I,H,125
609,04,11,12,23,26,32,37,01,09,12,37,32,04,26,23,11,01,09,1,0,0,12,6953000,156,748700,7808,8700,118584,1400,210772,900,1837033120,2528503200,1,2025-01-17,A,A,C,C,F,G,H,I,A,C,C,I,H,A,G,F,C,A,C,145
610,01,08,09,23,24,31,36,21,28,01,23,36,09,08,31,24,21,28,4,2,1000000000,13,6931800,172,733400,9091,8100,138054,1300,216296,1000,380263390,2730870600,1,2025-01-24,D,A,B,C,F,F,H,I,F,G,A,F,I,C,B,H,F,F,G,132
611,07,08,11,18,20,30,34,05,14,30,18,34,20,11,08,07,05,14,7,1,805690900,7,9981300,151,647700,6885,8300,103668,1300,167800,1000,0,2117362800,1,2025-01-31,G,B,B,C,E,E,H,I,B,D,H,E,I,E,C,B,B,B,D,128
612,05,13,16,23,27,31,34,26,33,34,31,13,27,05,16,23,26,33,10,1,357391600,3,19408300,137,594900,5619,8500,79216,1400,125666,1100,0,1764476400,2,2025-02-07,J,B,D,D,F,G,H,I,G,I,I,H,D,G,B,D,F,G,I,149
613,03,05,06,10,19,21,35,13,27,06,35,19,05,03,10,21,13,27,9,1,453102600,12,4477900,233,265600,7688,4800,98001,1200,154525,1000,0,1950557400,1,2025-02-14,I,A,B,B,C,E,F,I,D,G,B,I,E,B,A,C,F,D,G,99
614,14,21,22,23,24,28,34,05,37,28,24,21,34,14,22,23,37,05,8,2,207555000,6,8222100,78,728500,4122,8300,71114,1600,124158,1100,0,1790743200,1,2025-02-21,H,D,F,F,F,F,G,I,B,I,G,F,F,I,D,F,F,I,B,166
615,04,11,21,26,27,28,33,10,13,04,33,26,21,28,27,11,10,13,6,0,0,5,9904300,100,570400,5119,6700,83956,1300,150454,900,423508450,1797597000,1,2025-02-28,F,A,C,F,G,G,G,I,C,D,A,I,G,F,G,G,C,C,D,150
616,07,15,20,28,29,34,36,01,35,29,36,20,28,34,07,15,35,01,5,0,0,5,11794900,127,534900,6128,6700,96876,1400,154738,1100,913032910,2140726800,1,2025-03-07,E,B,D,E,G,H,I,I,A,I,H,I,E,G,I,B,D,I,A,169
617,02,06,10,12,25,28,35,27,31,10,12,06,02,28,35,25,31,27,3,1,1200000000,15,4639700,186,431000,7781,6200,121794,1300,194794,1000,298721810,2526264000,1,2025-03-14,C,A,B,C,C,G,G,I,G,H,C,C,B,A,G,I,G,H,G,118
618,07,17,20,23,24,34,36,25,35,36,34,20,17,24,07,23,25,35,2,0,0,5,11191500,105,613800,5328,7300,89467,1400,144750,1100,768982020,2031199800,1,2025-03-21,B,B,E,E,F,F,I,I,G,I,I,I,E,E,F,B,F,G,I,161
619,08,09,18,20,27,29,32,07,12,27,08,32,09,29,20,18,07,12,1,0,0,15,4182400,151,478500,7190,6000,110787,1300,190055,900,1300543185,2277251700,1,2025-03-28,A,B,C,E,E,G,H,H,B,C,G,B,H,C,H,E,E,B,C,143
620,02,04,08,10,12,29,32,06,13,10,04,08,02,12,29,32,06,13,4,1,1200000000,11,6287200,160,497900,8655,5500,128170,1200,204580,900,695876615,2510411400,1,2025-04-04,D,A,A,B,C,C,H,H,B,D,C,A,B,A,C,H,H,B,D,97
621,01,02,12,13,14,30,36,09,24,30,13,36,02,12,01,14,24,09,10,0,0,7,8715900,87,807800,5161,8200,88530,1600,175012,1000,1202205675,2214664800,1,2025-04-11,J,A,A,C,D,D,H,I,C,F,H,D,I,A,C,A,D,F,C,108
622,01,10,28,29,30,33,34,21,27,30,29,10,28,34,33,01,21,27,8,0,0,9,7569700,113,694400,5777,8200,95242,1600,170185,1100,1781479320,2472956100,1,2025-04-18,H,A,C,G,H,H,I,I,F,G,H,H,C,G,I,I,A,F,G,165
623,09,12,22,26,28,31,37,07,30,31,26,09,12,28,22,37,30,07,7,1,1200000000,6,12275400,139,610300,7435,6900,124781,1300,213674,1000,1198885675,2673513900,1,2025-04-25,G,C,C,F,G,G,H,I,B,H,H,G,C,C,G,F,I,H,B,165
624,02,14,15,26,27,34,36,09,24,14,26,02,27,36,15,34,24,09,6,2,895860400,11,6319400,206,388700,8146,5900,116297,1400,202429,900,0,2523297900,1,2025-05-02,F,A,D,D,G,G,I,I,C,F,D,G,A,G,I,D,I,F,C,154
625,03,10,12,18,19,24,32,04,15,32,19,10,24,12,18,03,04,15,9,1,420020500,3,16607600,121,474300,6004,5700,89063,1300,151776,900,0,1808526000,1,2025-05-09,I,A,C,C,E,E,F,H,A,D,H,E,C,F,C,E,A,A,D,118
626,01,03,07,12,17,32,34,14,30,17,12,07,01,34,32,03,14,30,5,0,0,7,6952100,84,667300,4690,7200,81366,1400,131630,1000,410892875,1766491500,1,2025-05-16,E,A,A,B,C,E,H,I,D,H,E,C,B,A,I,H,A,D,H,106
627,09,15,21,30,33,34,37,10,35,34,15,33,09,21,37,30,10,35,5,1,888183900,8,7147700,101,652100,5683,7000,94832,1400,146514,1100,0,2075657700,1,2025-05-23,E,C,D,F,H,I,I,I,C,I,I,D,I,C,F,I,H,C,I,179
628,01,08,09,11,18,27,35,16,34,09,18,11,08,35,01,27,16,34,3,2,201318100,7,6747800,140,388600,6457,5100,92719,1100,132363,1000,0,1714576800,1,2025-05-30,C,A,B,C,C,E,G,I,D,I,C,E,C,B,I,A,G,D,I,109
629,02,07,09,21,23,24,30,22,29,02,23,07,21,30,24,09,22,29,1,0,0,9,5342800,104,532500,5225,6400,82104,1300,131737,1000,410077305,1745454900,1,2025-06-06,A,A,B,C,F,F,F,H,F,H,A,F,B,F,H,F,C,F,H,116
630,04,06,08,23,28,29,34,10,19,23,28,06,29,08,34,04,19,10,3,1,905253400,9,6358900,140,470800,7287,5400,107292,1200,185524,800,0,2077416900,1,2025-06-13,C,A,B,B,F,G,H,I,C,E,F,G,B,H,B,I,A,E,C,132
631,02,03,06,17,33,35,36,25,37,36,06,17,33,02,03,35,25,37,10,1,413009000,4,12141400,70,799100,4436,7600,74782,1500,129900,1000,0,1762884900,1,2025-06-20,J,A,A,B,E,I,I,I,G,I,I,B,E,I,A,A,I,G,I,132
632,05,07,10,11,29,31,37,13,25,11,10,29,31,05,37,07,13,25,9,0,0,7,6766500,146,373700,6019,5400,89869,1200,148895,900,397424060,1719334800,1,2025-06-27,I,B,B,C,C,H,H,I,D,G,C,C,H,H,B,I,B,D,G,130
633,02,05,10,17,21,31,36,20,32,02,10,31,05,36,17,21,20,32,7,0,0,4,14565500,142,472600,5822,6900,89128,1500,140583,1200,881176280,2114859600,2,2025-07-04,G,A,B,C,E,F,H,I,E,H,A,C,H,B,I,E,F,E,H,122
634,02,12,18,29,32,36,37,05,21,29,37,32,18,02,12,36,05,21,6,0,0,6,10841100,116,645900,6526,6900,104526,1400,175692,1000,1436653640,2361124800,1,2025-07-11,F,A,C,E,H,H,I,I,B,F,H,I,H,E,A,C,I,B,F,166
635,10,12,20,29,30,31,34,04,15,12,20,31,10,34,29,30,15,04,1,2,1016445900,13,5308300,189,420500,7786,6100,116052,1300,204601,900,0,2504941800,1,2025-07-18,A,C,C,E,H,H,H,I,A,D,C,E,H,C,I,H,H,D,A,166
636,10,14,17,20,26,27,29,03,11,29,17,14,10,26,20,27,11,03,2,1,414014200,10,4889100,84,670400,3976,8500,67850,1600,137041,1000,0,1774701900,1,2025-07-25,B,C,D,E,E,G,G,H,A,C,H,E,D,C,G,E,G,C,A,143
637,01,04,07,08,09,20,21,11,30,20,07,09,08,21,04,01,30,11,4,0,0,16,2992100,175,315100,7431,4400,96563,1100,168633,800,405166445,1737788100,1,2025-08-01,D,A,A,B,B,C,E,F,C,H,E,B,C,B,F,A,A,H,C,70
638,01,06,18,19,35,36,37,11,24,37,18,19,06,36,35,01,11,24,9,1,898476500,2,29043000,114,586900,5562,7200,85604,1500,162053,1000,0,2108462400,1,2025-08-08,I,A,B,E,E,I,I,I,C,F,I,E,E,B,I,I,A,C,F,152
639,05,09,12,15,30,31,34,13,29,12,31,09,15,34,30,05,13,29,8,2,196037800,15,3071100,136,390100,6189,5100,94177,1100,157665,800,0,1672192200,1,2025-08-15,H,B,C,C,D,H,H,I,D,H,C,H,C,D,I,H,B,D,H,136
640,02,07,09,12,13,14,29,15,30,12,09,02,14,13,29,07,30,15,2,1,388970000,6,7697600,159,334600,6510,4900,94465,1100,144732,900,0,1676502900,1,2025-08-22,B,A,B,C,C,D,D,H,D,H,C,C,A,D,D,H,B,H,D,86
641,01,03,07,23,24,33,36,17,30,07,03,36,23,33,01,24,30,17,10,1,405020100,9,5251000,123,442500,5060,6500,83272,1300,137907,900,0,1715481300,1,2025-08-29,J,A,A,B,F,F,I,I,E,H,B,A,I,F,I,A,F,H,E,127
642,01,07,22,23,33,34,35,02,24,01,35,07,34,22,23,33,24,02,5,1,403352100,13,3588800,105,511800,4866,6600,73462,1400,123377,1000,0,1693522200,1,2025-09-05,E,A,B,F,F,I,I,I,A,F,A,I,B,I,F,F,I,F,A,155
643,01,05,15,16,18,27,34,19,22,34,05,27,01,16,15,18,22,19,1,1,406203200,2,23971500,96,575200,4545,7300,74803,1500,128381,1000,0,1740287700,1,2025-09-12,A,A,B,D,D,E,G,I,E,F,I,B,G,A,D,D,E,F,E,116
644,01,11,12,14,20,26,29,02,05,01,11,26,20,29,14,12,05,02,3,0,0,15,3086600,83,642500,4489,7200,74279,1400,144229,900,390550165,1680653700,1,2025-09-19,C,A,C,C,D,E,G,H,A,B,A,C,G,E,H,D,C,B,A,113
645,07,10,16,20,26,32,35,24,33,20,10,35,32,16,07,26,33,24,6,1,864763200,10,5561700,118,542900,4637,8300,77692,1600,137997,1100,0,2018851800,1,2025-09-26,F,B,C,D,E,G,H,I,F,I,E,C,I,H,D,B,G,I,F,146
646,05,12,13,15,18,35,37,11,29,18,37,15,35,05,12,13,11,29,7,0,0,3,15584300,90,598300,4224,7700,71409,1500,133259,1000,390192400,1697088000,1,2025-10-03,G,B,C,D,D,E,I,I,C,H,E,I,D,I,B,C,D,C,H,135
647,04,05,09,13,17,22,28,18,31,17,13,04,22,05,09,28,31,18,4,2,434879400,15,3781000,201,325000,7877,5000,109520,1200,171116,900,0,2058711000,2,2025-10-10,D,A,B,C,D,E,F,G,E,H,E,D,A,F,B,C,G,H,E,98
648,03,17,19,24,28,29,35,07,13,17,28,19,35,03,24,29,13,07,8,0,0,5,9219600,98,541800,4824,6600,76143,1400,144616,900,385202370,1673310600,1,2025-10-17,H,A,E,E,F,G,H,I,B,D,E,G,E,I,A,F,H,D,B,155
649,12,22,23,26,33,35,37,02,21,26,37,35,23,12,22,33,21,02,2,0,0,6,9344500,86,750900,4994,7800,82690,1500,142180,1100,861008665,2035193100,1,2025-10-24,B,C,F,F,G,I,I,I,A,F,G,I,I,F,C,F,I,F,A,188
650,01,08,10,14,25,33,35,12,21,25,08,35,01,10,33,14,12,21,9,0,0,9,7310100,131,578500,6089,7500,102491,1500,187310,1000,1407387900,2388150300,1,2025-10-31,I,A,B,C,D,G,I,I,C,F,G,B,I,A,C,I,D,C,F,126
651,02,13,19,20,24,26,35,29,36,26,19,13,20,35,24,02,36,29,5,2,1002473400,5,14281700,169,486700,8046,6100,108788,1500,184493,1100,0,2592054900,1,2025-11-07,E,A,D,E,E,F,G,I,H,I,G,E,D,E,I,F,A,I,H,139
652,01,16,21,26,27,30,35,06,37,27,26,35,01,21,16,30,06,37,10,0,0,3,15699300,61,889300,3488,9400,62068,1700,116684,1100,401325585,1709613300,1,2025-11-14,J,A,D,F,G,G,H,I,B,I,G,G,I,A,F,D,H,B,I,156
653,06,07,12,25,26,30,33,13,15,12,26,06,25,33,30,07,13,15,6,2,443721800,10,5638000,150,432900,6217,6300,96296,1300,165734,900,0,2046546000,1,2025-11-21,F,B,B,C,G,G,H,I,D,D,C,G,B,G,I,H,B,D,D,139
654,03,12,25,29,30,32,33,28,31,03,30,32,12,25,29,33,28,31,1,0,0,1,46473000,78,686300,4451,7200,75792,1400,122540,1100,386161670,1686924600,1,2025-11-28,A,A,C,G,H,H,H,I,G,H,A,H,H,C,G,H,I,G,H,164
655,04,05,12,13,24,26,33,03,14,04,05,12,26,33,13,24,03,14,5,0,0,11,5065500,188,341400,7853,4900,111582,1100,165047,900,866671845,2022613500,1,2025-12-05,E,A,B,C,D,F,G,I,A,D,A,B,C,G,I,D,F,A,D,117
656,01,04,06,20,30,34,37,14,25,34,04,20,06,30,01,37,25,14,1,0,0,8,8137600,101,742400,5376,8400,88924,1700,163715,1100,1413567000,2363097900,1,2025-12-12,A,A,A,B,E,H,I,I,D,G,I,A,E,B,H,A,I,G,D,132
657,09,11,16,23,27,29,32,06,24,29,11,27,09,16,23,32,24,06,5,2,1014653200,16,4631900,234,364800,9448,5400,132636,1300,211905,1000,0,2690142600,1,2025-12-19,E,C,C,D,F,G,H,H,B,F,H,C,G,C,D,F,H,F,B,147
658,10,12,16,18,19,22,37,11,20,16,10,12,18,22,37,19,20,11,3,0,0,5,11109000,101,633400,4749,8100,81174,1600,142116,1100,463117105,2016240900,1,2025-12-26,C,C,C,D,E,E,F,I,C,E,D,C,C,E,F,I,E,E,C,134
659,02,08,09,14,27,34,36,05,18,27,02,09,36,08,14,34,05,18,10,1,1052412400,12,5802800,162,495100,8394,5700,124990,1300,208850,900,0,2527628700,1,2026-01-09,J,A,B,C,D,G,I,I,B,E,G,A,C,I,B,D,I,B,E,130
660,04,06,12,13,16,17,31,14,20,17,12,31,06,13,16,04,20,14,7,0,0,4,12451900,98,585400,4635,7500,81348,1400,123996,1100,421366875,1807975500,1,2026-01-16,G,A,B,C,D,D,E,H,D,E,E,C,H,B,D,D,A,E,D,99
661,07,12,17,22,31,34,35,20,32,34,22,12,07,17,35,31,32,20,2,0,0,5,12032000,125,554300,5996,7000,102827,1300,153889,1100,929684620,2183756100,1,2026-01-23,B,B,C,E,F,H,I,I,E,H,I,F,C,B,E,I,H,H,E,158
662,04,14,15,21,22,24,37,05,20,04,15,37,24,22,14,21,05,20,6,0,0,5,13637200,115,682900,5940,8000,103770,1500,171054,1100,1505420275,2475087900,1,2026-01-30,F,A,D,D,F,F,F,I,B,E,A,D,I,F,F,D,F,B,E,137
663,04,06,10,11,13,17,23,25,32,11,04,13,10,23,17,06,32,25,8,0,0,9,8294400,193,445500,8470,6100,134057,1300,215089,1000,2123132130,2709717900,1,2026-02-06,H,A,B,C,C,D,E,F,G,H,C,A,D,C,F,E,B,H,G,84
664,03,06,08,14,21,22,31,17,37,03,22,06,31,08,21,14,17,37,9,1,1200000000,19,4269900,168,556200,8897,6300,137445,1300,224969,1000,1614067975,2944898100,1,2026-02-13,I,A,B,B,D,F,F,H,E,I,A,F,B,H,B,F,D,E,I,105
665,06,08,14,19,22,25,35,12,17,35,19,08,25,22,06,14,12,17,4,0,0,9,8099800,184,456300,7883,6400,119040,1400,214440,900,2237878385,2646157800,1,2026-02-20,D,B,B,D,E,F,G,I,C,E,I,E,B,G,F,B,D,C,E,129
666,02,17,18,22,23,25,33,16,34,18,02,33,22,23,17,25,16,34,3,0,0,5,15876200,185,494200,8046,6800,130221,1400,214363,1000,2912341960,2881459500,1,2026-02-27,C,A,E,E,F,F,G,I,D,I,E,A,I,F,F,E,G,D,I,140
667,09,13,20,22,28,29,33,21,23,20,13,09,29,33,22,28,23,21,5,0,0,14,6601300,189,563200,9873,6500,153158,1400,246992,1000,3697519850,3354730200,2,2026-03-06,E,C,D,E,F,G,H,I,F,F,E,D,C,H,I,F,G,F,F,154
668,01,08,11,14,18,22,29,19,35,29,01,08,18,14,11,22,19,35,1,1,1200000000,16,5588600,234,440100,11156,5500,166415,1200,264125,900,3266950045,3245777100,1,2026-03-13,A,A,B,C,D,E,F,H,E,I,H,A,B,E,D,C,F,E,I,103
669,03,05,06,07,09,13,16,11,23,05,09,06,16,13,07,03,11,23,8,2,1200000000,22,3778000,222,431200,10209,5600,148325,1300,263260,900,1558856305,3017056800,1,2026-03-20,H,A,B,B,B,C,D,D,C,F,B,C,B,D,D,B,A,C,F,59
670,03,04,09,10,18,21,37,15,23,04,09,10,37,18,21,03,23,15,7,0,0,16,4620300,147,579200,7911,6500,125711,1300,217487,900,2196737615,2683405800,1,2026-03-27,G,A,A,C,C,E,F,I,D,F,A,C,C,I,E,F,A,F,D,102
671,07,13,16,22,28,33,36,02,25,13,07,36,33,22,16,28,25,02,10,2,1200000000,19,4111800,263,342100,10104,5300,134547,1300,223323,1000,453007035,2835891600,1,2026-04-03,J,B,D,D,F,G,I,I,A,G,D,B,I,I,F,D,G,G,A,155
672,07,11,15,16,17,24,33,06,09,11,15,33,07,16,17,24,06,09,2,1,987027000,10,6250000,126,571300,7165,6000,107970,1300,187855,900,0,2268720600,1,2026-04-10,B,B,C,D,D,E,F,I,B,C,C,D,I,B,D,E,F,B,C,123
673,06,09,10,12,16,24,32,17,19,16,10,32,12,09,24,06,19,17,5,0,0,6,8471200,116,504700,6477,5400,91357,1300,148579,900,433409850,1844985000,1,2026-04-17,E,B,C,C,C,D,F,H,E,E,D,C,H,C,C,F,B,E,E,109
674,01,06,07,09,12,22,26,08,14,22,06,09,01,26,07,12,08,14,1,1,955304700,19,3189700,260,268500,10138,4100,130525,1000,206937,800,0,2199888000,1,2026-04-24,A,A,B,B,C,C,F,G,B,D,F,B,C,A,G,B,C,B,D,83
675,05,08,16,18,24,28,31,06,23,08,16,28,24,05,31,18,23,06,6,2,211322100,8,6223800,154,372400,6664,5200,93317,1200,152104,900,0,1807357800,1,2026-05-01,F,B,B,D,E,F,G,H,B,F,B,D,G,F,B,H,E,F,B,130
676,02,06,15,19,20,22,27,31,33,27,20,06,02,19,22,15,31,33,4,1,415718800,15,3265400,97,581600,5220,6500,78478,1400,135179,1000,0,1777985100,1,2026-05-08,D,A,B,D,E,E,F,G,H,I,G,E,B,A,E,F,D,H,I,111
677,05,06,07,08,15,17,19,01,33,06,07,19,05,08,15,17,01,33,10,1,408725600,12,3937000,134,406100,5590,5900,86339,1200,155939,800,0,1714946700,1,2026-05-15,J,B,B,B,B,D,E,E,A,I,B,B,E,B,B,D,E,A,I,77
678,02,06,12,15,24,26,34,18,20,02,12,24,34,06,26,15,20,18,3,2,200726400,10,4734500,105,519400,5013,6500,81377,1300,131661,1000,0,1718601000,1,2026-05-22,C,A,B,C,D,F,G,I,E,E,A,C,F,I,B,G,D,E,E,119
679,06,08,09,18,22,24,35,04,20,09,24,22,06,08,18,35,04,20,1,2,200790300,8,5949200,145,378000,6716,4900,99141,1100,146091,900,0,1727621400,1,2026-05-29,A,B,B,C,E,F,F,I,A,E,C,F,F,B,B,E,I,A,E,122
680,09,10,22,26,27,31,36,20,29,27,31,09,10,26,22,36,20,29,7,0,0,7,6861400,65,851100,4347,7700,73236,1500,121710,1100,403991465,1743443700,1,2026-06-05,G,C,C,F,G,G,H,I,E,H,G,H,C,C,G,F,I,E,H,161
681,01,10,12,13,19,33,35,14,37,10,33,35,13,01,12,19,37,14,4,1,910082500,6,9942700,94,731000,5510,7500,94077,1400,151785,1100,0,2165461200,1,2026-06-12,D,A,C,C,D,E,I,I,D,I,C,I,I,D,A,C,E,I,D,123
682,11,14,17,23,28,30,36,12,20,28,11,17,36,23,30,14,20,12,9,0,0,8,6025900,123,451400,5736,5800,81327,1300,125087,1100,407125875,1749877500,1,2026-06-19,I,C,D,E,F,G,H,I,C,E,G,C,E,I,F,H,D,E,C,159
683,11,21,22,25,28,29,36,08,32,29,28,22,11,25,21,36,08,32,2,2,447577600,7,8304300,96,697500,5437,7400,88375,1500,163620,1000,0,2110079400,1,2026-06-26,B,C,F,F,G,G,H,I,B,H,H,G,F,C,G,F,I,B,H,172
684,08,14,17,19,20,32,36,21,25,17,36,20,32,14,19,08,25,21,2,1,411154000,8,6146900,100,566400,4616,7400,71534,1600,125163,1100,0,1785025200,1,2026-07-03,B,B,D,E,E,E,H,I,F,G,E,I,E,H,D,E,B,G,F,146
685,01,05,16,20,21,22,31,23,36,21,22,01,05,20,16,31,36,23,10,1,395865900,2,23825900,77,712800,4045,8200,68450,1600,114400,1200,0,1729716300,2,2026-07-10,J,A,B,D,E,F,F,H,F,I,F,F,A,B,E,D,H,I,F,116
686,01,03,16,18,32,34,35,02,15,34,35,18,03,32,01,16,02,15,8,0,0,5,9047600,67,777700,3588,8800,61605,1700,113788,1100,380135765,1642109700,1,2026-07-17,H,A,A,D,E,H,I,I,A,D,I,I,E,A,H,A,D,A,D,139
687,15,22,23,24,25,29,36,35,37,23,36,15,24,25,22,29,37,35,5,0,0,4,13731000,84,753100,5210,7300,88245,1400,142408,1100,840886345,1993688400,1,2026-07-24,E,D,F,F,F,G,H,I,I,I,F,I,D,F,G,F,H,I,I,174
688,04,21,25,28,30,35,37,12,16,37,04,35,25,30,28,21,12,16,6,0,0,12,5173400,128,558600,5218,8300,89558,1600,169337,1000,1365436540,2253491100,1,2026-07-31,F,A,F,G,G,H,I,I,C,D,I,A,I,G,H,G,F,C,D,180
689,04,18,23,24,32,33,35,29,36,24,23,04,18,32,35,33,29,36,10,1,1200000000,7,9453700,133,573100,6749,6800,104182,1400,185140,1000,727107220,2402126400,1,2026-08-07,J,A,E,F,F,H,I,I,H,I,F,F,A,E,H,I,I,H,I,169
690,03,10,14,17,18,20,25,19,34,17,18,03,10,14,20,25,34,19,3,0,0,8,7708900,108,657700,5729,7500,96073,1500,164199,1000,1250502065,2238608100,1,2026-08-14,C,A,C,D,E,E,E,G,E,I,E,E,A,C,D,E,G,I,E,107
691,08,10,20,22,23,27,37,02,09,20,23,27,22,37,10,08,09,02,7,0,0,11,6234800,153,516300,6219,7700,103606,1500,194539,1000,1825360080,2489486700,1,2026-08-21,G,B,C,E,F,F,G,I,A,C,E,F,G,F,I,C,B,C,A,147
692,07,09,15,18,20,28,31,21,34,09,20,07,28,15,31,18,34,21,1,0,0,15,4887100,150,562900,7833,6500,125576,1300,213279,900,2458943110,2660975400,1,2026-08-28,A,B,C,D,E,E,G,H,F,I,C,E,B,G,D,H,E,I,F,128
693,16,17,22,23,25,33,35,13,31,17,35,16,23,25,22,33,31,13,6,1,1200000000,9,9294500,176,547400,10089,5700,147545,1300,227550,1000,1968477730,3036429600,1,2026-09-04,F,D,E,F,F,G,I,I,D,H,E,I,D,F,G,F,I,H,D,171
694,03,13,24,26,30,31,36,23,34,30,24,26,13,03,36,31,34,23,9,1,1200000000,7,10624700,138,620800,7244,7100,122297,1400,203095,1000,1397546105,2699677500,1,2026-09-11,I,A,D,F,G,H,H,I,F,I,H,F,G,D,A,I,H,I,F,163
695,05,06,11,16,22,24,34,15,18,34,24,05,06,16,11,22,15,18,8,1,1200000000,11,6302700,134,595900,7462,6400,120778,1300,210221,900,786875905,2516616000,1,2026-09-18,H,B,B,C,D,F,F,I,D,E,I,F,B,B,D,C,F,D,E,118
696,10,11,15,16,23,24,34,14,35,11,24,16,15,10,34,23,35,14,4,3,439656900,15,4147900,149,481000,6887,6300,105838,1300,169358,1000,0,2258484600,1,2026-09-25,D,C,C,D,D,F,F,I,D,I,C,F,D,D,C,I,F,I,D,133
697,01,06,12,23,28,32,36,31,34,36,23,01,28,12,32,06,31,34,2,0,0,9,5670900,178,330200,5743,6200,84508,1400,128711,1100,428381195,1852655100,1,2026-10-02,B,A,B,C,F,G,H,I,H,I,I,F,A,G,C,H,B,H,I,138
