id,n1,n2,n3,n4,n5,nbo,setball_id,t1,m1,t2,m2,t3,m3,t4,m4,sales,stage_id,date,setball,sum
1,01,03,17,20,25,26,1,29,6090500,46,275800,2331,9400,59593,900,0,1,1999-04-13,A,66
2,02,11,12,21,30,28,2,11,16868900,35,380800,1672,13800,50969,1100,0,1,1999-04-27,B,76
3,01,08,10,24,30,28,5,17,11481000,34,412400,2014,12000,58581,1000,0,1,1999-05-11,E,73
4,11,12,14,20,31,29,3,5,38866300,35,398800,1055,22900,43664,1400,0,1,1999-05-25,C,88
5,08,09,15,21,25,23,4,18,11107000,54,265900,2029,12200,61713,1000,0,1,1999-06-08,D,78
6,02,11,16,24,29,04,9,70,3181000,239,66900,4162,6600,80366,900,0,1,1999-06-22,I,82
7,03,24,25,26,31,02,6,3,40000000,57,2381300,1289,2300,61193,1200,0,1,1999-07-06,F,109
8,22,24,25,28,30,21,7,16,13732500,77,205000,1677,13300,42022,1700,0,1,1999-07-20,G,129
9,02,11,12,13,28,15,10,27,7304600,93,152300,2856,8500,72169,800,0,1,1999-08-03,J,66
10,08,19,21,23,30,05,8,15,13787900,121,122700,2004,12800,61949,1000,0,1,1999-08-17,H,101
11,17,18,19,20,30,31,6,39,6090900,216,79000,3872,7600,60056,1200,0,1,1999-08-31,F,104
12,05,09,13,16,19,21,1,25,9913700,111,160400,2845,10800,81806,900,0,1,1999-09-14,A,62
13,06,11,18,25,28,20,10,31,7272900,107,151300,2956,9400,77460,900,0,1,1999-09-28,J,88
14,02,21,24,26,29,28,5,8,38358600,105,209900,2533,15000,84846,1100,0,1,1999-10-05,E,102
15,06,08,17,23,24,22,2,22,15686200,101,245400,3053,14000,97823,1100,0,1,1999-10-12,B,78
16,02,20,24,26,27,23,4,12,31351600,95,284500,3047,15300,102614,1100,0,1,1999-10-19,D,99
17,10,18,20,25,27,01,3,13,30661600,102,280700,3205,15400,106936,1200,0,1,1999-10-26,C,100
18,01,14,16,23,25,27,9,33,12129100,174,165200,3684,13500,108958,1100,0,1,1999-11-02,I,79
19,02,09,10,22,27,01,7,27,13931700,93,290500,4040,11500,110687,1100,0,1,1999-11-09,G,70
20,14,20,22,25,30,15,8,12,30271600,62,420900,3178,14200,108390,1000,0,1,1999-11-16,H,111
21,03,15,22,25,31,06,1,28,12298200,148,167100,4075,10500,112640,900,0,1,1999-11-23,A,96
22,04,06,26,28,30,14,4,15,24195100,126,206900,3397,13300,114601,1000,0,1,1999-11-30,D,94
23,02,13,18,22,26,15,2,64,5557600,245,104200,5588,7900,125031,900,0,1,1999-12-07,B,81
24,12,14,19,26,28,15,10,42,8360500,168,150100,5561,7800,129060,800,0,1,1999-12-14,J,99
25,02,03,07,18,29,15,6,23,14986500,205,120700,3528,12100,107304,1000,0,1,1999-12-21,F,59
26,07,08,09,14,15,04,3,29,11475400,105,227600,2650,15600,81092,1300,0,1,1999-12-28,C,53
27,10,16,20,21,31,14,8,11,19359100,21,299900,1939,13600,52650,1300,0,1,2000-01-04,H,98
28,02,09,15,22,29,11,9,169,1808600,246,89200,5731,6600,115723,800,0,1,2000-01-11,I,77
29,09,12,17,26,31,15,5,35,9199800,115,201100,3393,11800,89208,1100,0,1,2000-01-18,E,95
30,10,15,17,18,30,16,7,14,23589600,153,155000,2792,14700,95188,1100,0,1,2000-01-25,G,90
31,14,20,21,24,28,17,1,48,7450400,143,179600,5426,8200,125934,900,0,1,2000-02-01,A,107
32,02,11,13,16,24,20,10,58,6182900,203,126900,7887,5600,149489,700,0,1,2000-02-08,J,66
33,02,03,08,09,30,23,2,40,8494000,154,158500,4541,9300,122287,900,0,1,2000-02-15,B,52
34,04,09,18,28,29,12,3,21,16278000,156,157400,3387,12500,103477,1000,0,1,2000-02-22,C,88
35,10,11,18,24,26,29,6,36,9526000,152,162000,46668,9100,121945,900,0,1,2000-02-29,F,89
36,04,08,15,16,21,25,4,21,16559300,149,167600,3640,11800,107295,1000,0,1,2000-03-07,D,64
37,06,07,10,16,31,20,5,22,15298000,76,318100,2400,17400,81544,1300,0,1,2000-03-14,E,70
38,11,16,17,19,31,04,1,20,16095700,99,233600,2627,15200,80223,1300,0,1,2000-03-21,A,94
39,01,09,15,26,30,11,8,40,8493800,166,147000,4812,8700,118786,900,0,1,2000-03-28,H,81
40,04,16,24,25,27,05,9,15,22189700,162,147600,3494,11800,110129,900,0,1,2000-04-04,I,96
41,10,16,19,22,26,29,1,18,18664400,113,213500,3465,12000,92628,1100,0,1,2000-04-11,A,93
42,02,05,19,24,31,28,7,41,8504600,128,195700,3998,10800,103578,1000,0,1,2000-04-18,G,81
43,03,06,11,16,30,05,8,49,7206100,175,144900,5492,8000,136168,800,0,1,2000-04-25,H,66
44,05,18,20,25,27,11,2,31,11095300,265,93200,5167,8200,115465,900,0,1,2000-05-02,B,95
45,07,13,19,24,26,11,5,66,5005000,247,96000,5639,7200,122343,800,0,1,2000-05-09,E,89
46,02,10,22,23,26,06,3,20,16662200,137,174700,3181,13000,106903,1000,0,1,2000-05-16,C,83
47,02,06,08,17,29,10,6,25,13449900,119,202900,4354,9600,110963,900,0,1,2000-05-23,F,62
48,02,09,11,13,31,18,4,30,11032400,126,188700,3937,10400,113943,900,0,1,2000-05-30,D,66
49,10,13,14,23,25,12,2,18,18106800,105,222900,2615,15500,80713,1300,0,1,2000-06-06,B,85
50,04,05,06,08,10,26,8,45,7044100,112,203300,5020,7800,88156,1100,0,1,2000-06-13,H,33
51,05,07,15,16,31,02,1,27,12090200,162,144700,3213,12600,94738,1100,0,1,2000-06-20,A,74
52,04,10,12,26,31,20,4,34,10237500,131,190800,4241,10200,108153,1000,0,1,2000-06-27,D,83
53,04,13,14,15,17,30,5,11,31294500,101,244800,2791,15300,90223,1200,0,1,2000-07-04,E,63
54,04,05,15,18,21,16,3,17,20822700,120,211900,3143,14000,99527,1100,0,1,2000-07-11,C,63
55,04,10,11,18,31,03,6,33,10451200,184,134600,5455,7800,128742,800,0,1,2000-07-18,F,74
56,01,03,07,10,27,16,9,26,12673400,124,190900,4854,8400,109063,900,0,1,2000-07-25,I,48
57,03,21,23,27,29,13,2,20,16055000,102,226100,3542,11200,84799,1200,0,1,2000-08-01,B,103
58,01,02,04,10,24,20,4,49,6289500,109,203100,3717,10300,114650,800,0,1,2000-08-08,D,41
59,09,15,20,21,22,10,9,10,27502900,122,161900,2262,15100,78935,1100,0,1,2000-08-15,I,87
60,16,17,22,23,26,30,5,19,16178700,73,302500,2521,15100,78895,1200,0,1,2000-08-22,E,104
61,09,23,24,29,30,05,2,24,13161700,112,202600,3403,11500,94527,1000,0,1,2000-08-29,B,115
62,05,10,13,17,29,06,8,50,6375300,138,165900,5198,7600,112845,900,0,1,2000-09-05,H,74
63,03,05,06,22,28,01,3,35,8803200,114,194100,3250,11800,96929,1000,0,1,2000-09-12,C,64
64,05,10,11,12,23,15,4,28,11153900,120,186900,4963,7800,119695,800,0,1,2000-09-19,D,61
65,08,09,10,17,23,15,6,28,11200700,193,116700,3831,10100,105720,900,0,1,2000-09-26,F,67
66,05,06,12,17,20,01,5,17,17255000,97,217200,3198,11400,91444,1000,0,1,2000-10-03,E,60
67,04,05,08,14,27,06,10,24,10774300,116,160100,3094,10400,86884,900,0,1,2000-10-10,J,58
68,05,06,21,22,24,11,5,24,10944900,105,179700,2542,12800,73630,1100,0,1,2000-10-17,E,78
69,05,06,09,23,30,02,10,24,10841600,115,162500,3395,9500,98110,800,0,1,2000-10-24,J,73
70,01,05,07,17,21,15,6,13,19962300,114,163500,2655,12100,75049,1100,0,1,2000-10-31,F,51
71,11,17,18,22,30,02,2,19,13770200,197,95400,2590,12500,77166,1100,0,1,2000-11-07,B,98
72,08,10,24,28,30,12,3,25,10670400,124,154500,3085,10700,84111,1000,0,1,2000-11-14,C,100
73,04,06,08,26,30,07,4,12,21830600,80,235200,3287,9900,83569,1000,0,1,2000-11-21,D,74
74,04,06,16,22,28,09,1,51,5305500,255,76200,5725,5800,102875,800,0,1,2000-11-28,A,76
75,07,14,16,17,29,01,8,11,24654600,80,243500,2872,11700,87058,1000,0,1,2000-12-05,H,83
76,06,11,13,16,23,03,5,23,11891000,161,122000,2776,12200,86149,1000,0,1,2000-12-12,E,69
77,02,03,10,22,26,23,9,22,12593700,213,63500,3619,9500,101016,800,0,1,2000-12-19,I,63
78,04,11,19,20,22,28,4,26,10495400,153,128100,2932,11500,78611,1100,0,1,2000-12-26,D,76
79,02,13,16,26,30,11,1,25,10769500,257,75200,3864,8600,100823,800,0,1,2001-01-09,A,87
80,07,10,13,18,22,04,7,19,13419300,129,141900,2742,11500,80041,1000,0,1,2001-01-16,G,70
81,01,07,10,16,25,18,3,30,8829500,82,232000,2583,12700,75927,1100,0,1,2001-01-23,C,59
82,01,03,11,27,30,08,9,17,15829000,125,154600,2722,12300,78991,1100,0,1,2001-01-30,I,72
83,01,06,11,23,26,03,5,22,12618700,165,120800,3562,9700,91051,900,0,1,2001-02-06,E,67
84,01,15,29,30,31,16,6,18,14744500,70,272300,2163,15200,58714,1400,0,1,2001-02-13,F,106
85,09,11,14,20,29,02,10,13,21042400,186,105600,3358,10100,82258,1000,0,1,2001-02-20,J,83
86,02,08,13,20,24,09,2,46,5946900,140,140300,4284,7900,98353,900,0,1,2001-02-27,B,67
87,01,05,12,23,27,14,8,63,4327800,1324,14700,4710,7200,99192,800,0,1,2001-03-06,H,68
88,04,19,26,27,30,03,9,10,25805700,74,250500,2956,10800,89735,900,0,1,2001-03-13,I,106
89,05,07,24,27,29,14,4,13,19086400,86,207200,2393,12900,75811,1000,0,1,2001-03-20,D,92
90,06,12,14,21,27,15,8,40,6813200,151,129600,4024,8400,88290,1000,0,1,2001-03-27,H,80
91,08,09,15,18,22,03,3,23,11348300,187,100200,3097,10400,86798,900,0,1,2001-04-03,C,72
92,02,03,11,22,30,31,10,53,5030200,141,135800,5290,6200,113832,700,0,1,2001-04-10,J,68
93,11,15,22,26,27,08,6,18,14861600,174,110400,3536,9400,96418,900,0,1,2001-04-17,F,101
94,16,19,20,26,29,27,1,12,22678600,29,331300,1772,19100,61076,1400,0,1,2001-04-24,A,110
95,04,05,07,08,31,26,3,11,23930900,135,140000,2511,13000,73742,1100,0,1,2001-05-01,C,55
96,01,05,06,14,27,17,5,21,12646500,109,175000,3852,8500,95375,900,0,1,2001-05-08,E,53
97,06,12,15,19,22,03,1,30,8715400,131,143300,2908,11100,81261,1000,0,1,2001-05-15,A,74
98,01,02,09,11,20,04,7,13,19958500,86,216700,2591,12400,79913,1000,0,1,2001-05-22,G,43
99,03,07,10,13,15,26,9,16,16450600,156,121200,2958,10900,90508,900,0,1,2001-05-29,I,48
100,11,12,19,20,31,03,8,26,10194100,91,209200,2864,11500,71567,1200,0,1,2001-06-05,H,93
101,02,10,11,13,26,22,4,70,3656000,1159,15800,6652,4700,115192,700,0,1,2001-06-12,D,62
102,05,10,11,25,28,23,1,33,7904400,152,123200,3458,9300,89399,900,0,1,2001-06-19,A,79
103,10,13,19,21,30,14,6,20,13450100,87,222100,2969,11200,80150,1000,0,1,2001-06-26,F,93
104,03,04,07,21,30,31,9,15,18099500,70,278600,3367,10000,86500,1000,0,1,2001-07-03,I,65
105,06,11,14,21,27,20,5,48,5696100,205,95800,4802,7000,103130,800,0,1,2001-07-10,E,79
106,03,05,11,12,18,02,2,20,12980600,90,207200,3229,10000,93164,900,0,1,2001-07-17,B,49
107,04,08,12,26,27,18,8,38,6588200,200,89900,4217,7300,96224,800,0,1,2001-07-24,H,77
108,06,10,20,27,29,19,10,16,15888100,130,140400,2857,11000,79259,1000,0,1,2001-07-31,J,92
109,03,05,15,19,22,25,7,22,11260900,112,158900,3448,8900,87025,900,0,1,2001-08-07,G,64
110,03,07,13,22,27,02,1,49,4536000,132,120900,4384,6300,86450,800,0,1,2001-08-14,A,72
111,10,19,24,27,31,06,9,17,14284000,129,135200,2165,13900,68961,1100,0,1,2001-08-21,I,111
112,05,07,15,26,27,01,1,36,7650800,178,108200,4460,7400,106196,800,0,1,2001-08-28,A,80
113,01,02,06,16,28,04,4,20,13579700,91,214400,2947,11400,82827,1000,0,1,2001-09-04,D,53
114,03,05,06,07,11,08,10,34,7539900,142,129600,4683,6800,123086,600,0,1,2001-09-11,J,32
115,10,15,29,30,31,16,9,17,15659100,119,160700,2811,11700,77158,1100,0,1,2001-09-18,I,115
116,02,07,13,18,23,11,6,21,12332600,160,116200,3249,9900,79527,1000,0,1,2001-09-25,F,63
117,05,11,12,23,24,03,1,41,6557000,235,82100,4648,7200,113307,700,0,1,2001-10-02,A,75
118,02,04,12,20,23,14,5,18,14373500,85,218600,2509,12800,74008,1100,0,1,2001-10-09,E,61
119,12,14,25,29,30,05,1,11,24662800,131,148700,2306,14600,74615,1100,0,1,2001-10-16,A,110
120,08,12,14,18,27,24,8,22,12769000,136,148300,3212,10800,92838,900,0,1,2001-10-23,H,79
121,05,17,18,24,30,20,1,40,7575400,85,256100,4582,8200,103368,900,0,1,2001-10-30,A,94
122,01,08,23,27,28,09,2,11,27039800,82,260500,2356,15700,79430,1200,0,1,2001-11-06,B,87
123,01,05,06,13,15,21,6,23,13030200,102,211000,3138,11800,94455,1000,0,1,2001-11-13,F,40
124,05,07,17,19,27,09,4,38,7898400,161,133900,4377,8500,115587,800,0,1,2001-11-20,D,75
125,02,21,22,27,29,24,8,23,13130500,99,219100,2749,13600,87188,1100,0,1,2001-11-27,H,101
126,07,16,18,22,25,21,1,30,10023900,102,211800,4584,8100,93133,1000,0,1,2001-12-04,A,88
127,08,09,18,29,31,24,6,28,10831800,100,217800,2881,13100,79205,1200,0,1,2001-12-11,F,95
128,03,06,22,24,27,26,1,24,12614400,171,127100,4200,8900,113968,800,0,1,2001-12-18,A,82
129,02,13,20,25,30,12,2,29,10222300,173,123100,3913,9400,97858,900,0,1,2001-12-25,B,90
130,03,04,11,17,26,05,8,32,9784200,172,130700,4415,8800,116329,800,0,1,2002-01-08,H,61
131,01,09,12,18,21,15,4,30,9818600,116,182400,3027,12100,84522,1100,0,1,2002-01-15,D,61
132,07,13,17,19,24,18,7,33,9191400,87,250400,4538,8300,104524,900,0,1,2002-01-22,G,80
133,04,07,11,18,31,27,4,26,12020000,224,100200,3874,10000,98217,1000,0,1,2002-01-29,D,71
134,04,05,13,16,18,20,1,19,16508600,77,292600,3075,12700,97295,1000,0,1,2002-02-05,A,56
135,04,07,08,09,24,20,6,21,14793100,90,247900,3048,12600,93399,1000,1050755000,1,2002-02-12,F,52
136,05,11,14,18,28,08,10,23,13753200,146,155600,3724,10500,114334,900,1069932000,1,2002-02-19,J,76
137,03,15,20,25,28,30,2,25,12719300,107,213400,3419,11500,96330,1000,1075537200,1,2002-02-26,B,91
138,01,04,21,30,31,16,9,25,12469000,118,189700,2612,14800,76668,1300,1054373200,1,2002-03-05,I,87
139,14,17,20,26,28,23,7,19,16476500,95,236700,2484,15600,82695,1200,1058871600,1,2002-03-12,G,105
140,08,09,17,20,29,06,10,17,18030600,121,181900,2895,13100,80749,1200,1036767200,1,2002-03-19,J,83
141,04,06,09,20,24,16,1,18,17067000,149,148100,3387,11200,95316,1000,1039087600,1,2002-03-26,A,63
142,10,11,24,25,30,08,10,28,11087500,163,136800,4732,8100,111508,900,1050059600,1,2002-04-02,J,100
143,17,18,20,23,26,06,2,15,20277400,132,165500,2309,16400,74783,1300,1028790400,1,2002-04-09,B,104
144,04,13,14,19,28,05,8,30,10219400,160,137600,3633,10500,106654,900,1036977800,1,2002-04-16,H,78
145,13,14,19,24,28,03,5,12,25940900,122,183300,3565,10800,84490,1200,1052904400,1,2002-04-23,E,98
146,01,06,11,12,18,08,7,36,8498700,103,213400,4666,8100,111823,800,1034858400,1,2002-04-30,G,48
147,05,10,21,27,28,02,6,37,8106500,159,135500,4041,9200,108337,900,1014518200,1,2002-05-07,F,91
148,02,07,19,26,31,24,1,42,7342100,137,161700,3741,10200,91536,1000,1043030600,1,2002-05-14,A,85
149,05,06,17,27,28,20,7,35,8612200,166,130400,4300,8700,113839,800,1019550000,1,2002-05-21,G,83
150,02,11,16,24,26,04,4,95,3177600,222,97600,5701,6500,114175,800,1021071000,1,2002-05-28,D,79
151,04,10,13,14,19,12,9,30,9715800,78,268400,7586,4700,101232,900,985876600,1,2002-06-04,I,60
152,01,02,11,22,30,27,8,30,9433000,173,117500,5114,6800,99633,900,957179800,1,2002-06-11,H,66
153,02,03,08,23,29,06,6,13,21614600,97,208100,4542,7700,98429,900,950415000,1,2002-06-18,F,65
154,02,10,16,19,22,17,2,20,14876500,89,240100,3261,11300,85921,1100,1006365200,1,2002-06-25,B,69
155,09,10,16,21,23,04,9,21,14535700,156,140500,2967,12800,88329,1100,1032474400,1,2002-07-02,I,79
156,02,03,13,19,31,15,7,8,37293700,75,285700,2834,13100,90132,1000,1009131200,1,2002-07-09,G,68
157,01,05,14,18,20,06,10,60,5058400,128,170300,3384,11100,98216,1000,1026582000,1,2002-07-16,J,58
158,03,14,16,20,31,25,6,25,11519300,120,172400,2414,14800,73573,1200,974071800,1,2002-07-23,F,84
159,07,11,16,23,24,13,1,28,10224100,132,155800,4452,8000,110595,800,968291600,1,2002-07-30,A,81
160,04,23,24,30,31,27,1,8,34873300,70,286300,2155,16100,71243,1200,943639800,1,2002-08-06,A,112
161,02,03,04,17,19,08,9,12,21909200,102,185100,2796,11700,84234,1000,889265000,1,2002-08-13,I,45
162,06,14,17,23,31,20,2,35,7888200,123,161200,3352,10200,80387,1100,933838600,1,2002-08-20,B,91
163,01,12,13,16,28,31,1,36,8183800,105,201500,3603,10100,96685,900,996514000,1,2002-08-27,A,70
164,07,09,16,26,30,28,10,14,21346300,108,198700,2911,12700,90179,1000,1010821200,1,2002-09-03,J,88
165,09,16,24,25,26,20,6,26,11557700,64,337300,3085,12100,88388,1100,1016406600,1,2002-09-10,F,100
166,08,13,21,24,28,16,5,23,12287600,237,85600,3310,10600,94826,900,955916200,1,2002-09-17,E,94
167,11,19,20,25,26,23,3,18,16037000,88,235600,3028,11800,82403,1100,976381000,1,2002-09-24,C,101
168,02,08,11,16,30,17,2,46,6247300,165,125100,5225,6800,114747,800,972022800,1,2002-10-01,B,67
169,08,15,18,25,31,13,9,20,14584400,98,213800,2729,13300,78685,1200,986605200,1,2002-10-08,I,97
170,02,07,14,20,22,05,6,33,8674100,90,228400,3897,9100,92080,1000,968195000,1,2002-10-15,F,65
171,02,06,09,12,31,17,8,14,21139900,98,216900,2562,14300,81213,1100,1001047200,1,2002-10-22,H,60
172,01,04,14,21,28,03,4,23,13064500,104,207500,4200,8900,91178,1000,1016350000,1,2002-10-29,D,68
173,11,18,20,22,29,10,1,18,16024000,99,209300,2953,12100,86477,1000,975587400,1,2002-11-05,A,100
174,01,03,08,21,22,02,6,19,15702600,90,238100,2631,14100,84301,1100,1009134400,1,2002-11-12,F,55
175,08,12,17,19,24,05,10,33,8978700,291,73100,4216,8700,102840,900,1002193800,1,2002-11-19,J,80
176,12,14,24,26,30,18,3,15,19706000,153,138700,2688,13600,85958,1100,999797400,1,2002-11-26,C,106
177,07,13,17,21,30,20,3,41,7274600,99,216400,3461,10700,89096,1000,1008833600,1,2002-12-03,C,88
178,03,24,26,28,31,20,2,13,22532700,64,328800,2428,15000,81994,1100,990786800,1,2002-12-10,B,112
179,01,07,26,30,31,12,7,23,13339100,118,186700,2453,15500,78950,1200,1037718400,1,2002-12-17,G,95
180,17,18,19,21,28,22,9,13,23089700,84,256700,2479,15000,82612,1100,1015277800,1,2002-12-24,I,103
181,01,03,14,16,26,12,8,26,12209100,164,139000,4227,9300,102558,1000,1073694400,1,2003-01-07,H,60
182,02,10,14,23,24,06,1,26,11759500,131,167600,3327,11400,96538,1000,1034158000,1,2003-01-14,A,73
183,03,09,13,25,26,07,6,47,6608600,197,113200,4997,7700,113350,800,1050591000,1,2003-01-21,F,76
184,02,10,23,30,31,16,5,10,31655200,338,67200,3111,12600,97091,1000,1070701800,1,2003-01-28,E,96
185,07,19,20,25,28,02,4,25,12796200,171,134400,3939,10100,100711,1000,1082047200,1,2003-02-04,D,99
186,08,12,20,21,25,22,6,38,7852400,91,235500,3570,10400,89997,1000,1009280800,1,2003-02-11,F,86
187,04,06,17,24,25,01,10,32,9988500,104,220700,4069,9700,105089,900,1081119000,1,2003-02-18,J,76
188,07,16,24,25,28,30,4,41,7820800,163,141300,5023,7900,119148,800,1084573600,1,2003-02-25,D,100
189,09,16,22,25,26,03,8,50,6333100,257,88500,4936,7900,106939,900,1071057600,1,2003-03-04,H,98
190,04,05,21,27,29,02,6,25,12736700,77,297000,3361,11700,94224,1100,1077012000,1,2003-03-11,F,86
191,01,06,08,12,13,02,3,16,19780100,107,212400,3332,11800,95394,1000,1070465000,1,2003-03-18,C,40
192,06,07,10,11,17,03,7,26,11907500,133,167200,3402,11300,100789,1000,1047170000,1,2003-03-25,G,51
193,06,08,18,20,22,11,2,21,14813000,132,169300,2905,13300,86438,1100,1052173400,1,2003-04-01,B,74
194,03,06,15,17,23,01,6,40,7667500,91,242100,4488,8500,108707,900,1037383600,1,2003-04-08,F,64
195,01,02,06,15,23,21,1,26,12151600,88,257900,3608,10900,98795,1000,1068639000,1,2003-04-15,A,47
196,02,04,14,21,22,16,5,42,7514700,233,97300,4087,9600,109167,900,1067537800,1,2003-04-22,E,63
197,08,18,20,21,31,01,10,18,16226700,95,220800,2936,12300,78829,1200,987932600,1,2003-04-29,J,98
198,13,20,21,25,28,14,6,18,16944400,143,153200,3774,10000,96782,1000,1031624800,1,2003-05-06,F,107
199,01,09,21,26,29,25,9,12,26572800,80,286300,2297,17200,79761,1300,1078555000,1,2003-05-13,I,86
200,01,04,12,13,18,25,3,35,9035000,148,153500,3192,12300,91665,1100,1069594800,1,2003-05-20,C,48
201,03,05,23,25,26,17,4,30,10628000,256,89400,4076,9700,110637,900,1078442400,1,2003-05-27,D,82
202,06,10,11,18,31,25,1,45,6972100,214,105300,4087,9500,106227,900,1061212000,1,2003-06-03,A,76
203,04,10,18,22,25,20,8,45,6758500,129,169300,3885,9700,102362,900,1028694600,1,2003-06-10,H,79
204,07,18,22,24,29,09,7,15,20038200,142,152000,3536,10500,97139,1000,1016654800,1,2003-06-17,G,100
205,03,04,13,14,23,12,2,69,4397100,170,128200,3368,11200,97020,1000,1026226800,1,2003-06-24,B,57
206,06,08,12,27,31,24,5,27,11578600,154,145800,3367,11500,95234,1000,1057413200,1,2003-07-01,E,84
207,03,04,10,16,25,07,9,20,15840500,132,172400,3799,10300,107927,900,1071571600,1,2003-07-08,I,58
208,06,10,13,16,17,29,10,19,16562900,148,152700,3088,12600,99609,1000,1064423000,1,2003-07-15,J,62
209,07,17,23,27,29,12,3,26,11395000,178,119500,4378,8400,104431,900,1002097400,1,2003-07-22,C,103
210,09,10,18,19,29,21,7,40,7643500,147,149400,4349,8700,90869,1000,1034128200,1,2003-07-29,G,85
211,09,10,13,18,22,15,4,32,9141300,108,194500,3681,9800,102374,900,989424600,1,2003-08-05,D,72
212,01,05,10,14,30,26,6,18,15639200,116,174300,2548,13700,76100,1200,952159600,1,2003-08-12,F,60
213,01,02,03,09,29,27,8,18,16502700,93,229400,3020,12200,86436,1100,1004736200,1,2003-08-19,H,44
214,02,08,16,18,28,12,1,67,4516500,276,78700,6308,5900,125574,700,1023539200,1,2003-08-26,A,72
215,04,15,20,21,28,16,9,37,8266700,158,139000,3719,10200,94039,1000,1034573200,1,2003-09-02,I,88
216,03,07,13,16,17,02,2,30,10002300,110,195900,4808,7700,112953,800,1014954800,1,2003-09-09,B,56
217,02,08,17,19,23,21,5,46,6283200,142,146200,4577,7800,105395,800,977613800,1,2003-09-16,E,69
218,09,16,24,25,29,23,8,48,5752200,153,129600,4298,7900,97891,900,933895000,1,2003-09-23,H,103
219,01,15,17,21,28,06,6,17,17649600,153,140800,2696,13800,83945,1100,1014859800,1,2003-09-30,F,82
220,09,10,11,21,29,05,10,41,7260800,146,146400,4354,8500,106227,900,1006910800,1,2003-10-07,J,80
221,04,08,14,22,26,09,3,34,8093100,104,190000,4133,8200,99223,900,930716400,1,2003-10-14,C,74
222,10,18,21,26,28,09,1,22,13581300,262,81900,3282,11300,96339,1000,1010621000,1,2003-10-21,A,103
223,04,10,16,19,22,21,7,37,8132300,151,143100,5714,6500,98948,900,1017749000,1,2003-10-28,G,71
224,12,16,27,30,31,14,10,25,11611100,70,297900,3465,10400,82546,1100,981834600,1,2003-11-04,J,116
225,13,14,18,24,26,16,4,24,12491200,85,253300,3134,11900,89958,1000,1014005200,1,2003-11-11,D,95
226,04,12,14,26,30,28,9,33,9236600,203,107800,4218,8900,100408,900,1030983400,1,2003-11-18,I,86
227,02,04,07,21,30,20,2,15,19058600,109,188400,2481,14300,76229,1200,966951000,1,2003-11-25,B,64
228,10,17,21,24,27,02,6,37,8253700,137,160100,3280,11500,99329,1000,1032934200,1,2003-12-02,F,99
229,12,19,23,24,30,06,5,33,9216300,190,114900,2980,12700,89737,1100,1028715800,1,2003-12-09,E,108
230,04,16,17,25,26,19,10,64,4832700,174,127700,5741,6700,127224,700,1046164200,1,2003-12-16,J,88
231,03,04,10,11,24,28,4,31,9241500,200,102900,4625,7700,108085,800,969015200,1,2003-12-23,D,52
232,03,12,20,24,26,31,1,26,11252200,115,182700,3758,9600,100453,900,989546000,1,2003-12-30,A,85
233,08,14,19,21,29,25,8,28,9633000,120,161400,3187,10500,80332,1000,912315600,1,2004-01-06,H,91
234,16,18,22,23,26,02,3,25,11889400,181,117900,4182,8800,106316,900,1005367400,1,2004-01-13,C,105
235,05,06,16,17,31,08,6,25,12505600,108,207900,3106,12500,88568,1100,1057471000,1,2004-01-20,F,75
236,14,17,23,24,29,03,2,26,12232000,117,133600,4006,9800,103847,900,1075704800,1,2004-01-27,B,107
237,06,08,17,18,28,20,7,78,4084300,151,151500,6111,6400,126695,800,1077558400,1,2004-02-03,G,77
238,13,15,17,22,25,26,4,28,11373600,257,89000,3843,10300,101080,1000,1077156200,1,2004-02-10,D,92
239,16,18,21,23,27,31,9,34,9365000,75,305000,4882,8100,114199,900,1076984800,1,2004-02-17,I,105
240,02,06,14,28,29,11,1,35,8967100,133,169500,4376,8900,101184,1000,1061557200,1,2004-02-24,A,79
241,01,02,04,13,26,07,3,18,17473900,119,189800,3492,11200,101791,1000,1063863400,1,2004-03-02,C,46
242,05,12,23,27,31,14,5,23,13464500,184,120900,4027,9500,102709,900,1047470400,1,2004-03-09,E,98
243,04,11,15,27,28,01,10,44,7008100,115,192600,7183,5300,118862,800,1042988200,1,2004-03-16,J,85
244,06,11,21,22,25,15,6,24,12380400,123,173500,3292,11200,97451,900,1005006800,1,2004-03-23,F,85
245,01,10,14,21,28,23,2,47,6384800,105,205300,3982,9300,89790,1000,1015010000,1,2004-03-30,B,74
246,01,12,15,20,23,04,1,33,9153300,163,133100,2901,12900,82832,1100,1021685200,1,2004-04-06,A,71
247,07,11,19,27,31,02,10,41,7320300,182,118400,3538,10500,91647,1000,1015165400,1,2004-04-13,J,95
248,04,13,16,24,29,12,2,78,3861100,220,98300,6369,5800,124697,700,1018657400,1,2004-04-20,B,86
249,09,11,12,18,20,07,7,24,12114300,91,229500,2993,12000,87119,1000,983404000,1,2004-04-27,G,70
250,01,03,11,12,31,22,9,27,9291200,121,148900,3185,9800,74924,1000,848518200,1,2004-05-04,I,58
251,01,03,19,20,23,28,8,24,12296000,96,220800,2568,14300,73461,1300,998156800,1,2004-05-11,H,66
252,12,18,24,27,31,22,9,25,11521100,87,237800,3866,9200,95420,900,974225600,1,2004-05-18,I,112
253,01,03,10,21,25,29,5,28,10284600,118,175300,2924,12200,86212,1000,974019400,1,2004-05-25,E,60
254,03,07,22,25,29,27,4,31,9187600,103,198600,3593,9800,94078,900,963354800,1,2004-06-01,D,86
255,12,17,20,27,29,18,1,21,13221400,89,224100,2727,12600,83401,1000,939118200,1,2004-06-08,A,105
256,05,09,15,16,27,28,6,29,9810900,184,111000,4155,8500,95624,900,962350400,1,2004-06-15,F,72
257,02,09,12,20,31,10,3,19,14706700,85,236100,2577,13500,73193,1200,945134800,1,2004-06-22,C,74
258,04,06,09,19,22,05,7,29,10037800,97,215500,3129,11500,86806,1000,984603600,1,2004-06-29,G,60
259,05,07,11,12,23,17,9,60,4631000,182,109600,5125,6700,115172,700,939829800,1,2004-07-06,I,58
260,06,07,17,19,23,28,10,49,5572500,150,130700,3707,9100,98354,900,923580800,1,2004-07-13,J,72
261,02,03,05,14,29,18,4,10,25798200,94,197100,2358,13600,75413,1100,872594200,1,2004-07-20,D,53
262,05,19,23,27,28,02,6,20,13382700,131,146700,3648,9100,95778,900,905312800,1,2004-07-27,F,102
263,15,25,28,30,31,02,1,15,17632800,93,204300,1924,17100,63955,1300,894612400,1,2004-08-03,A,129
264,02,04,07,25,30,15,5,24,10468800,118,152900,2847,10900,79610,1000,849830200,1,2004-08-10,E,68
265,01,03,24,26,28,21,10,17,15007500,76,241100,2709,11700,76174,1000,862838400,1,2004-08-17,J,82
266,03,08,25,28,31,06,4,19,14047900,105,182600,3690,9000,94718,900,902796800,1,2004-08-24,D,95
267,08,14,15,19,25,31,8,30,8873500,160,119500,3159,10400,83339,1000,900414400,1,2004-08-31,H,81
268,17,18,20,27,31,13,6,19,13679800,85,219600,2045,15800,66358,1200,879137000,1,2004-09-07,F,113
269,03,07,20,23,29,16,3,40,6826100,225,87100,3570,9500,93057,900,923550600,1,2004-09-14,C,82
270,09,10,11,14,19,21,2,13,20034000,96,194900,2363,13700,73686,1100,880917400,1,2004-09-21,B,63
271,06,13,15,24,31,20,10,37,7274300,86,224800,3929,8500,80782,1000,910365000,1,2004-09-28,J,89
272,04,16,21,28,29,09,1,28,9346900,310,60600,4555,7100,99611,800,885215200,1,2004-10-05,A,98
273,03,05,07,11,17,23,5,29,8742000,292,62300,4163,7500,104060,700,857500400,1,2004-10-12,E,43
274,07,08,09,16,25,12,4,26,10293100,146,131600,3576,9300,86151,1000,905195400,1,2004-10-19,D,65
275,11,16,17,21,22,19,7,20,13412000,66,291900,2661,12500,81514,1000,907294400,1,2004-10-26,G,87
276,12,16,19,20,23,11,2,39,7132500,202,98900,4762,7200,98254,900,940874800,1,2004-11-02,B,90
277,04,14,16,19,22,10,3,16,17511600,254,79200,2910,11900,84958,1000,947697800,1,2004-11-09,C,75
278,08,12,13,14,24,16,3,10,28194000,200,101200,2851,12300,86014,1000,953628800,1,2004-11-16,C,71
279,02,07,19,23,25,11,9,43,5986300,223,82900,4024,7900,96125,800,870663600,1,2004-11-23,I,76
280,04,09,13,15,19,12,8,17,16608000,94,215700,3331,10500,87860,1000,954970000,1,2004-11-30,H,60
281,05,07,11,13,21,27,10,38,7439100,197,103000,3829,9100,103121,800,956157400,1,2004-12-07,J,57
282,01,02,18,27,29,13,9,17,16662500,97,209700,2440,14400,74344,1200,958106400,1,2004-12-14,I,77
283,11,15,19,20,29,01,6,15,18924100,88,231700,2628,13400,78689,1100,960127000,1,2004-12-21,F,94
284,01,05,08,11,18,30,1,30,9528900,140,146600,3437,10300,88976,1000,966914000,1,2004-12-28,A,43
285,08,17,19,24,26,16,2,26,7630900,95,150000,2923,8400,64835,900,671079800,1,2005-01-04,B,94
286,14,15,20,22,30,02,4,20,13655200,87,225500,2401,14100,68848,1200,923746000,1,2005-01-11,D,101
287,02,07,14,19,21,01,5,42,6878000,104,199500,4732,7600,100398,900,977096800,1,2005-01-18,E,63
288,06,16,21,29,31,18,7,17,17475700,125,170700,2709,13600,82021,1100,1004861600,1,2005-01-25,G,103
289,05,06,11,24,28,18,7,29,9970600,210,98900,4043,8900,99863,900,978013000,1,2005-02-01,G,74
290,03,08,11,23,30,05,9,40,7197400,173,119500,4743,7500,109396,800,973780400,1,2005-02-08,I,75
291,04,08,21,23,26,22,8,29,9948300,103,201200,3109,11500,89249,1000,975822400,1,2005-02-15,H,82
292,02,07,13,25,31,17,10,48,5984900,198,104200,4756,7500,102544,900,971689400,1,2005-02-22,J,78
293,14,15,16,24,25,12,1,23,12479700,107,192700,2853,12500,80698,1100,970856600,1,2005-03-01,A,94
294,14,23,26,29,31,28,2,6,40000000,70,995500,2793,12800,81308,1100,977280400,1,2005-03-08,B,123
295,08,14,16,17,26,05,5,26,11197400,245,85300,4387,8200,109606,800,984721000,1,2005-03-15,E,81
296,08,14,18,24,29,19,3,38,7159900,176,111000,3985,8500,100977,800,920269000,1,2005-03-22,C,93
297,05,09,18,25,30,31,4,45,6305600,135,151000,4188,8400,97486,900,959766000,1,2005-03-29,D,87
298,08,10,12,15,22,16,6,17,16389100,99,202100,2890,12000,81964,1100,942383400,1,2005-04-05,F,67
299,02,09,15,26,31,11,7,47,6410500,142,152400,3547,10500,89194,1100,1019095800,1,2005-04-12,G,83
300,10,13,16,22,28,07,9,45,6424100,206,100800,4474,8000,95087,900,977803200,1,2005-04-19,I,89
301,05,11,16,26,31,12,1,52,5500900,156,131700,4483,7900,107605,800,967533400,1,2005-04-26,A,89
302,06,07,09,14,20,22,2,10,25458000,87,210200,2109,15000,66227,1200,861087800,1,2005-05-03,B,56
303,13,14,16,19,25,01,10,19,15129200,87,237300,3396,10500,96539,900,972281200,1,2005-05-10,J,87
304,03,10,11,14,20,17,8,17,16713200,96,212600,2621,13400,82852,1100,961021400,1,2005-05-17,H,58
305,10,11,13,16,24,22,3,23,12214700,172,117300,4575,7600,102505,800,950244000,1,2005-05-24,C,74
306,17,20,23,24,31,11,5,22,12903500,122,167100,2662,13200,78414,1100,960181200,1,2005-05-31,E,115
307,02,10,15,21,28,12,6,54,5180800,132,152200,3409,10200,82805,1100,946277800,1,2005-06-07,F,76
308,01,13,17,22,27,16,7,36,7450000,116,166100,3367,9900,91133,900,907165200,1,2005-06-14,G,80
309,08,14,17,22,23,01,9,37,7572300,98,205300,4758,7300,105910,800,947664800,1,2005-06-21,I,84
310,06,14,17,24,25,11,1,35,8108500,199,102400,4199,8400,102848,800,959914400,1,2005-06-28,A,86
311,02,17,19,28,29,10,6,18,15815700,90,227200,2394,14800,76267,1200,962910000,1,2005-07-05,F,95
312,07,12,17,18,21,11,8,23,12565100,152,136500,3673,9700,98384,900,977504400,1,2005-07-12,H,75
313,01,07,26,27,31,30,4,18,15149100,112,174900,2562,13200,71890,1200,922324200,1,2005-07-19,D,92
314,02,07,16,18,20,28,10,22,12510800,116,170400,2635,13000,81083,1100,930961400,1,2005-07-26,J,63
315,07,11,15,28,31,14,2,37,7512300,131,152400,3681,9400,96522,900,940152800,1,2005-08-02,B,92
316,24,25,28,29,30,27,7,15,17697300,75,254200,1866,17700,60187,1400,897885800,1,2005-08-09,G,136
317,08,10,11,22,23,12,5,54,4698000,218,83600,4241,7400,93759,800,858099400,1,2005-08-16,E,74
318,09,18,19,30,31,16,9,35,7963800,103,194400,3401,10200,77015,1100,942791400,1,2005-08-23,I,107
319,03,20,21,22,27,09,3,12,23277200,142,141300,2882,12000,88416,1000,944791400,1,2005-08-30,C,93
320,06,07,13,28,30,12,1,20,13491900,212,91400,2943,11400,84228,1000,912696600,1,2005-09-06,A,84
321,02,11,18,21,27,15,2,20,14100400,108,187500,3465,10100,92547,900,953861000,1,2005-09-13,B,79
322,05,08,10,28,31,02,6,14,19488700,104,188400,2871,11800,84432,1000,922858000,1,2005-09-20,F,82
323,05,15,19,22,27,29,10,26,10959800,106,193100,3809,9300,91988,1000,963833200,1,2005-09-27,J,88
324,05,06,13,29,30,17,4,37,7569100,198,101600,3391,10200,89475,1000,947266000,1,2005-10-04,D,83
325,08,11,13,15,28,22,1,29,9407400,235,83400,4247,7900,108127,800,922764800,1,2005-10-11,A,75
326,01,03,06,11,25,12,8,20,14347500,179,115100,3082,11500,86206,1000,970578600,1,2005-10-18,H,46
327,08,14,19,25,28,16,1,43,6951700,258,83200,4874,7600,105793,900,1011076200,1,2005-10-25,A,94
328,01,02,11,12,18,08,7,18,16572100,166,129000,3599,10300,96204,1000,1008957200,1,2005-11-01,G,44
329,05,14,15,17,29,10,5,19,15262900,109,191100,3876,9300,103197,900,980874000,1,2005-11-08,E,80
330,03,13,15,19,24,08,2,23,12588200,204,11900,3169,11300,94856,900,979298200,1,2005-11-15,B,74
331,06,19,21,29,30,24,3,14,21391600,69,311800,2614,14200,80065,1200,1012965000,1,2005-11-22,C,105
332,04,09,24,28,29,25,9,22,13705300,85,254800,3866,9700,96420,1000,1019846800,1,2005-11-29,I,94
333,19,21,22,26,28,24,1,17,17382100,78,272100,2290,16000,76342,1200,999479400,1,2005-12-06,A,116
334,07,12,22,23,25,13,1,30,9879000,272,78200,3718,9900,105737,900,1002445000,1,2005-12-13,A,89
335,14,16,23,25,31,22,6,28,10782300,111,195400,3348,11200,91230,1000,1021164200,1,2005-12-20,F,109
336,10,14,20,27,28,08,4,22,13641500,235,91700,3605,10300,96181,1000,1015102600,1,2005-12-27,D,99
337,04,07,21,22,23,15,10,19,16779400,174,131600,3146,12600,94214,1100,1078335000,1,2006-01-10,J,77
338,01,03,19,21,27,09,3,39,8056100,122,185000,3226,12100,89640,1100,1062714400,1,2006-01-17,C,71
339,04,09,11,15,23,26,8,44,7020700,204,108700,4688,8200,113114,800,1044858000,1,2006-01-24,H,62
340,10,14,18,23,25,31,7,40,7826500,148,151900,3810,10200,102960,900,1058897200,1,2006-01-31,G,90
341,02,05,17,18,26,03,5,61,5053900,166,133400,5197,7300,110429,900,1042747800,1,2006-02-07,E,68
342,02,15,24,25,27,09,2,14,21474500,148,145900,2827,13200,89977,1000,1016891400,1,2006-02-14,B,93
343,06,10,15,27,30,08,9,27,11398900,177,124900,5114,7400,110610,900,1031086200,1,2006-02-21,I,88
344,04,09,13,21,23,31,5,27,11398900,177,124900,5114,7400,110610,900,1040999200,1,2006-02-28,E,70
345,07,14,16,17,29,18,6,58,5438800,120,188800,4710,8300,117486,800,1066983600,1,2006-03-07,F,83
346,04,14,18,26,31,03,1,29,10435700,147,147900,3557,10500,96618,1000,1023632800,1,2006-03-14,A,93
347,10,11,20,23,27,13,3,27,10160100,144,136800,3433,9900,92435,900,927865000,1,2006-03-21,C,91
348,08,09,11,12,18,23,8,19,15486000,150,140900,3641,10000,104632,900,995216400,1,2006-03-28,H,58
349,03,05,06,07,12,18,10,29,10284200,142,150800,3717,9900,100726,900,1008770000,1,2006-04-04,J,33
350,03,09,22,24,28,27,4,11,26748600,97,217900,3502,10400,92415,1000,995213200,1,2006-04-11,D,86
351,03,06,11,12,27,26,6,73,4300700,221,102000,6299,6200,131909,700,1061911000,1,2006-04-18,F,59
352,05,07,14,17,30,29,7,24,12929600,221,100800,3643,10600,104583,900,1049594800,1,2006-04-25,G,73
353,03,13,14,17,25,18,9,34,8934700,148,147400,4728,7900,111666,800,1027505400,1,2006-05-02,I,72
354,03,06,17,19,30,01,10,44,6864700,114,190300,3751,10000,97105,1000,1021642400,1,2006-05-09,J,75
355,08,09,24,27,29,31,10,22,13593200,72,298300,2997,12400,94136,1000,1011504200,1,2006-05-16,J,97
356,06,11,17,19,22,21,1,40,7321000,134,157000,4408,8200,110216,800,990502600,1,2006-05-23,A,75
357,15,24,26,28,29,16,5,12,24816400,90,237700,2299,16100,80797,1200,1007264600,1,2006-05-30,E,122
358,04,13,18,27,31,23,7,41,7113700,175,119700,4431,8100,103083,900,986515200,1,2006-06-06,G,93
359,03,11,15,18,19,22,2,16,17876000,179,114700,3656,9700,105524,800,967416000,1,2006-06-13,B,66
360,06,11,20,27,28,05,5,48,6193700,201,106200,4709,7800,11147,800,1005583000,1,2006-06-20,E,92
361,02,04,06,12,30,05,1,40,15696000,88,243400,3173,11700,89734,1000,1008709400,1,2006-06-27,A,54
362,04,17,19,20,31,07,8,21,13895100,143,146500,2409,15000,75721,1200,986970200,1,2006-07-04,H,91
363,04,10,12,17,22,16,3,23,12695200,102,205600,3373,10700,92276,1000,987622400,1,2006-07-11,C,65
364,05,09,13,20,23,18,6,24,11358800,222,88200,3216,10500,86065,1000,922077000,1,2006-07-18,F,70
365,06,10,18,27,28,14,7,23,12403200,196,104500,3676,9600,103329,800,964903600,1,2006-07-25,G,89
366,02,11,14,19,30,03,2,27,10595200,182,112900,3536,10000,99703,900,967605000,1,2006-08-01,B,76
367,04,06,14,19,31,09,9,26,10518900,139,141300,3582,9500,93456,900,925058200,1,2006-08-08,I,74
368,01,08,17,28,29,06,5,13,19395700,107,169200,2815,11100,82089,1000,852849200,1,2006-08-15,E,83
369,04,10,23,29,30,31,6,25,11460000,82,251000,2852,12500,82520,1100,969051400,1,2006-08-22,F,96
370,10,12,16,26,28,21,10,21,13767300,120,173000,2886,12400,83307,1100,977894600,1,2006-08-29,J,92
371,10,12,19,23,31,27,10,21,13957500,126,167100,2907,12500,85265,1100,991401600,1,2006-09-05,J,95
372,01,05,22,25,30,12,3,33,9003400,140,152400,2729,13500,78301,1200,1004953000,1,2006-09-12,C,83
373,03,05,11,12,29,22,2,61,4622100,189,107100,5172,6700,118360,700,953666600,1,2006-09-19,B,60
374,09,17,27,28,29,08,9,16,18225500,180,116300,3492,10300,103774,900,986331600,1,2006-09-26,I,110
375,01,10,20,23,24,16,7,12,24528700,88,240200,2221,16500,70443,1300,995585400,1,2006-10-03,G,78
376,07,13,21,25,28,02,3,39,7255400,245,82900,4383,8000,95834,900,957082400,1,2006-10-10,C,94
377,01,12,20,21,30,06,5,19,15665600,129,165700,2672,13800,74940,1200,1006756000,1,2006-10-17,E,84
378,06,08,15,21,24,05,9,27,11045400,94,227900,3322,11100,87663,1100,1008718200,1,2006-10-24,I,74
379,02,08,15,19,28,26,4,45,6749400,185,117900,4645,8100,102008,900,1027308400,1,2006-10-31,D,72
380,02,11,12,17,31,15,1,19,15582900,107,198700,4102,8900,106851,900,1001443600,1,2006-11-07,A,73
381,03,09,19,22,23,21,8,41,7117200,141,148600,4165,8700,101921,900,987001400,1,2006-11-14,H,76
382,07,09,11,14,23,19,10,29,9962100,148,140200,3745,9600,100421,900,977172800,1,2006-11-21,J,64
383,04,07,09,17,31,12,2,22,13011400,146,140800,3476,10200,95871,900,968211200,1,2006-11-21,B,68
384,04,09,15,25,29,05,6,29,9995400,147,141600,3929,9100,96846,900,980443800,1,2006-12-05,F,82
385,06,14,20,24,27,03,7,32,9087000,141,148100,3361,10700,86712,1000,983551400,1,2006-12-12,G,91
386,01,03,05,07,23,14,3,23,12837200,117,181200,3883,9400,99801,900,998670400,1,2006-12-19,C,39
387,16,26,28,29,30,11,5,9,32280800,92,226800,2695,13400,79495,1100,982673800,1,2006-12-26,E,129
388,04,08,19,27,31,11,9,57,5506300,272,82800,5046,7700,118243,800,1061607200,1,2007-01-09,I,89
389,08,11,13,27,30,06,2,23,13113900,154,140700,4162,9000,101356,900,1020194200,1,2007-01-16,B,89
390,11,14,23,29,30,20,4,37,8111500,106,203400,4250,8700,11144,800,1015140800,1,2007-01-23,D,107
391,01,10,15,30,31,21,6,181,1700400,373,59200,5421,7000,98234,1000,1041003000,1,2007-01-30,F,87
392,03,13,15,25,30,26,8,45,6713500,125,173600,4166,9000,101465,900,1021856800,1,2007-02-06,H,86
393,15,17,18,22,30,11,10,12,23982100,114,181300,2437,14700,78026,1200,973399800,1,2007-02-13,J,102
394,02,05,21,27,31,25,1,15,19882600,91,235400,3110,11900,93643,1000,1008761000,1,2007-02-20,A,86
395,06,21,22,23,31,03,4,13,23188300,109,198600,2292,16300,75444,1300,1019611200,1,2007-02-27,D,103
396,01,06,21,25,28,22,7,22,13574700,63,340500,2924,12700,83593,1100,1010128800,1,2007-03-06,G,81
397,01,14,17,24,25,29,2,21,13927300,90,233400,2609,13900,76901,1200,989259800,1,2007-03-13,B,81
398,10,17,25,27,31,26,3,18,16163900,88,237500,3114,11600,90575,1000,984104800,1,2007-03-20,C,110
399,07,13,23,27,31,08,1,43,6834500,133,158700,4772,7600,111052,800,994038800,2,2007-03-27,A,101
400,12,20,22,24,25,26,5,13,22289300,55,378400,2003,18000,68373,1300,980084400,1,2007-04-03,E,103
401,11,13,18,26,30,06,1,28,10472300,232,90800,3870,9400,98980,900,991801400,1,2007-04-10,A,98
402,10,20,22,24,27,08,6,15,19449900,134,156400,2377,15200,74458,1200,986804600,1,2007-04-17,F,103
403,02,05,16,30,31,18,8,22,13626500,110,195700,3070,12100,88847,1000,1013982200,1,2007-04-24,H,84
404,01,08,11,26,28,24,9,27,10487200,111,183200,3364,10400,89486,1000,957735200,1,2007-05-01,I,74
405,08,09,13,27,31,17,3,39,7464000,204,102500,4924,7300,108386,800,984605200,1,2007-05-08,C,88
406,05,13,19,28,29,01,2,18,15817700,143,143000,3866,9100,95781,900,963030200,1,2007-05-15,B,94
407,05,15,21,22,31,10,5,35,8208300,206,100100,3448,10300,92402,1000,971734400,1,2007-05-22,E,94
408,07,12,22,26,30,04,10,28,10254800,177,116500,3798,9400,91273,1000,971206400,1,2007-05-29,J,97
409,02,11,19,27,28,05,7,48,5964600,232,88600,4419,8000,108455,800,968366000,1,2007-06-05,G,87
410,03,10,19,20,31,15,4,29,9616900,108,185500,3385,10200,89715,1000,943317200,1,2007-06-12,D,83
411,05,08,12,19,22,11,2,25,11525700,151,137000,3804,9400,98987,900,974609200,1,2007-06-19,B,66
412,01,05,06,09,23,16,9,29,10053800,128,163600,3436,10500,96890,900,986172800,1,2007-06-26,I,44
413,08,14,21,23,29,17,6,31,9352800,261,79800,3511,10200,91386,1000,980682200,1,2007-07-03,F,95
414,05,07,10,20,27,21,4,39,7427000,157,132500,3958,9100,101014,900,979727200,1,2007-07-10,D,69
415,11,16,24,28,30,22,8,29,9426000,124,158300,4127,8200,100656,800,924587400,1,2007-07-17,H,109
416,04,06,13,15,22,07,9,29,9507700,112,176800,4109,8300,92441,900,932608400,2,2007-07-24,I,60
417,03,09,12,23,24,22,10,56,4877300,158,124100,4782,7100,108716,800,923837800,1,2007-07-31,J,71
418,13,16,22,27,30,04,7,20,13243300,159,119600,3203,10200,83704,1000,895878400,1,2007-08-07,G,108
419,05,12,19,20,27,28,3,32,7233400,161,103200,3767,7600,82336,900,782920400,1,2007-08-14,C,83
420,02,10,13,23,27,18,5,25,10759400,134,144200,3133,10600,84853,1000,909811800,1,2007-08-21,E,75
421,11,14,24,28,29,16,1,35,7976900,128,156700,4895,7100,101814,800,944341400,1,2007-08-28,A,106
422,10,12,15,21,27,24,6,33,8499800,132,152600,4149,8400,101347,900,948741600,1,2007-09-04,F,85
423,08,14,16,24,31,07,2,31,8997100,142,141100,3649,9500,86741,1000,943385000,1,2007-09-11,B,93
424,03,04,08,11,31,24,4,20,13291200,159,120100,3186,10300,88833,900,899118800,1,2007-09-18,D,57
425,04,10,20,25,28,06,8,20,13182300,119,159100,3065,10700,80904,1000,891755200,1,2007-09-26,H,87
426,03,15,17,21,26,29,9,37,7361900,152,128700,3227,10500,84890,1000,921336600,1,2007-10-02,I,82
427,09,14,19,20,26,16,10,15,17486800,71,265400,2525,12900,69032,1200,887207000,1,2007-10-09,J,88
428,11,20,24,27,29,21,5,13,21067400,77,255500,2806,12100,86305,1000,926353800,1,2007-10-16,E,111
429,11,18,22,26,30,20,3,32,8673200,68,293200,4156,8300,97242,900,938756200,1,2007-10-23,C,107
430,03,07,16,18,21,27,1,28,9918400,190,105000,3370,10200,87078,1000,939342800,1,2007-10-30,A,65
431,03,12,14,24,25,02,7,16,17285700,125,158900,3265,10500,86825,1000,935472400,1,2007-11-06,G,78
432,03,09,14,22,25,12,4,32,9019000,149,139100,4056,8800,96977,900,976191200,1,2007-11-13,D,73
433,01,12,17,20,27,14,8,16,17932700,74,278500,2865,12400,82590,1100,970483600,1,2007-11-20,H,77
434,01,06,10,11,22,18,9,34,8373300,142,144000,3614,9800,94079,900,962937800,1,2007-11-27,I,50
435,08,19,22,25,27,06,2,27,10316600,130,153900,3550,9700,94193,900,942163400,2,2007-12-04,B,101
436,07,08,18,21,24,17,6,20,14262800,109,188000,4162,8500,94018,900,964847800,1,2007-12-11,F,78
437,09,13,15,28,31,12,5,38,7646100,115,181500,6060,5900,102410,900,982757400,1,2007-12-18,E,96
438,01,02,10,13,21,16,10,13,22084600,79,261000,2365,15100,73725,1200,971081000,1,2007-12-25,J,47
439,10,17,19,21,23,16,3,18,17363100,107,209800,3157,12300,90544,1100,1057117600,1,2008-01-08,C,90
440,05,12,13,21,30,28,2,21,13697700,125,165300,3341,10700,90854,1000,972948200,1,2008-01-15,B,81
441,06,08,19,28,30,17,7,31,9683200,198,108900,3407,10900,92829,1000,1015328800,1,2008-01-22,G,91
442,05,08,19,24,30,17,4,34,8628100,229,92000,4098,8900,99286,900,992243400,1,2008-01-29,D,86
443,05,17,22,23,30,20,1,32,9298700,101,211600,4282,8600,99559,900,1006462200,1,2008-02-05,A,97
444,01,11,17,30,31,13,8,24,11837600,143,142700,3939,8900,91229,1000,960946000,1,2008-02-12,H,90
445,07,16,18,26,31,25,5,23,12924500,151,141400,3065,12000,83856,1100,1005465000,1,2008-02-19,E,98
446,10,11,15,16,17,04,1,21,14040800,99,213900,2680,13600,82504,1100,997317200,1,2008-02-26,A,69
447,14,17,20,25,26,08,9,16,18466200,180,117900,2949,12400,90016,1000,999355200,1,2008-03-04,I,102
448,01,07,12,17,18,25,10,18,16289500,167,126100,3610,10100,89969,1000,991751200,1,2008-03-11,J,55
449,07,08,10,11,20,12,6,18,16030900,188,110200,3612,9900,96378,900,976011200,1,2008-03-18,F,56
450,02,05,08,13,27,26,3,51,5673200,201,103400,4554,7900,107543,800,978644200,1,2008-03-25,C,55
451,03,07,12,14,16,31,7,22,12884000,99,205600,4409,8000,100186,900,958730400,1,2008-04-01,G,52
452,02,12,16,18,30,20,2,30,9295300,104,192600,3099,11200,86317,1000,943215200,1,2008-04-08,B,78
453,04,07,12,17,27,24,4,38,7712800,235,89500,5104,7100,119382,700,991332400,1,2008-04-15,D,67
454,02,05,13,20,24,12,5,12,24042600,156,132800,3407,10500,86942,1000,975857200,1,2008-04-22,E,64
455,01,10,16,24,26,09,5,10,27112800,118,165000,2449,13700,69454,1200,917057400,1,2008-04-29,E,77
456,06,08,10,16,20,02,10,15,17152700,116,159300,2773,11500,77033,1000,870257400,1,2008-05-06,J,60
457,02,16,17,22,28,11,8,33,8608300,291,70100,3533,10000,93435,900,960846800,1,2008-05-13,H,85
458,06,08,15,24,31,01,3,28,9702900,122,174200,3311,10200,83117,1000,918931800,1,2008-05-20,C,84
459,12,13,26,27,29,02,1,26,10455700,122,160000,3258,10300,85406,1000,919499400,1,2008-05-27,A,107
460,10,11,25,27,30,04,9,38,6997400,202,94500,4972,6600,106401,800,899388800,1,2008-06-03,I,103
461,06,12,17,20,26,11,6,32,8331400,170,112600,3758,8800,93065,900,901759000,1,2008-06-10,F,81
462,04,19,22,25,29,27,8,19,14402600,86,228500,2876,11800,79271,1100,925591400,1,2008-06-17,H,99
463,12,13,16,21,23,18,5,11,25274900,116,172100,2563,13500,81103,1100,940382400,1,2008-06-24,E,85
464,01,12,16,22,28,15,2,27,10738700,101,206200,3205,11200,89965,1000,980703200,1,2008-07-01,B,79
465,13,18,21,25,28,07,7,21,13657600,293,70300,3435,10300,89524,1000,970104000,1,2008-07-08,G,105
466,15,16,19,20,29,17,5,11,25579600,85,237800,2304,15200,73624,1200,951720000,1,2008-07-15,E,99
467,01,02,13,15,23,26,1,16,16572400,73,260900,2292,14400,69396,1200,896867200,2,2008-07-22,A,54
468,07,08,13,24,27,10,10,30,9085900,176,111200,4232,8000,108146,800,921960000,1,2008-07-29,J,79
469,05,09,12,16,19,03,3,29,9266400,137,140900,3194,10400,91883,900,908940400,1,2008-08-05,C,61
470,11,15,22,30,31,14,9,21,12129800,191,95800,3511,9000,91576,900,861582600,1,2008-08-12,I,109
471,13,17,20,23,30,28,1,22,12285600,138,140700,3454,9700,91379,900,914207200,1,2008-08-19,A,103
472,04,15,17,20,21,03,6,26,10729000,111,180500,2687,12900,77481,1100,943536000,1,2008-08-26,F,77
473,04,05,18,20,26,03,2,16,17757900,109,187200,2822,12500,78266,1100,961026800,1,2008-09-02,B,73
474,05,12,14,18,23,11,8,30,9378600,140,144300,4934,7000,98745,900,951663200,1,2008-09-09,H,72
475,08,09,12,14,24,30,4,22,12376100,120,163000,3223,10500,92052,900,920935400,1,2008-09-16,D,67
476,03,10,12,20,24,13,5,23,11358800,133,141100,3404,9500,90405,900,883657400,1,2008-09-23,E,69
477,01,04,13,20,28,31,1,21,13131200,80,247600,2723,12600,78780,1100,932714400,1,2008-09-30,A,66
478,03,17,18,22,25,05,3,27,10239100,203,97800,3707,9200,90587,900,935082400,1,2008-10-07,C,85
479,14,22,26,27,29,21,7,18,14378900,103,180500,2673,12000,78762,1000,875429800,1,2008-10-14,G,118
480,05,07,18,25,31,23,10,21,13275900,124,161500,3220,10700,87108,1000,942986800,1,2008-10-21,J,86
481,03,07,13,16,25,31,6,51,5612900,167,123100,5053,7000,102993,900,968236800,1,2008-10-28,F,64
482,02,16,20,24,29,05,4,34,8166600,153,130300,3539,9700,87946,1000,939168200,1,2008-11-04,D,91
483,07,20,23,27,29,25,2,12,23315500,90,223300,2697,12900,81404,1100,946342200,1,2008-11-11,B,106
484,01,03,04,19,29,27,9,13,21265800,68,292000,2165,15800,69403,1200,935080200,1,2008-11-18,I,56
485,03,08,10,15,31,18,8,31,8512600,127,149200,3194,10200,86760,900,892583000,1,2008-11-25,H,67
486,05,08,20,22,26,19,5,25,11159700,152,131800,3264,10600,88681,1000,943661200,1,2008-12-02,E,81
487,15,17,20,22,29,16,6,16,17092600,105,187100,2845,11900,80445,1100,925020600,2,2008-12-09,F,103
488,10,15,17,23,29,24,1,31,9466600,134,157300,4056,9000,101621,900,992618600,1,2008-12-16,A,94
489,02,04,09,22,31,17,8,13,21203900,136,145600,2606,13100,78027,1100,932357400,1,2008-12-23,H,68
490,07,09,13,21,24,11,3,28,9666600,128,151900,3150,10600,85419,1000,915495400,1,2008-12-30,C,74
491,08,10,16,20,23,06,10,23,10755800,268,66300,3775,8100,89732,800,836749800,1,2009-01-06,J,77
492,03,08,09,11,20,18,7,19,14770700,116,173800,3842,9000,106956,800,949243000,1,2009-01-13,G,51
493,01,11,12,13,17,26,4,23,12787900,107,197400,2809,13000,93201,1000,994835600,1,2009-01-20,D,54
494,02,10,14,26,28,18,3,36,8253400,316,67500,3589,10300,90634,1000,1004982000,1,2009-01-27,C,80
495,07,10,22,26,27,05,9,27,10939800,149,142400,3157,11600,91842,1000,999076200,1,2009-02-03,I,92
496,04,10,11,22,30,09,2,60,4948400,153,139400,4627,7900,111207,800,1004252800,1,2009-02-10,B,77
497,04,21,23,27,28,26,6,14,21028600,56,377600,2564,14200,80736,1100,995777600,1,2009-02-17,F,103
498,02,15,20,23,30,03,1,30,9594700,167,123800,3244,11000,85123,1100,973590600,1,2009-02-24,A,90
499,02,08,14,15,26,31,8,33,8790300,192,108500,4528,7900,96203,900,981169600,1,2009-03-03,H,65
500,19,20,23,25,28,05,5,14,20356900,119,172000,2316,15300,73091,1200,963970200,1,2009-03-10,E,115
501,12,13,16,17,21,22,10,29,9696300,120,168300,3726,9300,89757,1000,951103200,1,2009-03-17,J,79
502,02,03,05,13,14,01,7,16,16905100,97,200300,2790,12000,84160,1000,914875800,1,2009-03-24,G,37
503,11,18,21,23,27,03,4,18,15702900,192,105700,3415,10300,94234,900,956039600,1,2009-03-31,D,100
504,08,10,24,28,31,09,3,21,13107100,87,227200,3219,10600,88962,1000,931001600,1,2009-04-07,C,101
505,05,16,19,20,22,28,2,17,15883300,134,144700,3081,10900,87259,1000,913298800,1,2009-04-14,B,82
506,04,14,15,23,24,11,1,41,6767000,125,159400,4000,8600,93531,900,938430800,1,2009-04-21,A,80
507,10,19,26,27,28,02,9,17,16647600,126,161300,2946,11900,86447,1000,957248400,1,2009-04-28,I,110
508,03,06,09,14,25,01,4,42,5761800,112,155200,3881,7700,87665,800,818530200,1,2009-05-05,D,57
509,02,13,22,29,30,08,7,31,8883300,192,103000,3470,9800,92911,900,931448600,1,2009-05-12,G,96
510,18,19,21,23,30,25,3,16,16677000,77,248900,2597,12700,75608,1100,902527600,1,2009-05-19,C,111
511,13,16,26,28,31,11,10,24,11253600,121,160300,3024,11100,84793,1000,913535600,1,2009-05-26,J,114
512,08,14,25,29,30,07,6,34,7883000,122,157800,3468,9600,88026,900,906551800,1,2009-06-02,F,106
513,03,11,18,19,25,08,8,27,9648100,200,93500,3623,8900,90311,900,881109800,1,2009-06-09,H,76
514,15,16,21,25,30,14,9,19,14179700,101,191600,2707,12300,77201,1100,911263200,1,2009-06-16,I,107
515,05,21,24,25,26,31,5,19,14286000,105,185700,2201,15300,73385,1200,918095600,1,2009-06-23,E,101
516,03,12,14,15,26,05,1,35,7943400,132,151300,4069,8500,96117,900,940367800,1,2009-06-30,A,70
517,12,26,28,29,30,05,2,14,19710700,111,178600,2816,12200,83844,1000,933368000,1,2009-07-07,B,125
518,11,16,18,20,27,23,5,26,10316600,160,120400,3399,9800,92280,900,907265000,1,2009-07-14,E,92
519,02,09,25,29,31,04,10,15,16888000,97,187600,2383,13200,69047,1100,856825800,2,2009-07-21,J,96
520,02,03,11,14,30,08,7,17,15451100,135,139700,2996,10900,89410,900,888446400,1,2009-07-28,G,60
521,04,09,14,25,26,15,9,27,9662800,200,93700,3550,9100,90283,900,882454800,1,2009-08-04,I,78
522,04,19,22,23,27,31,4,26,9522600,91,195400,3219,9500,81376,900,837435800,1,2009-08-11,D,95
523,08,17,18,19,24,10,3,28,9389500,125,151100,3747,8700,93646,900,889248400,1,2009-08-18,C,86
524,07,10,17,22,24,12,9,16,16889500,126,154000,3179,10500,83901,1000,914027400,1,2009-08-25,I,80
525,01,14,21,25,27,06,6,10,26813300,126,152800,2424,13700,77176,1100,906929800,1,2009-09-01,F,88
526,04,05,16,21,31,26,1,13,20788400,95,204300,2534,13200,74347,1100,914085600,1,2009-09-08,A,77
527,11,13,15,23,25,04,8,26,10342000,124,155700,3576,9300,92687,900,909495600,1,2009-09-15,H,87
528,02,11,14,15,21,08,7,16,15068700,105,164900,2418,12400,74570,1000,815489000,1,2009-09-22,G,63
529,05,07,14,16,20,15,2,15,18224000,89,220600,2458,13800,77610,1100,924608800,1,2009-09-29,B,62
530,02,03,05,16,19,10,6,22,12106200,110,173900,2738,12100,81095,1000,900855400,2,2009-10-06,F,45
531,13,21,22,26,27,19,5,17,15168900,119,155600,2772,11500,82062,1000,872221000,1,2009-10-13,E,109
532,05,10,21,27,28,18,3,31,8710200,126,153900,3396,9800,89209,900,913299400,1,2009-10-20,C,91
533,06,13,19,23,31,20,9,32,8463800,160,121600,3129,10700,83937,1000,916099400,1,2009-10-27,I,92
534,07,22,25,26,30,04,3,12,21304700,94,195300,3000,10600,88462,900,864728000,1,2009-11-03,C,110
535,18,20,23,24,31,07,10,28,9765100,108,181800,2649,12800,77122,1100,924826600,1,2009-11-10,J,116
536,14,18,20,22,24,19,2,21,12345300,82,227100,2349,13700,70615,1100,876892200,1,2009-11-17,B,98
537,09,10,27,29,30,05,4,22,11655900,86,214200,2774,11500,77490,1000,867343200,1,2009-11-24,D,105
538,08,10,13,20,21,31,2,23,11869800,157,124900,3491,9700,86082,1000,923415000,1,2009-12-01,B,72
539,09,18,23,26,29,05,7,46,5893000,181,107500,3692,9100,87642,1000,916889400,2,2009-12-08,G,105
540,02,19,22,27,29,06,8,13,21349400,112,178000,2855,12100,86092,1000,938753800,1,2009-12-15,H,99
541,01,09,10,16,23,30,6,21,13310200,169,118800,2841,12200,79303,1100,945426000,1,2009-12-22,F,59
542,03,09,11,20,27,21,5,32,8949200,194,106000,4561,7800,104748,800,968630600,1,2009-12-29,E,70
543,04,07,17,22,25,30,2,27,8457100,155,105800,3536,8000,82742,800,772341200,1,2010-01-05,B,75
544,03,09,18,29,30,28,9,43,6223100,99,194100,3881,8500,90012,900,905107600,1,2010-01-12,I,89
545,01,15,23,28,29,02,5,15,18197900,87,225400,2571,13200,76806,1100,923285000,1,2010-01-19,E,96
546,03,08,19,22,29,20,3,31,9214400,179,114600,3945,9000,98790,900,966170600,1,2010-01-26,C,81
547,05,23,25,29,31,28,8,12,23615400,67,303800,2678,13100,83555,1100,958516400,1,2010-02-02,H,113
548,05,06,16,23,29,31,7,20,14297700,125,164300,3390,10500,91737,1000,967208000,1,2010-02-09,G,79
549,10,12,19,24,25,14,10,30,9563800,118,174600,3610,9800,93299,1000,970455200,1,2010-02-16,J,90
550,08,16,22,28,31,03,1,43,6557800,258,78500,3970,8800,94364,900,953782400,1,2010-02-23,A,105
551,01,02,10,24,31,28,4,14,20110000,63,321000,2396,14600,72660,1200,952276600,1,2010-03-02,D,68
552,07,11,14,17,28,29,6,36,7421700,188,102100,4221,7800,98601,800,903716200,1,2010-03-09,F,77
553,02,13,23,24,30,15,9,21,12939600,131,149000,3247,10400,88766,900,919105200,1,2010-03-16,I,92
554,02,06,23,24,28,09,2,17,15230600,109,170600,3047,10500,82585,1000,875769400,1,2010-03-23,B,83
555,01,15,18,24,29,23,10,22,12255200,118,164100,2745,12200,77334,1100,911944400,1,2010-03-30,J,87
556,04,06,16,17,24,26,3,35,7771700,163,119800,3650,9200,90613,900,920046000,1,2010-04-06,C,67
557,08,18,21,22,28,31,8,22,12222500,124,155700,3089,10800,83958,1000,909511400,1,2010-04-13,H,97
558,04,10,16,22,30,27,7,53,5164100,184,106800,4389,7700,93179,900,925763400,1,2010-04-20,G,82
559,02,04,07,11,16,25,5,24,11299600,153,127300,2964,11300,86385,1000,917275000,1,2010-04-27,E,40
560,11,13,17,29,30,05,3,27,8842100,166,103300,2961,10000,78748,900,807500400,1,2010-05-04,C,100
561,01,05,06,16,25,18,4,23,11625700,88,218200,2739,12100,76038,1100,904423400,1,2010-05-11,D,53
562,02,07,12,15,17,23,9,18,14535900,137,137200,2874,11300,83874,1000,884987200,2,2010-05-18,I,53
563,04,05,18,19,30,01,10,22,11839900,97,192900,2768,11700,80764,1000,881037600,1,2010-05-25,J,76
564,09,17,19,22,29,06,6,21,12478300,133,141500,3226,10100,87524,900,886335200,1,2010-06-01,F,96
565,18,19,20,28,29,13,8,20,12905900,76,243900,2579,12400,72339,1100,873055000,1,2010-06-08,H,114
566,03,08,23,28,30,31,1,26,9868800,108,170600,4075,7800,96798,800,867882000,1,2010-06-15,A,92
567,10,12,20,24,25,17,2,26,10114500,129,146400,3388,9600,81484,1000,889489800,1,2010-06-22,B,91
568,08,12,16,24,30,23,7,97,2716700,288,65700,5302,6100,101461,800,891340800,1,2010-06-29,G,90
569,10,17,23,26,28,05,5,21,12349600,183,101800,3058,10500,85973,900,877198200,1,2010-07-06,E,104
570,01,02,05,06,10,08,3,37,9873700,192,95100,2583,12200,68640,1200,860240400,2,2010-07-13,C,24
571,09,22,27,28,29,26,4,14,17010200,60,285100,2976,9900,82802,900,805489000,1,2010-07-20,D,115
572,01,06,18,23,29,21,9,15,16216000,79,221200,3308,9100,76232,1000,822734200,1,2010-07-27,I,77
573,15,21,22,23,29,05,6,15,16176400,133,131000,2816,10700,80604,900,820722800,1,2010-08-03,F,110
574,03,07,08,13,15,25,8,20,11866600,137,124400,2898,10100,82744,900,802749800,1,2010-08-10,H,46
575,10,16,20,21,27,24,10,28,8627400,110,157700,2860,10500,73756,1000,817074600,1,2010-08-17,J,94
576,06,08,10,21,23,18,1,35,7066800,113,157200,2843,10800,80706,900,836600200,1,2010-08-24,A,68
577,05,10,21,24,25,13,2,28,8927400,117,153400,3841,8100,84695,900,845489600,1,2010-08-31,B,85
578,05,11,16,19,30,18,5,26,9531100,105,169500,3124,9800,83190,900,838186800,1,2010-09-07,E,81
579,01,04,15,17,23,08,9,21,11802900,137,129900,2783,11000,77689,1000,838364600,1,2010-09-14,I,60
580,01,04,14,15,26,18,7,17,14207200,87,199400,2758,10900,72193,1000,816923600,1,2010-09-21,G,60
581,02,06,12,14,30,03,3,20,12406700,107,166600,2730,11300,75898,1000,839284400,1,2010-09-28,C,64
582,03,14,22,24,30,10,6,10,25266100,88,206200,2367,13200,75654,1000,854597800,1,2010-10-05,F,93
583,01,03,10,11,16,24,1,18,13503100,141,123800,2826,10700,79311,900,822107600,1,2010-10-12,A,41
584,06,09,11,14,22,29,4,19,13275400,289,62700,3138,10000,82134,1000,853148400,1,2010-10-19,D,62
585,14,19,23,24,31,29,8,18,14216200,95,193500,2635,12000,76350,1000,865524200,1,2010-10-26,H,111
586,01,05,06,10,15,02,10,40,6470700,266,69900,3635,8800,85278,900,875465600,1,2010-11-02,J,37
587,11,17,19,29,30,01,2,25,10205900,98,187000,3355,9400,83436,900,863005800,1,2010-11-09,B,106
588,04,11,18,26,31,13,7,34,7394700,138,130800,3266,9500,76267,1000,850401000,1,2010-11-16,G,90
589,03,10,13,22,26,12,9,23,10205500,102,165300,2630,11100,74306,1000,793934800,1,2010-11-23,I,74
590,04,07,11,17,19,14,5,37,6801500,193,93600,3834,8100,90390,900,851203200,1,2010-11-30,E,58
591,04,08,09,13,19,12,4,26,9736700,111,163800,3092,10100,76503,1000,856271600,2,2010-12-07,D,53
592,05,06,23,25,26,14,6,21,12083500,137,133000,2574,12200,78774,1000,858293400,1,2010-12-14,F,85
593,11,14,22,28,29,25,8,35,7495000,105,179400,3851,8400,93723,900,887286600,1,2010-12-21,H,104
594,02,05,10,22,30,12,3,28,9365900,196,96100,3801,8500,94450,900,887019800,1,2010-12-28,C,69
595,07,11,15,20,23,03,1,25,7546400,185,73200,3030,7700,71820,800,638121000,1,2011-01-04,A,76
596,06,09,10,14,27,31,10,28,9047700,116,156800,3145,10000,83501,900,856885000,1,2011-01-11,J,66
597,02,13,16,17,19,29,7,10,25344800,86,211700,2319,13600,73663,1100,857258600,1,2011-01-18,G,67
598,04,15,21,26,30,01,4,35,7510200,127,148600,3458,9400,85319,1000,889089600,1,2011-01-25,D,96
599,03,07,10,11,29,25,9,22,11685800,220,83900,4005,7900,98518,800,869567800,1,2011-02-01,I,60
600,01,02,03,04,22,13,2,10,26415600,84,225900,4155,7900,73684,1100,893477600,1,2011-02-08,B,32
601,10,14,15,16,24,28,5,7,37181100,104,179700,2579,12500,81393,1000,880325000,1,2011-02-15,E,79
602,03,14,18,22,25,27,6,35,7665100,195,98800,4012,8300,90625,900,907430000,2,2011-02-22,F,82
603,04,05,26,28,30,15,3,17,15279200,135,138200,2443,13200,81336,1000,878563000,1,2011-03-01,C,93
604,02,11,13,22,25,05,8,32,7957300,180,101600,4096,7700,95575,800,861268800,1,2011-03-08,H,73
605,05,06,13,19,28,17,1,24,8872300,141,108400,2962,8900,72870,900,720231000,1,2011-03-15,A,71
606,09,20,23,30,31,01,10,14,15499100,63,247400,2288,11800,61597,1100,733936400,1,2011-03-22,J,113
607,07,08,12,18,30,17,3,29,8122200,120,141000,3330,8800,85865,800,796703000,1,2011-03-29,C,75
608,13,19,21,25,29,15,9,22,9405900,65,228700,3275,7800,64303,1000,699916400,1,2011-04-05,I,107
609,03,14,21,26,30,25,7,22,9226300,117,124600,2738,9200,66318,900,686551200,1,2011-04-12,G,94
610,03,08,14,17,30,19,4,23,8955400,102,145000,2843,9000,70296,900,696685200,1,2011-04-19,D,72
611,12,18,21,25,30,17,2,33,6351800,106,142000,2515,10300,65820,1000,708987200,1,2011-04-26,B,106
612,11,18,24,27,30,04,3,23,8182500,132,102400,2460,9500,64776,900,636561400,1,2011-05-03,C,110
613,02,16,17,20,28,14,5,16,12434300,71,201300,2183,11300,58233,1100,672920600,1,2011-05-10,E,83
614,07,16,23,25,30,11,6,10,19720200,143,99000,2315,10600,64818,900,667011800,1,2011-05-17,F,101
615,04,12,13,19,20,10,8,12,16278000,69,203300,1899,12800,56872,1100,660701200,2,2011-05-24,H,68
616,07,18,21,27,28,10,1,12,16661300,70,205100,2311,10700,62286,1000,676258000,1,2011-05-31,A,101
617,03,09,16,19,28,25,10,24,8270400,100,142500,2798,8800,66460,900,671370400,1,2011-06-07,J,75
618,10,12,14,22,31,23,9,13,15120100,91,155100,2042,11900,59757,1000,664844600,1,2011-06-14,I,89
619,04,07,14,20,30,28,7,15,13439600,114,127000,2418,10300,64870,1000,681867800,1,2011-06-21,G,75
620,02,14,21,25,31,05,9,18,11079800,84,170500,1941,12700,57558,1100,674571800,1,2011-06-28,I,93
621,06,12,18,24,30,09,2,1129,175900,166,85900,4729,5200,77290,800,672053200,1,2011-07-05,B,90
622,13,14,20,25,27,19,4,13,14594200,58,235000,1863,12600,56085,1100,641720600,1,2011-07-12,D,99
623,04,09,14,15,26,29,8,22,8004000,113,111900,2371,9200,58680,900,595602400,2,2011-07-19,H,68
624,05,07,11,12,24,04,5,33,5731900,116,117100,3160,7400,73619,800,639796400,1,2011-07-26,E,59
625,19,20,23,26,31,06,6,9,20809100,73,184300,1478,15700,46133,1300,633459400,1,2011-08-02,F,119
626,11,12,14,17,26,23,1,5,35684100,88,145600,1829,12100,57544,1000,603486800,1,2011-08-09,A,80
627,06,10,14,15,20,19,10,5,36451700,53,247000,1735,13000,52537,1100,616468600,1,2011-08-16,J,65
628,01,02,10,17,20,18,3,17,11376500,53,262100,1757,13700,48639,1200,654157800,1,2011-08-23,C,50
629,01,03,16,26,29,31,7,15,13044500,79,177900,1955,12400,56602,1100,661825400,1,2011-08-30,G,75
630,03,04,16,19,31,14,4,12,16286800,64,219300,2022,12000,58714,1000,661059600,1,2011-09-06,D,73
631,03,15,18,20,25,29,2,10,19507900,75,186800,2082,11600,60059,1000,659833200,1,2011-09-13,B,81
632,06,14,15,25,26,13,5,23,8097000,100,133700,3011,7700,65445,900,629905000,1,2011-09-20,E,86
633,02,12,19,20,30,13,8,21,9253400,97,143900,2646,9100,65720,900,657269000,1,2011-09-27,H,83
634,06,14,24,27,31,22,9,17,11374200,65,213700,2308,10400,59905,1000,654023000,1,2011-10-04,I,102
635,12,13,16,20,29,11,6,7,26764300,60,224300,2105,11000,57657,1000,633689400,1,2011-10-11,F,90
636,08,13,21,26,30,03,1,39,5013300,135,104000,2700,9000,63106,1000,661328200,1,2011-10-18,A,98
637,01,05,10,15,21,11,3,17,11419600,130,107200,2558,9400,59708,1000,656636000,1,2011-10-25,C,52
638,01,16,18,27,30,15,10,12,16493100,65,218700,1881,13100,52657,1200,669433200,1,2011-11-01,J,92
639,06,14,20,29,31,22,4,38,5158400,126,111700,3687,6600,68729,900,663021800,1,2011-11-08,D,100
640,06,15,18,28,31,08,7,7,27720100,77,181000,2002,12000,56971,1100,656320000,1,2011-11-15,G,98
641,05,11,14,17,22,15,2,19,9966100,56,242900,3207,7300,73497,800,640474400,1,2011-11-22,B,69
642,09,22,26,27,31,28,5,4,40000000,52,885600,2218,10700,48802,1200,650243200,1,2011-11-29,E,115
643,09,11,17,19,22,06,4,16,12024300,117,118100,2208,10800,60506,1000,650734400,1,2011-12-06,D,78
644,05,13,15,20,27,30,2,19,10381800,119,119000,2705,9000,66111,900,667190200,2,2011-12-13,B,80
645,08,13,18,19,24,11,9,19,10576700,79,182700,2626,9500,66181,900,679716200,1,2011-12-20,I,82
646,03,06,16,30,31,17,1,15,13557200,99,147500,2379,10600,66649,900,687836600,1,2011-12-27,A,86
647,03,06,07,10,21,18,6,22,10018700,83,190700,2382,11500,67126,1000,745517600,1,2012-01-10,F,47
648,06,13,18,19,21,26,3,12,16736600,161,89600,2524,9900,64052,1000,679316800,1,2012-01-17,C,77
649,03,11,18,19,21,12,7,25,7920700,95,149700,2561,9600,67198,900,669774000,1,2012-01-24,G,72
650,04,11,18,24,26,13,2,40,5056600,125,116200,3098,8100,71026,900,684135200,1,2012-01-31,B,83
651,08,11,15,20,31,18,10,17,11631300,80,177500,2392,10200,62963,1000,668805000,1,2012-02-07,J,85
652,02,05,19,28,29,23,5,9,21263100,77,178500,1960,12100,57241,1000,647281200,1,2012-02-14,E,83
653,11,16,20,22,30,21,8,18,10879000,62,226900,2786,8700,67237,900,662347200,2,2012-02-21,H,99
654,06,11,22,25,27,02,6,20,9667600,92,150900,2751,8700,70791,800,653995600,1,2012-02-28,F,91
655,07,09,12,14,18,24,4,11,17484300,112,123300,2401,9900,65368,900,650524400,1,2012-03-06,D,60
656,04,10,15,22,23,07,2,11,17013700,122,110200,2625,8800,65300,900,633016800,1,2012-03-13,B,74
657,09,14,18,23,30,10,3,19,9266300,73,173200,2331,9400,58535,900,595500600,1,2012-03-20,C,94
658,07,08,11,15,26,01,9,22,8351300,75,175900,2697,8400,66947,800,621444200,1,2012-03-27,I,67
659,05,09,22,30,31,03,7,10,17841700,66,194200,1692,13100,51095,1100,603474200,1,2012-04-03,G,97
660,07,12,15,30,31,18,1,15,12406500,83,161000,2110,10900,58936,1000,629455200,1,2012-04-10,A,95
661,02,06,09,19,20,27,5,12,15964800,87,158100,2077,11400,56423,1100,647989800,1,2012-04-17,E,56
662,07,09,15,28,31,26,4,17,11301400,82,168300,2824,8400,64257,900,649837200,1,2012-04-24,D,90
663,01,09,10,21,31,23,10,16,11709600,53,253900,2128,10900,51699,1100,633702200,1,2012-05-01,J,72
664,06,09,11,16,29,04,3,27,6930300,114,117900,2558,9100,64945,900,632908000,1,2012-05-08,C,71
665,07,12,17,20,28,09,2,16,11303900,90,144300,2422,9200,61581,900,611746600,1,2012-05-15,B,84
666,10,11,17,24,29,26,8,24,7537400,68,191100,2611,8600,62031,900,611872000,2,2012-05-22,H,91
667,08,09,19,26,31,28,6,11,16344600,53,243700,1897,11800,55039,1000,608123200,1,2012-05-29,F,93
668,07,09,16,27,29,30,9,24,7567100,101,129100,2772,8100,66072,800,614282200,1,2012-06-05,I,88
669,04,07,08,25,31,14,5,14,12523000,72,174900,1836,11800,52304,1000,593006800,1,2012-06-12,E,75
670,04,06,26,27,29,30,4,16,11130100,67,190900,1865,11800,54476,1000,602339600,1,2012-06-19,D,92
671,07,14,19,22,27,28,1,49,3869200,130,104700,3207,7300,66499,900,641276400,1,2012-06-26,A,89
672,03,08,20,22,28,05,7,23,7997000,71,186100,2476,9200,60814,900,622129800,1,2012-07-03,G,81
673,06,12,21,24,25,22,3,19,9632600,58,226600,2523,9000,61720,900,619045000,1,2012-07-10,C,88
674,01,02,03,24,25,15,10,20,8678000,70,178100,1427,15100,44176,1200,587047800,2,2012-07-17,J,55
675,06,21,27,28,31,20,8,15,11452700,49,251800,1783,11900,52691,1000,581061800,1,2012-07-24,H,113
676,04,06,18,22,28,01,10,17,10062100,54,227500,2341,9000,58572,900,578579000,1,2012-07-31,J,78
677,10,16,23,24,30,18,6,10,16776800,59,204200,2316,9000,56747,900,567456000,1,2012-08-07,F,103
678,15,17,21,24,25,20,2,7,22803200,35,327600,1332,14900,44022,1100,539903400,1,2012-08-14,B,102
679,05,11,23,29,31,28,9,14,12601000,73,173600,2764,7900,63049,900,596699200,1,2012-08-21,I,99
680,02,03,11,15,24,23,5,7,25439000,106,120600,2286,9600,60215,900,602310600,1,2012-08-28,E,55
681,06,12,17,19,30,09,4,10,17833400,102,125600,2406,9200,62406,900,603194600,1,2012-09-04,D,84
682,04,08,20,25,27,30,7,16,11211800,54,238600,2270,9800,58221,1000,606764200,1,2012-09-11,G,84
683,01,07,15,23,26,11,3,27,6374400,96,128700,2137,10000,53811,1000,582137000,1,2012-09-18,C,72
684,10,12,13,19,25,07,1,17,10408200,99,128400,1942,11300,55951,1000,598479800,1,2012-09-25,A,79
685,08,11,19,21,30,01,6,22,7978700,72,175100,2481,8800,61533,900,593720800,1,2012-10-02,F,89
686,03,05,07,10,18,06,8,17,9976000,74,164600,2524,8300,61129,900,573624600,1,2012-10-09,H,43
687,02,09,17,24,29,22,10,46,3829400,142,89100,3476,6300,66128,800,595815600,1,2012-10-16,J,81
688,04,05,09,15,26,11,2,14,12261900,92,134000,1900,11200,53533,1000,580645200,1,2012-10-23,B,59
689,12,13,19,23,25,28,5,19,9367900,86,148600,2355,9400,60856,900,602035200,1,2012-10-30,E,92
690,11,16,22,23,25,09,7,5,34779000,109,114600,2066,10400,60194,900,588179200,1,2012-11-06,G,97
691,03,09,10,20,25,31,9,11,15772600,55,226600,1935,11100,55931,1000,586840800,1,2012-11-13,I,67
692,09,13,14,23,31,20,4,10,17468100,51,246000,1747,12400,51069,1100,590840200,1,2012-11-20,D,90
693,05,17,21,24,25,03,3,14,12487900,77,163100,2471,8800,58782,900,591344800,1,2012-11-27,C,92
694,05,12,15,16,20,06,2,12,14544900,70,179100,1723,12600,52635,1000,590358000,2,2012-12-04,B,68
695,04,19,20,27,28,14,7,12,14582400,94,133700,1996,10900,54099,1000,591880400,1,2012-12-11,G,98
696,05,09,15,19,30,06,6,15,12030000,78,166200,2111,10600,59022,900,610350200,1,2012-12-18,F,78
697,05,07,17,25,27,18,1,29,6379000,115,115500,2756,8300,65702,900,625712000,1,2012-12-25,A,81
698,02,03,05,14,24,09,5,11,17764200,62,226400,2026,12000,59777,1000,660939400,1,2013-01-08,E,48
699,06,12,21,24,28,15,8,35,5064900,153,83200,3087,7100,63726,900,599607800,1,2013-01-15,H,91
700,06,08,09,21,26,04,10,11,16529300,77,169600,1635,13800,51628,1100,614995200,1,2013-01-22,J,70
701,04,08,13,15,26,03,3,17,11055700,94,143600,3212,7200,64382,900,635708400,1,2013-01-29,C,66
702,10,12,13,20,23,04,4,14,13454600,96,140900,2149,10900,56105,1000,637120600,1,2013-02-05,D,78
703,03,10,16,28,31,15,9,21,8547300,121,106500,2103,10600,55003,1000,607120200,1,2013-02-12,I,88
704,02,11,21,24,25,23,3,24,7514700,77,168200,2876,7800,64898,900,610029400,2,2013-02-19,C,83
705,08,16,18,21,22,27,2,28,6578000,81,163300,1940,11800,53122,1100,622984800,1,2013-02-26,B,85
706,04,06,15,16,29,27,7,7,26020600,150,87200,2129,10600,59936,900,616081600,1,2013-03-05,G,70
707,02,11,23,27,29,03,6,17,10440900,103,123800,2152,10200,59126,900,600361400,1,2013-03-12,F,92
708,10,11,20,28,29,01,5,13,13184700,76,162000,2008,10600,53165,1000,579746400,1,2013-03-19,E,98
709,02,05,16,17,18,30,8,15,11567000,84,148300,1719,12500,50069,1100,586862000,1,2013-03-26,H,58
710,02,15,18,25,26,20,1,10,16255400,49,238300,1806,11200,50350,1000,549819200,1,2013-04-02,A,86
711,03,05,10,17,25,22,10,17,9463000,107,108000,2587,7700,62487,800,544128200,1,2013-04-09,J,60
712,03,07,18,27,31,01,4,22,7535600,60,198500,2199,9300,56618,900,560746400,1,2013-04-16,D,86
713,04,13,22,28,31,16,1,38,4279200,152,76800,2553,7900,50842,1000,550008400,1,2013-04-23,A,98
714,06,10,20,22,31,01,9,3,40000000,45,1172400,1500,13300,45607,1100,545174800,1,2013-04-30,I,89
715,02,03,05,09,22,18,3,16,9981300,70,163900,1928,10300,55420,900,540170400,1,2013-05-07,C,41
716,13,18,19,20,24,17,10,5,31787500,45,253700,1494,13200,43625,1100,537587600,1,2013-05-14,J,94
717,03,05,14,23,26,01,7,18,8867600,88,130300,2306,8600,57657,900,539890200,1,2013-05-21,G,71
718,02,11,16,19,24,23,6,31,5124200,98,116400,2523,7800,54451,900,537298600,2,2013-05-28,F,72
719,02,09,18,22,27,16,5,20,7963700,91,125700,2453,8000,54106,900,538726400,1,2013-06-04,E,78
720,05,11,17,19,20,15,2,11,14286700,49,230400,1949,10000,53977,900,531554000,1,2013-06-11,B,72
721,03,05,12,15,22,02,4,21,7664800,89,129900,2667,7500,62985,800,544434800,1,2013-06-18,D,57
722,04,06,17,21,30,09,8,15,10738700,87,133000,1927,10400,51968,1000,544837600,1,2013-06-25,H,78
723,04,07,09,25,31,18,1,25,6562000,108,109100,1911,10600,53391,1000,554885800,1,2013-07-02,A,76
724,07,14,17,22,29,01,10,28,5628900,86,131600,2681,7300,53048,900,533101600,1,2013-07-09,J,89
725,06,11,26,28,30,19,9,10,15296800,61,180100,1760,10800,50342,900,517398200,1,2013-07-16,I,101
726,01,02,16,18,25,07,3,14,10808400,71,153100,1534,12200,44542,1100,511817800,2,2013-07-23,C,62
727,04,07,14,16,24,27,7,16,9394100,120,89900,2056,9100,51710,900,508395600,1,2013-07-30,G,65
728,01,09,11,13,28,16,8,8,18646900,48,223200,1572,11800,43783,1100,504567400,1,2013-08-06,H,62
729,13,16,17,20,29,11,5,5,27809300,44,227000,1260,13700,36899,1200,470309200,1,2013-08-13,E,95
730,03,05,07,14,22,04,1,17,8892800,57,190500,3085,6100,64464,700,511344200,1,2013-08-20,A,51
731,07,09,18,28,30,11,4,18,8640700,99,112800,1725,11200,48660,1000,526074000,1,2013-08-27,D,92
732,04,06,16,29,31,09,6,20,7665700,91,121000,2239,8500,51498,900,518566200,1,2013-09-03,F,86
733,05,09,11,18,20,31,2,17,9075900,84,131900,2271,8400,56982,800,521872200,1,2013-09-10,B,63
734,06,08,10,12,13,31,9,11,13574800,70,153200,1946,9500,53947,900,505069200,1,2013-09-17,I,49
735,03,14,16,23,30,07,7,16,9284800,123,86700,1815,10100,50968,900,502479400,1,2013-09-24,G,86
736,02,14,17,20,27,09,10,4,38074300,86,127200,1537,12300,45066,1100,515128000,1,2013-10-01,J,80
737,05,12,18,19,23,16,3,32,4707900,81,133600,2473,7500,55083,800,509565800,1,2013-10-08,C,77
738,07,11,14,23,29,19,8,24,6100500,84,125200,2511,7200,57064,800,495225800,1,2013-10-15,H,84
739,01,04,19,24,31,18,1,9,16772600,63,172100,1457,12800,41464,1100,510583400,1,2013-10-22,A,79
740,02,04,19,25,28,11,5,13,11631300,91,119300,1709,11000,48469,1000,511442000,1,2013-10-29,E,78
741,06,11,12,15,25,10,4,18,8412100,87,125000,2027,9300,55001,800,512157600,1,2013-11-05,D,69
742,03,05,16,26,31,01,2,13,11416800,61,174700,2038,9000,52050,900,502011400,1,2013-11-12,B,81
743,04,15,18,20,30,05,6,10,14807500,44,241700,1478,12400,46602,1000,500846800,1,2013-11-19,F,87
744,02,04,05,14,24,19,3,16,9360200,106,101500,1979,9400,53906,900,506558800,2,2013-11-26,C,49
745,03,10,13,14,22,15,10,8,18869400,49,221300,1756,10700,49490,900,510588200,1,2013-12-03,J,62
746,02,10,15,18,20,13,9,11,13753300,72,150900,1610,11600,44679,1100,511708400,1,2013-12-10,I,65
747,01,12,23,29,30,09,7,18,8812600,104,109500,1738,11300,47495,1000,536541400,1,2013-12-17,G,95
748,02,06,07,11,15,04,1,14,11095000,80,139400,1918,10000,55707,900,525389200,1,2013-12-24,A,41
749,01,11,14,16,30,25,8,11,15579700,56,219800,1681,12600,50969,1000,579661800,1,2014-01-07,H,72
750,02,05,09,13,19,24,5,12,12865200,124,89400,2121,9000,56418,800,522183600,1,2014-01-14,E,48
751,07,15,18,19,30,08,4,12,13002500,70,160100,1796,10800,49556,1000,527752800,1,2014-01-21,D,89
752,11,23,26,27,31,24,2,6,26586900,53,216200,1475,13400,45461,1100,539562800,1,2014-01-28,B,118
753,02,10,20,23,24,26,6,13,12044100,40,281200,1797,1080,49720,1000,529593600,1,2014-02-04,F,79
754,11,12,24,25,30,31,10,27,5310600,79,130300,2444,7300,56561,800,484992400,1,2014-02-11,J,102
755,20,21,22,25,27,14,9,10,14884600,42,254600,1193,15500,35470,1300,503453800,2,2014-02-18,I,115
756,05,08,09,27,30,11,7,16,9569900,83,132500,1651,11500,47052,1000,517908200,1,2014-02-25,G,79
757,12,15,21,25,27,22,3,5,30971700,47,236700,1501,12800,45828,1100,523791200,1,2014-03-04,C,100
758,08,14,19,22,24,26,6,15,10203600,66,166600,1789,10600,49168,1000,517688800,1,2014-03-11,F,87
759,08,18,23,24,30,04,1,11,13499100,72,148100,1966,9400,52056,900,502251800,1,2014-03-18,A,103
760,01,07,14,25,30,08,5,12,12695900,63,173700,1825,10300,47112,1000,515310600,1,2014-03-25,E,77
761,07,14,16,21,31,17,8,5,29959800,52,206900,1576,11800,42112,1100,506677400,1,2014-04-01,H,89
762,02,03,08,10,29,31,4,8,18725100,50,215200,1798,10300,50543,900,506683000,1,2014-04-08,D,52
763,03,05,12,14,18,08,2,13,11960600,78,143200,2138,9000,58521,800,525919600,1,2014-04-15,B,52
764,01,02,07,10,11,16,10,29,5291900,57,193400,2247,8500,54305,900,519084600,1,2014-04-22,J,31
765,16,19,20,22,31,26,9,2,40000000,40,1884700,1265,14200,35852,1300,490365000,1,2014-04-29,I,108
766,05,08,12,16,28,13,3,38,3746800,91,112400,2589,6800,55108,800,481587600,1,2014-05-06,C,69
767,06,08,10,25,31,27,6,13,11404800,43,247700,1641,11200,44892,1000,501479800,1,2014-05-13,F,80
768,02,03,23,24,27,10,3,8,18487300,77,137900,1763,10400,48954,900,500250800,2,2014-05-20,C,79
769,03,11,15,22,24,29,7,17,8647700,86,122800,2257,8100,55666,800,497248600,1,2014-05-27,G,75
770,12,18,19,22,30,20,1,11,13282800,41,256000,1460,12400,43606,1000,494204600,1,2014-06-03,A,101
771,07,11,22,26,30,27,5,16,9120400,69,151900,2086,8700,51054,900,493578400,1,2014-06-10,E,96
772,11,14,15,21,27,24,8,11,13502100,36,296300,1745,10500,48590,900,502362600,1,2014-06-17,H,88
773,01,02,06,11,26,17,4,19,7837700,70,152800,1775,10400,47810,1000,503696200,1,2014-06-24,D,46
774,05,06,09,20,30,31,2,20,7472500,61,176000,1606,11500,43287,1100,505496400,1,2014-07-01,B,70
775,05,06,14,24,31,15,10,6,24154100,70,148700,1645,10900,44627,1000,490190600,1,2014-07-08,J,80
776,06,14,15,18,31,25,1,8,18099200,78,133300,1669,10800,44140,1000,489747000,2,2014-07-15,A,84
777,04,10,20,22,24,21,7,6,23668600,40,225000,1502,11700,42882,1000,480337600,1,2014-07-22,G,80
778,10,13,14,26,30,18,9,16,8908500,66,155100,1667,10600,43226,1000,482114000,1,2014-07-29,I,93
779,01,08,09,10,13,18,3,12,11722600,52,194300,1413,12300,39756,1100,475806800,1,2014-08-05,C,41
780,13,15,16,18,20,07,6,14,9858100,33,300400,1234,13900,34120,1300,466815400,1,2014-08-12,F,82
781,02,07,10,21,24,04,5,6,24036000,66,156900,1719,10400,48235,900,487795000,1,2014-08-19,E,64
782,04,07,09,14,21,26,8,17,8676200,76,139400,1905,9600,51510,900,498885600,1,2014-08-26,H,55
783,04,05,10,15,20,08,4,21,7191000,103,105300,2751,6800,52684,900,510782200,1,2014-09-02,D,54
784,14,19,21,25,29,08,2,12,12443400,67,160100,1276,14500,38622,1200,505063000,1,2014-09-09,B,108
785,07,21,22,26,28,05,10,7,20668900,40,259800,1349,13300,40367,1100,489372200,1,2014-09-16,J,104
786,05,06,21,28,29,07,1,7,19913000,52,192500,1548,11200,41777,1000,471474200,1,2014-09-23,A,89
787,11,15,22,26,31,07,7,15,9852300,97,109400,1984,9200,47905,1000,499865400,1,2014-09-30,G,105
788,01,21,28,29,30,15,9,6,23928600,41,251500,1176,15200,36782,1200,485614000,1,2014-10-07,I,109
789,04,05,11,16,31,19,3,14,9935500,59,169300,1729,10000,48034,900,470479000,1,2014-10-14,C,67
790,11,13,15,19,21,07,6,15,9668900,68,153200,1550,11600,43942,1000,490561600,1,2014-10-21,F,79
791,06,16,18,30,31,10,5,11,13336500,62,169900,1570,11600,42455,1100,496202800,1,2014-10-28,E,101
792,12,13,15,18,22,28,8,10,14266200,61,168000,1302,13600,40600,1100,482539600,1,2014-11-04,H,80
793,06,10,18,20,31,24,4,12,11972500,57,181000,1748,10200,43820,1000,485949600,1,2014-11-11,D,85
794,03,04,08,10,31,07,7,12,11801400,78,130400,1750,10000,45020,1000,479004000,1,2014-11-18,G,56
795,02,06,11,14,18,01,1,18,7669300,55,180300,2238,7600,55469,800,466931600,1,2014-11-25,A,51
796,03,10,19,21,30,07,2,13,11067300,99,104400,1979,9000,47352,900,486640800,2,2014-12-02,B,83
797,08,09,29,30,31,18,10,26,5509700,116,88700,1801,9900,43059,1000,484539600,1,2014-12-09,J,107
798,03,08,10,23,27,12,3,21,6884200,105,98900,1949,9200,52064,900,488988800,1,2014-12-16,C,71
799,01,02,17,19,26,24,9,7,20309600,47,217300,1189,14800,36729,1200,480864400,1,2014-12-23,I,65
800,01,19,20,22,25,02,6,9,16522900,50,213600,1273,14500,37688,1200,502983000,1,2014-12-30,F,87
801,05,07,20,22,25,17,8,12,10783000,76,122300,1469,10900,40814,1000,437669400,1,2015-01-06,H,79
802,05,09,21,29,31,06,5,17,8526900,50,208200,1438,12500,42233,1100,490303400,1,2015-01-13,E,95
803,02,04,18,19,27,23,4,11,13347200,82,128600,1729,10500,47249,1000,496599600,1,2015-01-20,D,70
804,07,08,09,12,29,26,7,11,13564600,59,181600,1848,10000,48354,1000,504689200,1,2015-01-27,G,65
805,08,09,11,17,30,03,1,13,11425300,104,102600,1781,10300,52077,900,502383800,1,2015-02-03,A,75
806,03,11,21,23,28,24,2,11,13518100,64,166900,1815,10200,50659,900,502958400,1,2015-02-10,B,86
807,05,07,13,17,19,03,10,12,12645500,68,160300,1869,10100,50337,900,513262800,1,2015-02-17,J,61
808,08,09,26,27,30,03,9,4,38078800,68,160900,1671,11300,46393,1000,515188600,2,2015-02-24,I,100
809,02,08,11,13,25,01,3,17,9000500,73,150500,2479,7600,57744,800,517535800,1,2015-03-03,C,59
810,06,12,15,16,31,17,6,17,8774600,43,249200,19336,9500,49546,900,504547200,1,2015-03-10,F,80
811,08,09,10,13,21,18,8,11,13448300,61,174200,1737,10600,48379,900,500359600,1,2015-03-17,H,61
812,02,16,17,22,25,13,5,12,12052400,79,131500,1626,11000,45193,1000,489189600,1,2015-03-24,E,82
813,03,06,09,14,15,17,1,25,5977800,64,167700,2194,8400,53832,900,505480800,1,2015-03-31,A,47
814,02,03,12,25,31,28,4,17,8501700,56,185400,1725,10400,47820,900,488852400,1,2015-04-07,D,73
815,20,21,26,27,28,03,7,6,23852200,44,233600,1134,15700,32538,1400,484063400,1,2015-04-14,G,122
816,01,05,07,14,18,12,2,28,5434600,78,140100,2005,9400,51281,900,514693200,1,2015-04-21,B,45
817,01,10,23,27,29,18,10,8,18724400,41,262400,1232,15100,38834,1200,506665400,1,2015-04-28,J,90
818,05,09,14,16,18,03,3,10,13373500,65,147800,1667,9900,42854,1000,452344000,1,2015-05-05,C,62
819,02,09,14,15,24,13,9,9,15897000,59,174200,1667,10600,45930,1000,483929000,1,2015-05-12,I,64
820,08,12,20,21,31,19,1,13,11053700,78,132300,1694,10500,44616,1000,486042800,2,2015-05-19,A,92
821,06,08,18,21,23,30,8,6,23806500,74,138600,1701,10400,46026,1000,483136800,1,2015-05-26,H,76
822,07,08,10,17,28,04,6,12,11927000,79,130100,1761,10100,48756,900,484101800,1,2015-06-02,F,70
823,06,10,14,18,23,09,5,15,9341400,91,110600,1983,8700,49037,900,473946200,1,2015-06-09,E,71
824,04,16,22,28,29,10,4,37,3968900,293,36000,2260,8000,50051,900,496706600,1,2015-06-16,D,99
825,03,08,12,21,26,19,2,27,5394200,117,89400,2423,7400,54706,800,492625800,1,2015-06-23,B,70
826,01,08,21,23,27,22,7,10,14783000,65,163300,1512,12100,45240,1000,500017200,1,2015-06-30,G,80
827,03,04,06,23,31,10,10,6,23525200,52,203200,1352,13500,44687,1000,497721200,1,2015-07-07,J,67
828,02,08,11,15,26,03,3,31,4599800,106,96600,2373,7400,52949,800,482312600,2,2015-07-14,C,62
829,08,12,19,23,31,06,1,17,8141300,119,83500,2086,8200,50215,800,468132400,1,2015-07-21,A,93
830,05,06,20,23,29,15,9,11,12729500,62,162200,1457,11900,43875,1000,473619200,1,2015-07-28,I,83
831,07,09,17,19,21,03,8,10,13815300,66,150300,1487,11500,42277,1000,467286400,1,2015-08-04,H,73
832,09,10,15,19,31,24,6,13,10466400,49,199400,1410,12000,39929,1100,460221200,1,2015-08-11,F,84
833,06,09,15,24,28,12,1,26,5422800,117,86500,2029,8600,46491,900,476894000,1,2015-08-18,A,82
834,05,13,21,25,26,02,5,10,14121600,88,115200,1801,9700,46865,900,477646400,1,2015-08-25,E,90
835,01,09,11,23,29,17,4,21,6986500,130,81000,2123,8600,51103,900,496251000,1,2015-09-01,D,73
836,05,15,20,28,29,10,2,10,14135300,70,145000,1525,11500,41612,1100,478112000,1,2015-09-08,B,97
837,04,05,09,24,25,31,10,15,9613900,64,161800,1860,9600,48999,900,487772200,1,2015-09-15,J,67
838,04,06,11,12,15,22,7,17,7871500,69,139300,1782,9300,48613,800,452616400,1,2015-09-22,G,48
839,02,06,14,27,30,12,3,19,7674700,77,136000,2382,7600,50971,900,493216400,1,2015-09-29,C,79
840,01,05,11,15,31,08,2,30,4744400,84,121700,2098,8400,50827,900,481422400,1,2015-10-06,B,63
841,05,06,07,13,18,08,9,11,12419100,45,218000,1670,10100,46907,900,462070600,1,2015-10-13,I,49
842,09,18,20,24,25,04,8,7,20543000,68,151900,1462,12200,42376,1100,486390600,1,2015-10-20,H,96
843,02,14,23,28,30,26,10,11,13206500,76,137300,1794,10000,45914,1000,491364000,1,2015-10-27,J,97
844,03,11,14,22,26,01,5,28,4897200,72,136800,2442,6900,53552,800,463801400,1,2015-11-03,E,76
845,03,10,22,24,30,28,6,12,11740300,51,198400,1707,10200,46473,900,476522200,1,2015-11-10,F,89
846,01,17,27,30,31,08,1,9,15513400,50,200600,1300,13300,35531,1200,472251000,1,2015-11-17,A,106
847,07,18,19,21,31,15,4,12,11345100,59,165700,1605,10500,40173,1100,460484400,1,2015-11-24,D,96
848,02,03,22,29,31,01,7,7,20067200,53,190400,1326,13100,42176,1000,475125600,2,2015-12-01,G,87
849,04,14,17,19,20,26,2,10,14063000,48,210400,1215,14400,37527,1200,475665800,1,2015-12-08,B,74
850,01,02,13,15,18,28,3,2,40000000,49,1595600,1338,13700,39895,1200,499192800,1,2015-12-15,C,49
851,10,19,20,24,31,23,4,6,24575100,60,176500,1399,13100,41317,1100,498734200,1,2015-12-22,D,104
852,02,09,15,18,22,12,1,15,10399800,50,224100,2493,7700,55565,900,527640800,1,2015-12-29,A,66
853,06,11,17,18,30,28,9,16,8329800,64,149600,1981,8300,47051,900,450793400,1,2016-01-05,I,82
854,03,16,22,23,31,10,6,23,6520800,116,92800,2077,8900,53025,900,507286800,1,2016-01-12,F,95
855,02,07,17,22,24,25,8,11,13440200,75,141600,1835,10000,48760,900,500061000,1,2016-01-19,H,72
856,01,10,15,24,29,09,10,14,10760500,80,135200,1664,11200,43832,1100,509549400,1,2016-01-26,J,79
857,02,04,21,24,28,29,5,7,21937200,42,262600,1562,12200,46038,1000,519400000,1,2016-02-02,E,79
858,06,14,15,25,26,22,1,16,9650200,50,221800,2001,9600,49135,1000,522251600,1,2016-02-09,A,86
859,13,17,19,28,31,25,2,10,15935200,72,159000,1521,13000,45517,1100,538989200,1,2016-02-16,B,108
860,08,09,21,30,31,07,10,23,6880300,101,112500,2223,8800,50587,1000,535251400,1,2016-02-23,J,99
861,04,08,12,17,27,03,3,18,8790000,75,151500,2320,8400,58184,800,535164800,2,2016-03-01,C,68
862,03,07,09,13,23,06,7,13,11963100,98,114000,2226,8600,56624,800,526031000,1,2016-03-08,G,55
863,01,02,11,27,28,21,4,15,10148300,50,218700,1827,10300,49322,1000,514880800,1,2016-03-15,D,69
864,14,18,26,28,30,08,6,5,29656700,64,166400,1419,13000,40758,1100,501552400,1,2016-03-22,F,116
865,03,08,16,17,31,09,10,9,16893400,71,153800,2355,8000,55998,800,514261400,1,2016-03-29,J,75
866,04,16,18,26,28,09,5,17,9056900,89,124200,1677,11400,48337,1000,520780200,1,2016-04-05,E,92
867,13,23,24,28,30,31,9,8,18976300,52,209700,1283,14700,40991,1200,513482000,1,2016-04-12,I,118
868,01,09,14,25,30,31,10,17,9124800,61,182600,1750,11000,44154,1100,524680600,1,2016-04-19,J,79
869,02,14,16,19,30,05,8,9,17352400,72,155800,1612,12000,45025,1100,528232800,1,2016-04-26,H,81
870,03,12,22,23,31,24,1,19,7642500,70,149000,2353,7600,52665,800,491148400,1,2016-05-03,A,91
871,04,17,24,27,31,19,2,21,7114400,78,137600,2331,7900,54399,800,505337600,1,2016-05-10,B,103
872,15,16,24,28,30,26,7,12,12375800,46,231900,1972,9300,53300,900,502319200,2,2016-05-17,G,113
873,04,06,10,23,29,03,3,16,9228500,68,155900,1940,9400,49099,900,499430000,1,2016-05-24,C,72
874,06,07,08,22,24,18,4,13,11486100,73,146900,1663,11100,47624,1000,505058200,1,2016-05-31,D,67
875,02,03,08,11,28,10,10,31,4770400,109,97400,2753,6600,61654,700,500199200,1,2016-06-07,J,52
876,18,19,20,21,27,15,6,7,20846400,45,232900,1311,13800,40193,1100,493574200,1,2016-06-14,F,105
877,05,14,20,22,23,16,7,11,13741200,55,197400,1730,10800,46561,1000,511258600,1,2016-06-21,G,84
878,02,03,08,28,29,26,5,13,11668900,64,170200,2192,8600,53338,900,513094800,1,2016-06-28,E,70
879,02,13,24,27,31,12,9,12,12665000,77,141700,1832,10300,48590,1000,514054600,1,2016-07-05,I,97
880,05,07,11,12,21,18,8,24,6226600,78,137600,2409,7700,55457,800,505459600,1,2016-07-12,H,56
881,10,11,17,29,30,15,1,17,8412500,81,126800,1911,9300,49490,900,483726400,2,2016-07-19,A,97
882,02,07,08,18,30,21,4,10,14563100,75,139400,1917,9400,51487,900,492582400,1,2016-07-26,D,65
883,01,17,18,21,25,23,10,6,24209500,39,267500,1330,13500,37388,1200,491314200,1,2016-08-02,J,82
884,07,10,22,27,31,02,1,9,15562600,83,121200,1595,10900,45975,900,473748800,1,2016-08-09,A,97
885,09,17,21,24,27,11,2,9,15847200,60,170700,1585,11200,45000,1000,482411000,1,2016-08-16,B,98
886,01,11,20,23,29,13,8,9,16226200,44,238400,1605,11300,42954,1100,493949800,1,2016-08-23,H,84
887,03,04,19,28,29,23,2,14,10717100,55,195900,1751,10600,48150,1000,507490800,1,2016-08-30,B,83
888,06,17,24,29,31,03,5,11,13520000,94,113600,1876,9800,48509,900,503028400,1,2016-09-06,E,107
889,05,06,12,17,22,23,3,13,11311900,79,133700,1875,9700,48574,900,497395400,1,2016-09-13,C,62
890,01,07,12,24,31,06,6,28,4956200,70,142400,1949,8800,45441,900,469386600,1,2016-09-20,F,75
891,10,17,29,30,31,25,8,7,21013900,35,301900,1932,9400,48025,900,497540600,1,2016-09-27,H,117
892,02,03,12,19,21,05,1,6,24463100,74,142400,1740,10500,47317,1000,496462000,1,2016-10-04,A,57
893,11,14,20,22,25,05,7,13,10949400,87,117500,1662,10600,44838,1000,481456000,1,2016-10-11,G,92
894,11,16,21,23,30,25,2,8,18528200,39,273000,1730,10600,47405,1000,501355200,1,2016-10-18,B,101
895,07,08,09,11,14,22,4,21,7073000,64,166700,1772,10400,48913,900,502401000,1,2016-10-25,D,49
896,11,13,16,17,26,30,9,8,18628800,58,184500,1332,13900,41767,1100,504078800,1,2016-11-01,I,83
897,16,17,18,23,31,29,10,5,29102600,57,183400,1345,13400,42416,1100,492180000,1,2016-11-08,J,105
898,05,07,20,24,25,17,6,8,18456900,91,116500,1803,10100,46866,1000,499428000,1,2016-11-15,F,81
899,01,07,19,20,31,29,5,24,6155900,62,171100,1703,10800,42822,1100,499723400,1,2016-11-22,E,78
900,01,15,18,22,25,29,3,6,24704000,40,266200,1411,13000,40249,1100,501350800,2,2016-11-29,C,81
901,02,10,13,23,24,27,1,11,13647000,68,158500,1895,9800,48512,1000,507752800,1,2016-12-06,A,72
902,06,08,16,22,28,27,8,11,13675900,72,150100,2225,8400,51266,900,508830400,1,2016-12-13,H,80
903,02,05,21,24,29,04,7,6,26177300,52,216900,1678,11600,50119,1000,531250200,1,2016-12-20,G,81
904,03,05,08,17,21,14,2,18,8964300,72,161000,2235,8900,56275,900,545776000,1,2016-12-27,B,54
905,04,17,18,22,27,10,4,19,9044100,80,154300,2247,9500,59030,900,581223000,1,2017-01-10,D,88
906,02,04,06,07,23,26,9,8,19387700,66,168800,1795,10700,53600,900,524613600,1,2017-01-17,I,42
907,03,04,10,22,31,06,10,12,12695700,66,165800,2066,9100,52223,900,515300200,1,2017-01-24,J,70
908,18,19,21,23,31,17,6,17,9298100,92,123400,1684,11600,46524,1100,534647000,1,2017-01-31,F,112
909,03,12,14,20,27,22,9,10,15532800,61,182900,1750,11000,47976,1000,525380600,1,2017-02-07,I,76
910,10,14,20,26,30,03,5,9,16973400,80,137100,1487,12700,42451,1100,516695800,1,2017-02-14,E,100
911,02,03,04,13,16,17,3,7,22609500,47,241900,1495,13100,48938,1000,535319000,1,2017-02-21,C,38
912,09,12,19,21,22,18,4,15,10724100,74,156100,1680,11900,48357,1000,544094800,2,2017-02-28,D,83
913,02,09,17,21,23,28,1,24,6538300,72,156500,2186,8900,52636,900,530764800,1,2017-03-07,A,72
914,02,07,15,19,24,22,8,22,6916900,69,158400,2054,9200,50030,900,514707000,1,2017-03-14,H,67
915,14,22,24,26,27,07,7,14,13224800,65,160700,1321,13700,41427,1100,492044800,1,2017-03-21,G,113
916,17,18,23,28,30,05,7,15,9996500,106,101600,1681,11100,49396,900,507182800,1,2017-03-28,G,116
917,01,09,10,24,27,13,3,21,7059300,65,163800,1572,11700,42884,1100,501428200,1,2017-04-04,C,71
918,16,20,22,27,29,30,3,5,28662500,36,285900,1245,14300,38025,1200,484738600,1,2017-04-11,C,114
919,04,07,09,15,23,11,2,12,12582800,127,85400,2290,8200,55044,800,510720200,1,2017-04-18,B,58
920,05,15,22,24,25,30,3,12,12658300,75,145500,1801,10500,49221,1000,513782000,1,2017-04-25,C,91
921,06,08,10,14,30,13,10,13,11675400,60,181700,1985,9500,52761,900,513380800,1,2017-05-02,J,68
922,02,13,14,21,22,07,3,8,18147700,82,127100,1516,11900,45865,1000,491061400,1,2017-05-09,C,72
923,08,20,21,22,27,19,6,9,16244800,59,178000,1491,12200,42871,1100,494516000,1,2017-05-16,F,98
924,02,07,08,14,23,15,8,20,7222800,114,91000,2612,6800,58438,800,488608400,1,2017-05-23,H,54
925,09,14,19,27,30,16,1,8,18097900,53,196200,1814,9900,45848,1000,489712200,1,2017-05-30,A,99
926,03,09,18,27,29,26,4,26,5506100,64,160700,2346,7500,50732,900,484219200,1,2017-06-06,D,86
927,01,06,07,17,18,16,9,11,13049200,69,149400,1495,11900,43960,1000,485513200,1,2017-06-13,I,49
928,04,09,11,19,23,22,5,16,9215200,105,100800,2312,7900,54487,800,498709600,1,2017-06-20,E,66
929,02,04,05,11,20,22,2,9,16453400,68,156400,1816,10100,51442,900,500866400,2,2017-06-27,B,42
930,09,14,24,25,27,16,1,12,12136700,57,183500,1714,10500,49396,900,492611600,1,2017-07-04,A,99
931,02,03,18,24,25,09,7,11,13286200,110,95400,1841,9800,50368,900,494331400,1,2017-07-11,G,72
932,01,03,14,17,19,23,10,8,17562600,71,142100,1286,13600,41211,1100,475229000,1,2017-07-18,J,54
933,03,04,22,26,29,05,8,6,23706000,65,157200,1460,12100,44474,1000,481096800,2,2017-07-25,H,84
934,03,07,08,11,13,04,3,15,9475800,85,120100,2232,7900,53777,800,480765200,1,2017-08-01,C,42
935,03,11,13,20,31,16,6,8,17283400,48,206900,1376,12500,41186,1000,467672600,1,2017-08-08,F,78
936,07,21,23,25,31,10,4,11,12396900,55,178100,1299,13000,39669,1100,461241400,1,2017-08-15,D,107
937,05,12,13,15,24,25,9,15,9476000,63,162000,1599,11000,47584,900,480775600,1,2017-08-22,I,69
938,04,09,16,21,22,01,10,25,5812500,61,171100,2110,8500,49604,900,491504400,1,2017-08-29,J,72
939,08,12,20,23,28,16,2,18,8136300,117,89900,1917,9500,49125,900,495361400,1,2017-09-05,B,91
940,04,09,25,27,28,12,7,10,14318100,96,107100,1535,11600,44948,1000,484294400,1,2017-09-12,G,93
941,03,11,12,15,28,17,5,16,8846800,79,128700,2106,8300,54036,800,478773600,1,2017-09-19,E,69
942,02,07,10,22,29,17,1,11,13176300,106,98200,2271,7900,54678,800,490242400,1,2017-09-26,A,70
943,04,11,18,28,30,10,6,21,6901800,69,150900,2418,7400,49269,900,490236800,1,2017-10-03,F,91
944,05,11,13,16,27,23,8,18,7771500,83,121000,1988,8700,49178,900,473153400,1,2017-10-10,H,72
945,14,17,21,25,31,15,2,6,23896800,42,245200,1569,11300,43437,1000,484968800,1,2017-10-17,B,108
946,05,14,24,28,29,20,1,9,15691700,43,235900,1481,11800,42947,1000,477678800,1,2017-10-24,A,100
947,03,07,19,24,27,16,3,24,5990900,114,90600,2419,7400,54817,800,486327800,1,2017-10-31,C,80
948,03,06,12,13,22,04,4,12,11865000,68,150400,1752,10100,48414,900,481587000,1,2017-11-07,D,56
949,01,02,05,06,21,25,9,7,19808100,62,160600,1520,11300,41044,1100,468990000,1,2017-11-14,I,35
950,05,08,12,14,28,01,5,15,9340200,77,130700,2196,7900,52567,800,473882000,2,2017-11-21,E,67
951,03,09,12,26,27,25,10,23,6122600,104,97200,2441,7100,54742,800,476311400,1,2017-11-28,J,77
952,04,10,15,16,18,08,2,11,12921100,35,291700,1745,10100,45823,1000,480745200,1,2017-12-05,B,63
953,04,05,09,22,29,02,7,3,40000000,84,375600,1910,9200,50251,900,478256600,1,2017-12-12,G,69
954,11,16,21,23,25,18,1,19,7857100,64,167500,1606,11500,45913,1000,504939200,1,2017-12-19,A,96
955,09,12,17,21,30,28,5,12,13043900,75,149900,2019,9600,49537,1000,529435600,1,2017-12-26,E,89
956,06,15,18,22,29,31,8,34,4740900,82,141200,2425,8200,55501,900,545211800,1,2018-01-09,H,90
957,02,15,26,29,31,03,4,6,24966700,79,136200,1362,13600,40932,1100,506681600,1,2018-01-16,D,103
958,03,10,15,17,19,20,3,11,13050100,41,251500,1528,11600,44348,1000,485546200,1,2018-01-23,C,64
959,02,03,09,14,19,15,8,14,10635900,53,201800,1882,9800,52351,900,503647800,1,2018-01-30,H,47
960,02,03,05,16,20,09,7,16,9235900,78,136100,1610,11400,46989,1000,499831200,2,2018-02-06,G,46
961,02,11,18,20,29,03,2,12,11653600,72,139500,1650,10500,44224,1000,473004600,1,2018-02-13,B,80
962,03,10,15,18,25,27,5,14,10564800,77,137900,2295,8000,53809,800,500279800,1,2018-02-20,E,71
963,04,07,17,21,28,10,9,21,7128200,93,115600,2621,7100,55730,800,506322000,1,2018-02-27,I,77
964,16,19,27,28,30,12,10,13,11301700,59,178900,1294,14100,39950,1100,496949000,1,2018-03-06,J,120
965,07,13,15,19,28,23,6,10,14405000,88,117600,1881,9500,46002,1000,487234400,1,2018-03-13,F,82
966,01,11,25,26,27,30,1,10,14329400,59,174400,1328,13400,39499,1100,484676400,1,2018-03-20,A,90
967,04,07,11,14,31,02,8,10,14385100,87,118700,2158,8200,50947,900,486558800,1,2018-03-27,H,67
968,01,05,10,20,24,03,4,11,13011700,73,140800,1634,10900,45238,1000,484115800,1,2018-04-03,D,60
969,01,04,18,24,27,06,3,11,12973900,77,133100,1536,11500,43490,1000,482711000,1,2018-04-10,C,74
970,02,04,19,27,28,07,5,20,7333600,126,83600,1978,9200,51738,900,496101600,1,2018-04-17,E,80
971,07,17,18,20,24,13,9,5,28779600,58,178200,1570,11400,43806,1000,486718200,1,2018-04-24,I,86
972,13,19,21,22,27,14,7,9,15894200,75,137000,1601,11100,43481,1000,483844600,1,2018-05-01,G,102
973,01,07,12,13,31,30,9,13,10898300,77,132100,1520,11600,42570,1000,479210000,1,2018-05-08,I,64
974,10,18,21,24,27,30,7,4,35806600,67,153500,1674,10600,44576,1000,484446400,1,2018-05-15,G,100
975,10,18,19,28,29,16,2,8,18231200,33,317500,1460,12400,41078,1100,493318800,1,2018-05-22,B,104
976,02,04,15,16,19,08,10,7,21427200,72,149600,1520,12200,45956,1000,507326200,1,2018-05-29,J,56
977,09,17,21,22,23,05,6,7,21213400,100,106600,1750,10500,47696,1000,502263800,1,2018-06-05,F,92
978,01,08,20,26,28,07,5,2,40000000,49,1582400,1386,13200,40499,1100,497139800,1,2018-06-12,E,83
979,01,10,23,25,28,12,3,2,40000000,63,1341300,1307,14600,40811,1200,519125000,1,2018-06-19,C,87
980,08,24,27,30,31,16,1,12,13016500,80,140200,1704,11400,50315,1000,528322600,1,2018-06-26,A,120
981,10,11,19,28,30,22,8,17,8847200,108,100000,1971,9500,53359,900,508721000,1,2018-07-03,H,98
982,05,08,20,22,27,24,4,15,9896900,49,217600,1932,9500,48965,900,502126600,1,2018-07-10,D,82
983,06,10,12,15,23,25,9,19,7528900,97,105900,1935,9200,49190,900,483848600,1,2018-07-17,I,66
984,02,04,05,16,27,14,1,13,10996700,72,142600,1912,9300,51345,900,483538200,2,2018-07-24,A,54
985,05,11,16,17,26,03,10,9,16245300,78,134600,1625,11200,45783,1000,494530000,1,2018-07-31,J,75
986,01,21,22,25,27,28,6,6,24112000,38,273500,1303,13800,39046,1200,489336200,1,2018-08-07,F,96
987,06,13,15,17,21,22,7,6,22599700,52,187300,1453,11600,38768,1100,458645200,1,2018-08-14,G,72
988,01,09,11,14,21,28,5,14,10715000,71,151700,1689,11000,46888,1000,507394600,1,2018-08-21,E,56
989,02,07,10,16,30,24,7,19,7937200,123,88000,1832,10200,49450,900,510091200,1,2018-08-28,G,65
990,03,09,17,23,25,13,1,40,3498700,102,98500,2663,6500,54874,800,473367200,1,2018-09-04,A,77
991,01,03,09,15,30,06,3,10,14608000,76,138000,2060,8800,49184,900,494099200,1,2018-09-11,C,58
992,01,14,17,20,31,24,2,13,11195000,44,237600,1213,14900,35793,1300,492256400,1,2018-09-18,B,83
993,01,04,24,29,30,10,3,8,18112700,58,179400,1274,14100,40754,1100,490114200,1,2018-09-25,C,88
994,07,08,19,27,31,26,4,12,12005300,62,166900,2064,8600,48955,900,487279000,1,2018-10-02,D,92
995,01,05,14,21,30,12,8,11,12669100,44,227500,1623,10600,43543,1000,471370400,1,2018-10-09,H,71
996,09,19,20,22,26,07,6,8,18389100,67,157700,1337,13600,39758,1200,497592000,1,2018-10-16,F,96
997,01,03,08,11,14,16,8,15,9783200,64,164700,1896,9600,52889,900,496360000,1,2018-10-23,H,37
998,01,07,19,20,25,27,9,13,11533000,71,151700,2002,9300,46263,1000,507119200,1,2018-10-30,I,72
999,06,17,18,20,29,26,1,9,16569900,56,191300,1689,10900,44377,1000,504411400,1,2018-11-06,A,90
1000,03,08,14,18,26,07,2,22,6796300,91,118000,2307,8000,50803,900,505733600,2,2018-11-13,B,69
1001,05,12,16,22,27,18,7,18,8161700,71,148600,2371,7700,52500,900,496908400,1,2018-11-20,G,82
1002,02,09,11,20,27,05,10,27,5512100,113,94600,2516,7300,56459,800,503395800,1,2018-11-27,J,69
1003,11,14,15,22,29,10,6,20,7485100,71,151400,2007,9200,51339,900,506352800,1,2018-12-04,F,91
1004,01,18,22,27,30,20,5,13,11354400,61,173800,1733,10600,47728,1000,499266200,1,2018-12-11,E,98
1005,05,13,18,26,31,11,4,49,3133300,68,162200,2215,8600,48005,1000,519315600,1,2018-12-18,D,93
1006,10,15,19,23,26,06,3,16,9896800,101,112600,1662,11800,47549,1000,535600000,1,2018-12-25,C,93
1007,02,10,11,25,31,17,6,28,6009200,75,161100,2217,9400,56470,900,569116000,1,2019-01-08,F,79
1008,03,04,22,26,27,11,9,5,29891900,94,114200,1762,10500,50773,900,505529200,1,2019-01-15,I,82
1009,02,08,17,23,27,04,1,21,7248000,100,109300,2134,8800,52637,900,514827000,1,2019-01-22,A,77
1010,10,17,20,21,30,15,8,9,17087200,48,230100,1597,11900,42664,1100,520158600,1,2019-01-29,H,98
1011,09,16,21,30,31,27,7,8,19187700,51,216200,1591,12000,43437,1100,519201400,2,2019-02-05,G,107
1012,01,13,18,26,29,08,7,16,9116400,101,103700,1975,9100,44054,1000,493363600,1,2019-02-12,G,87
1013,01,06,11,19,28,08,2,16,9402400,123,87800,2465,7500,56378,800,508839800,1,2019-02-19,B,65
1014,04,17,19,20,25,05,10,10,15455500,74,150000,1596,12000,44579,1100,522765200,1,2019-02-26,J,85
1015,03,05,06,20,25,27,3,11,13932700,70,157200,1570,12100,50229,900,518382600,1,2019-03-05,C,59
1016,05,21,23,25,27,22,5,5,30605000,48,229000,1562,12100,45992,1000,517589600,1,2019-03-12,E,101
1017,09,16,21,23,24,08,6,15,10211800,59,186500,1626,11700,45488,1000,518104600,1,2019-03-19,F,93
1018,13,16,23,27,29,15,4,4,37942900,42,259600,1434,13100,43156,1100,513349200,1,2019-03-26,D,108
1019,05,06,16,23,24,03,2,21,7325500,88,125500,2007,9500,50914,900,520333000,1,2019-04-02,B,74
1020,03,12,17,24,30,31,9,28,5419100,73,149300,2256,8300,54038,900,513227400,1,2019-04-09,I,86
1021,13,19,23,25,29,08,8,12,13091900,85,132700,1539,12700,45483,1100,531383200,1,2019-04-16,H,109
1022,05,13,24,27,29,22,1,20,7703800,74,149500,2463,7700,54032,900,521146200,1,2019-04-23,A,98
1023,02,12,22,23,26,25,7,16,9189700,58,182100,1806,10100,45801,1000,497330400,1,2019-04-30,G,85
1024,04,11,12,23,28,03,10,17,8619600,102,103200,2469,7300,56168,800,495631800,1,2019-05-07,J,78
1025,03,04,13,19,23,18,7,6,24847800,60,178500,2112,8700,53847,900,504269600,1,2019-05-14,G,62
1026,03,14,15,22,26,01,2,18,8252800,74,144200,2090,8800,50284,900,502458200,1,2019-05-21,B,80
1027,05,06,17,21,27,19,3,18,8300500,88,121900,2398,7700,55944,800,505362400,1,2019-05-28,C,76
1028,02,03,08,16,27,17,5,15,10052800,86,125900,2369,7900,58138,800,510038200,1,2019-06-04,E,56
1029,03,04,09,11,29,05,6,18,8287400,97,110400,2562,7200,61647,700,504561800,1,2019-06-11,F,56
1030,21,24,26,27,28,22,8,12,12925900,78,142800,1191,16200,36679,1300,524645600,1,2019-06-18,H,126
1031,05,08,17,21,23,15,4,26,5961500,71,156800,2481,7700,57264,800,524270000,1,2019-06-25,D,74
1032,01,09,14,21,26,29,3,9,17196200,78,142500,1724,11100,43939,1100,523478600,1,2019-07-02,C,71
1033,02,12,14,24,31,22,9,17,8972200,69,158800,1512,12500,44630,1100,515907000,1,2019-07-09,I,83
1034,12,22,27,28,29,10,1,8,18487900,48,221300,1375,13300,43244,1100,500265600,1,2019-07-16,A,118
1035,03,08,11,16,31,26,7,16,9247600,97,109500,2178,8400,55219,800,500463000,2,2019-07-23,G,69
1036,07,14,16,23,28,09,5,20,7329300,93,113200,2263,8000,49639,900,495809400,1,2019-07-30,E,88
1037,07,19,23,24,27,17,10,12,12012100,74,139900,1843,9700,50667,900,487557000,1,2019-08-06,J,100
1038,02,05,21,23,30,08,2,7,19465200,59,165900,1450,11600,43271,1000,460872800,1,2019-08-13,B,81
1039,04,19,22,24,30,12,8,9,16371600,66,160300,1486,12300,45104,1000,498376000,1,2019-08-20,H,99
1040,07,10,13,25,27,30,1,13,11660300,68,160100,1911,9800,50923,900,512716400,1,2019-08-27,A,82
1041,03,09,14,15,27,31,6,30,5111700,134,82200,3371,5600,63279,700,518692000,1,2019-09-03,F,68
1042,11,12,19,23,28,07,5,19,7833600,136,78600,2134,8600,54432,800,503429200,1,2019-09-10,E,93
1043,07,09,23,24,25,30,4,7,20638100,55,188700,1798,10000,49749,900,488641200,1,2019-09-17,D,88
1044,12,19,27,28,30,01,3,23,6293500,53,196200,1843,9700,47834,900,489605800,1,2019-09-24,C,116
1045,03,05,07,10,18,16,8,22,6722500,78,136200,2276,8000,53933,800,500241600,2,2019-10-01,H,43
1046,16,23,24,28,29,12,10,12,12091300,62,168100,1469,12200,46772,1000,490769000,2,2019-10-08,J,120
1047,08,12,19,25,26,09,9,19,7527300,88,116700,2106,8400,50487,900,483748600,1,2019-10-15,I,90
1048,01,08,11,19,23,12,7,18,7942800,92,111600,1934,9200,50243,900,483580400,1,2019-10-22,G,62
1049,02,16,21,26,31,27,1,9,16406500,45,235700,1289,14200,38533,1200,499437400,1,2019-10-29,A,96
1050,02,15,19,23,28,10,6,16,9282300,83,128500,2165,8500,51323,900,502344400,1,2019-11-05,F,87
1051,07,11,12,21,22,05,2,19,7839100,126,84900,2079,8900,52300,900,503782200,1,2019-11-12,B,73
1052,04,08,09,14,26,05,5,14,10341600,59,176200,1761,10200,48794,900,489709600,1,2019-11-19,E,61
1053,02,03,13,16,23,14,7,19,7684700,56,187300,2108,8600,53194,800,493860400,1,2019-11-26,G,57
1054,02,19,25,26,31,22,4,10,14934100,44,243800,1541,12000,42021,1100,505129400,1,2019-12-03,D,103
1055,01,05,18,19,21,09,8,10,15085000,65,166700,1614,11600,44771,1000,510233400,1,2019-12-10,H,64
1056,03,12,14,21,25,10,3,78,2001000,70,160100,2167,8900,52882,900,527917600,1,2019-12-17,C,75
1057,09,13,21,23,26,01,3,13,12342200,71,162300,1735,11500,50611,1000,542701200,1,2019-12-24,C,92
1058,02,16,19,24,27,20,10,49,3451000,95,127800,3234,6500,66435,800,571958600,1,2020-01-07,J,88
1059,02,11,13,16,18,03,9,7,21912000,60,183600,1537,12400,46907,1000,518805000,1,2020-01-14,I,60
1060,19,23,24,28,31,11,8,14,11259300,71,159400,1837,10600,51051,1000,533168400,2,2020-01-21,H,125
1061,05,10,19,23,28,09,6,32,4963500,103,110700,2480,7900,59622,800,537238000,1,2020-01-28,F,85
1062,14,18,23,29,31,17,1,14,11341700,39,292400,1531,12900,43562,1100,537071200,1,2020-02-04,A,115
1063,10,18,20,26,27,25,4,7,21236900,63,169500,1345,13700,40425,1100,502820600,1,2020-02-11,D,101
1064,01,05,08,28,29,07,2,12,13004000,62,180800,1623,11900,47892,1000,527816600,1,2020-02-18,B,71
1065,08,11,14,16,31,10,10,13,11880600,45,246500,1543,12400,45050,1100,522403600,1,2020-02-25,J,80
1066,15,17,20,22,23,21,6,12,12993200,43,260500,1464,13200,42864,1100,527378400,1,2020-03-03,F,97
1067,02,10,13,15,28,26,5,10,15201300,87,125500,1820,10300,48403,1000,514167800,1,2020-03-10,E,68
1068,02,03,20,24,31,09,7,13,11948300,70,159400,1539,12500,46404,1000,525377800,1,2020-03-17,G,80
1069,01,03,09,14,25,20,3,14,11007000,71,155900,2159,8800,53875,900,521222000,1,2020-03-24,C,52
1070,07,09,11,27,31,21,9,21,7345200,67,165300,1943,9800,51916,900,521735200,1,2020-03-31,I,85
1071,02,03,04,27,31,07,8,24,6406100,69,160000,1608,11900,48881,1000,520031600,1,2020-04-07,H,67
1072,03,04,10,12,13,31,2,12,11276800,55,176700,1670,10000,45168,900,457712200,1,2020-04-14,B,42
1073,02,13,21,24,30,14,4,3,40000000,58,366900,1512,10800,40045,1000,445839200,1,2020-04-21,D,90
1074,15,18,20,22,27,21,1,6,19353000,46,181300,1213,11900,33222,1100,392756400,1,2020-04-28,A,102
1075,04,11,13,16,31,06,3,10,10611700,50,152400,1135,11600,33385,1000,358930600,1,2020-05-05,C,75
1076,05,07,11,22,26,15,10,14,8805400,75,118000,1893,8100,44325,900,416966200,1,2020-05-12,J,71
1077,03,17,19,25,31,04,5,12,11265800,54,179800,1648,10200,42816,1000,457264200,1,2020-05-19,E,95
1078,03,10,16,17,25,24,6,17,8781000,85,126100,1738,10600,46839,1000,504912600,1,2020-05-26,F,71
1079,02,06,14,16,26,04,7,19,8123100,103,107600,1970,9700,50539,900,522034400,1,2020-06-02,G,64
1080,04,05,13,19,21,14,9,13,11939000,53,210300,1895,10100,49785,1000,524970400,1,2020-06-09,I,62
1081,02,03,04,24,25,08,6,21,7677200,88,131600,2263,8800,58053,900,545314000,1,2020-06-16,F,58
1082,01,02,14,19,29,05,1,15,11038300,63,188800,1562,13100,47209,1100,560040200,1,2020-06-23,A,65
1083,01,03,19,26,29,05,2,11,14782500,72,162200,1699,11900,47316,1100,550002000,1,2020-06-30,B,78
1084,11,19,28,29,31,02,5,10,16393900,89,132300,1783,11400,51241,1000,554506400,1,2020-07-07,E,118
1085,09,10,16,17,28,13,10,13,12553700,69,169900,1872,10800,50999,1000,551999600,1,2020-07-14,J,80
1086,02,18,19,28,30,16,8,14,11632600,61,191800,1960,10300,54230,900,550842200,1,2020-07-21,H,97
1087,01,03,04,09,16,28,5,10,15969100,88,130300,2313,8500,56871,900,540136000,1,2020-07-28,E,33
1088,02,08,14,17,26,04,4,27,5914500,101,113500,2688,7300,56893,900,540145000,1,2020-08-04,D,67
1089,03,13,18,19,22,29,3,15,10228600,74,148900,1819,10500,53091,900,518956600,1,2020-08-11,C,75
1090,04,12,15,22,25,10,7,15,10657600,63,182300,1890,10500,51803,1000,540723000,1,2020-08-18,G,78
1091,01,14,25,29,31,30,1,10,16273700,41,285100,1436,14100,44259,1100,550438200,1,2020-08-25,A,100
1092,09,13,14,19,22,25,2,18,9041500,65,179800,1942,10400,54119,900,550472000,1,2020-09-01,B,77
1093,02,12,17,23,30,08,9,17,9421800,105,109500,2037,9700,53411,900,541762800,1,2020-09-08,I,84
1094,03,05,08,14,22,21,6,19,8423100,74,155300,2780,7100,62172,800,541316600,1,2020-09-15,F,52
1095,04,10,16,21,24,06,7,20,7502200,93,115900,2117,8800,51353,900,507508000,1,2020-09-22,G,75
1096,01,02,12,20,22,08,10,12,13244400,68,167900,1761,11200,46435,1100,537571600,1,2020-09-29,J,57
1097,05,12,18,19,24,16,4,21,7519100,102,111200,2308,8500,54897,900,534085600,2,2020-10-06,D,78
1098,03,13,17,28,31,19,7,15,10384800,90,124300,2213,8700,55943,900,526883400,1,2020-10-13,G,92
1099,01,03,05,14,23,15,8,17,9340100,72,158400,2302,8500,57081,900,537063800,1,2020-10-20,H,46
1100,13,18,19,25,27,16,5,12,13185500,61,186300,1919,10200,51629,900,535181000,1,2020-10-27,E,102
1101,01,08,10,12,29,13,2,11,14094600,66,168700,2001,9600,50817,900,524408200,1,2020-11-03,B,60
1102,08,13,20,26,29,06,3,17,9283800,70,161900,1607,12200,43863,1100,533827200,1,2020-11-10,C,96
1103,01,06,07,21,31,18,1,10,15875700,50,228100,1569,12500,45522,1100,536976800,1,2020-11-17,A,66
1104,07,16,20,23,28,06,9,8,19111300,50,219600,1851,10200,44849,1100,517133400,1,2020-11-24,I,94
1105,04,11,16,21,26,09,6,25,6393900,99,115900,1821,10900,48628,1000,540667600,1,2020-12-01,F,78
1106,02,18,21,25,30,19,5,16,9816500,57,197900,1762,11000,46965,1000,531255200,1,2020-12-08,E,96
1107,07,10,16,18,29,05,10,15,10839600,66,176900,1712,11800,47820,1100,549955600,1,2020-12-16,J,80
1108,06,10,14,17,19,27,6,11,14890700,63,186700,1760,11500,48744,1000,554025800,1,2020-12-22,F,66
1109,07,15,17,26,27,08,4,16,10902000,75,167000,1979,10900,53903,1000,589995200,1,2020-12-29,D,92
1110,02,07,19,23,28,03,7,31,4633300,186,55400,2831,6300,56113,800,485822200,1,2021-01-05,G,79
1111,02,03,04,13,31,29,4,27,5747800,69,161500,2517,7600,56365,800,524916000,1,2021-01-12,D,53
1112,05,06,08,13,25,29,2,12,13432000,106,109200,2131,9400,55946,900,545185400,1,2021-01-19,B,57
1113,19,20,21,26,27,12,8,14,11518100,59,196300,1387,14400,42920,1200,545422200,1,2021-01-26,H,113
1114,07,18,21,25,26,12,3,16,10215300,100,117400,2084,9700,51318,1000,552836800,1,2021-02-02,C,97
1115,02,04,06,11,29,20,5,25,6514100,81,144400,2269,8900,59009,800,550828800,1,2021-02-09,E,52
1116,07,24,25,27,29,10,1,7,24007300,45,268200,1596,13100,49992,1000,568414200,1,2021-02-16,A,112
1117,04,13,22,27,30,19,6,14,11621600,118,99000,1999,10100,50044,1000,550321000,1,2021-02-23,F,96
1118,08,13,16,27,29,11,7,18,9251300,66,181200,2288,9000,54657,900,563246200,1,2021-03-02,G,93
1119,09,10,12,17,18,14,9,10,16530400,80,148400,1874,10900,51748,1000,559123600,1,2021-03-09,I,66
1120,02,10,11,17,31,26,10,22,7456700,91,129500,2263,9000,56884,900,554872000,1,2021-03-16,J,71
1121,13,19,21,24,25,16,4,13,12460500,72,161600,1902,10600,52556,1000,547901200,1,2021-03-23,D,102
1122,08,09,14,25,28,11,5,13,12813700,88,135900,1976,10400,52681,1000,563432000,1,2021-03-30,E,84
1123,07,17,26,28,29,24,2,12,14166000,57,214200,1841,11400,53622,1000,574978400,1,2021-04-06,B,107
1124,03,04,06,08,27,12,7,9,17882100,79,146300,2107,9500,61671,800,544358000,1,2021-04-13,G,48
1125,02,06,10,14,21,18,3,13,12916500,87,138600,2031,10200,53299,1000,567951000,1,2021-04-20,C,53
1126,06,08,20,30,31,25,1,10,16783500,58,207800,1526,13600,45249,1200,567684000,1,2021-04-27,A,95
1127,08,22,24,27,28,16,5,15,10405200,85,131900,1626,11900,48712,1000,527919200,1,2021-05-04,E,109
1128,04,07,13,24,30,02,6,12,13423000,95,121800,2056,9700,53295,900,544821200,1,2021-05-11,F,78
1129,05,09,16,29,30,12,8,27,5838500,110,102900,1876,10400,50409,1000,533202000,1,2021-05-18,H,89
1130,05,06,08,25,26,11,4,14,11387900,108,106000,2182,9000,56162,900,539257200,1,2021-05-25,D,70
1131,06,08,11,24,29,23,9,15,10713600,105,109900,2771,7200,63136,800,543566400,1,2021-06-01,I,78
1132,03,04,14,15,18,05,2,12,13059000,57,197500,1560,12500,47966,1000,530046600,1,2021-06-08,B,54
1133,14,17,23,28,30,07,5,17,10427900,89,143000,1953,11300,51871,1100,599611800,1,2021-06-15,E,112
1134,06,13,20,23,28,21,10,14,12157100,78,156700,1885,11200,49379,1100,575682000,1,2021-06-22,J,90
1135,07,19,21,23,28,24,7,19,8999100,89,138000,2606,8100,58054,900,578334600,1,2021-06-29,G,98
1136,11,15,20,22,23,04,3,11,15440200,82,148800,1771,11900,48715,1100,574473600,1,2021-07-06,C,91
1137,07,08,21,25,31,14,1,8,20626500,79,150000,1773,11500,52896,1000,558134000,1,2021-07-13,A,92
1138,14,20,23,28,29,27,6,10,16293400,42,278700,2045,9900,51377,1000,551106200,1,2021-07-20,F,114
1139,12,16,17,24,31,22,5,16,10096300,50,232100,1739,11500,48162,1000,546392800,1,2021-07-27,E,100
1140,07,11,17,19,28,25,10,18,8932400,111,104000,2448,8100,59660,800,543835600,1,2021-08-03,J,82
1141,09,12,17,18,27,22,8,13,11911000,69,161200,1966,9800,52495,900,523738800,1,2021-08-10,H,83
1142,11,23,25,29,30,18,9,13,13383900,53,235800,1684,12800,53180,1000,588503800,1,2021-08-17,I,118
1143,03,04,16,19,27,23,4,27,6536500,141,89900,2501,8700,60839,900,596949600,1,2021-08-24,D,69
1144,04,11,14,21,30,27,5,12,14938600,86,149700,1990,11200,55520,1000,606338200,1,2021-08-31,E,80
1145,11,14,20,28,31,12,2,15,11958100,85,151600,2009,11100,56774,1000,606705000,1,2021-09-07,B,104
1146,04,05,11,29,30,24,6,20,8773900,72,175000,2571,8400,62879,900,593537400,1,2021-09-14,F,79
1147,06,08,23,27,29,21,7,22,7872300,104,11960,2842,7500,65376,800,585801800,1,2021-09-21,G,93
1148,01,03,06,15,19,10,3,13,13657900,89,143300,1767,12500,53134,1000,600553000,1,2021-09-28,C,44
1149,05,12,14,15,20,07,4,10,17310200,64,194300,1557,13800,47146,1100,585496800,1,2021-10-05,D,66
1150,01,10,13,27,29,14,1,17,9949000,70,173500,1684,12500,49882,1100,572075200,1,2021-10-12,A,80
1151,14,18,21,30,31,09,10,7,24345000,71,172400,1540,13700,47665,1100,576408600,1,2021-10-19,J,114
1152,02,12,14,23,27,21,8,20,8522900,91,134500,2405,8800,62070,800,576557000,1,2021-10-26,H,78
1153,17,25,27,29,30,15,9,10,17157800,93,132500,1585,13400,51396,1000,580343200,1,2021-11-02,I,128
1154,09,10,12,21,24,27,2,16,10500100,70,172400,2087,10000,52983,1000,568245600,2,2021-11-09,B,76
1155,01,09,13,16,19,18,6,32,5298700,41,297100,1603,13100,45928,1200,573520000,1,2021-11-16,F,58
1156,01,03,14,27,30,07,10,11,14665200,93,124600,2221,9000,56211,900,545637600,1,2021-11-23,J,75
1157,02,06,07,13,30,17,5,14,11975200,69,174500,1825,11400,52625,1000,567066400,1,2021-11-30,E,58
1158,01,14,23,25,26,29,1,10,16795300,49,246200,1485,14000,45129,1200,568080800,1,2021-12-07,A,89
1159,11,12,14,18,31,06,7,4,40000000,66,292700,1710,12100,51704,1000,565887200,1,2021-12-14,G,86
1160,07,19,22,24,31,21,1,13,13510700,54,233600,2011,10800,53107,1000,594078000,1,2021-12-21,A,103
1161,03,09,13,17,24,29,3,23,7869700,146,89000,2613,8600,64292,900,612227000,1,2021-12-28,C,66
1162,02,21,23,24,29,11,4,17,8449800,91,113400,1620,11000,46475,1000,485872800,1,2022-01-04,D,99
1163,02,09,11,22,29,03,8,63,2948800,174,76700,3615,6300,72873,800,628376800,1,2022-01-11,H,73
1164,04,09,19,26,31,25,9,14,12513100,76,165500,1917,11300,52925,1000,592537400,1,2022-01-18,I,89
1165,05,13,16,27,31,24,2,12,14776300,128,99500,2289,9600,57827,900,599752400,1,2022-01-25,B,92
1166,06,11,14,17,25,24,6,32,5627200,123,105100,3246,6900,69778,800,609074800,1,2022-02-01,F,73
1167,02,14,21,27,30,23,10,36,4847200,142,88200,3288,6600,67181,800,590226800,1,2022-02-08,J,94
1168,05,13,14,24,31,02,4,12,14563100,125,100400,2261,9600,58120,900,591095000,1,2022-02-15,D,87
1169,01,07,09,21,27,13,3,20,8914500,93,137700,2195,10100,59767,900,603050600,1,2022-02-22,C,65
1170,02,16,18,20,28,29,5,10,17659700,50,253700,1732,12600,49618,1100,597320400,1,2022-03-01,E,84
1171,01,03,06,16,23,31,7,33,5304200,95,132300,2029,10700,54355,1000,592051400,1,2022-03-08,G,49
1172,11,24,26,28,29,22,9,8,21837300,74,169600,1632,13300,53586,1000,590897800,1,2022-03-15,I,118
1173,03,04,13,16,27,09,1,28,5926500,116,102700,2708,7600,60332,800,561281800,1,2022-03-22,A,63
1174,05,06,21,29,30,27,8,13,14017800,90,145400,2133,10600,58241,1000,616376200,1,2022-03-29,H,91
1175,01,07,15,16,29,02,2,13,13399000,63,198600,1969,11000,52590,1000,589170200,1,2022-04-05,B,68
1176,01,12,20,27,29,17,4,10,17110400,52,236300,1581,13400,47513,1100,578739200,1,2022-04-12,D,89
1177,03,10,16,21,30,07,10,19,9097400,87,142700,2238,9600,54326,1000,584650200,1,2022-04-19,J,80
1178,01,05,09,13,22,31,6,7,24472900,85,144700,2079,10200,55768,1000,579436800,1,2022-04-26,F,50
1179,18,19,20,25,30,27,1,7,23567700,50,237000,1319,15500,40788,1300,558005400,1,2022-05-03,A,112
1180,13,15,16,26,29,27,3,27,6269300,91,133600,1823,11500,51706,1000,572541400,1,2022-05-10,C,99
1181,02,09,13,16,22,15,7,22,7636200,47,256700,2276,9100,56381,900,568232200,1,2022-05-19,G,62
1182,07,10,20,22,28,21,5,9,18384100,69,172200,1681,12200,47520,1100,559639800,1,2022-05-24,E,87
1183,03,07,09,14,15,23,9,16,10548500,109,111200,2242,9300,59050,900,570866600,1,2022-05-31,I,48
1184,05,08,12,19,27,15,7,57,2908100,99,120200,3363,6100,66839,800,560675200,1,2022-06-07,G,71
1185,01,14,16,17,22,04,8,19,8687100,57,208000,1518,13500,46749,1100,558282400,1,2022-06-14,H,70
1186,09,13,15,24,28,17,2,20,8371300,89,135100,2129,9700,56344,900,566304600,1,2022-06-21,B,89
1187,03,05,06,11,23,16,4,19,8651200,89,132600,2794,7300,67811,700,555973400,1,2022-06-28,D,48
1188,02,25,26,29,31,06,9,14,11778900,61,194200,1920,10600,49889,1000,557770400,1,2022-07-05,I,113
1189,06,07,16,17,22,09,1,12,13370900,72,160000,1710,11600,51328,1000,542707000,2,2022-07-12,A,68
1190,03,20,23,24,28,29,1,9,17421200,47,239600,1592,12200,46822,1000,530328200,1,2022-07-19,A,98
1191,11,16,20,25,26,07,6,3,40000000,66,761000,1428,13800,41459,1200,537177400,1,2022-07-26,F,98
1192,04,10,11,22,31,28,10,16,10144100,96,121400,2353,8500,55583,900,548979400,1,2022-08-02,J,78
1193,01,04,08,11,20,15,5,15,10481600,66,171100,1989,9800,49219,1000,531792400,1,2022-08-09,E,44
1194,03,05,07,18,20,30,10,16,9978300,68,168600,2059,9600,52405,900,540006200,1,2022-08-16,J,53
1195,03,10,11,13,14,04,7,11,15079700,92,129500,1747,11800,53032,1000,561060200,1,2022-08-23,G,51
1196,01,05,17,19,23,26,3,22,7559600,96,124400,1942,10600,52136,1000,562529800,1,2022-08-30,C,65
1197,07,09,17,26,27,24,8,10,16695400,74,162000,2097,9900,53745,1000,564704000,2,2022-09-06,H,86
1198,10,11,17,30,31,01,10,23,7243500,134,89300,2189,9400,53955,1000,563511400,1,2022-09-13,J,99
1199,06,13,19,23,28,10,2,18,8748900,78,145000,2473,7900,53773,900,532661000,1,2022-09-20,B,89
1200,02,16,18,22,24,04,9,19,8488300,95,121900,2199,9100,55211,900,545508200,1,2022-09-27,I,82
1201,01,02,16,23,30,08,4,16,10221700,92,127700,2064,9800,48041,1100,553180200,1,2022-10-04,D,72
1202,04,05,15,27,30,12,1,15,10497900,89,127100,1739,11200,49039,1000,532621000,1,2022-10-11,A,81
1203,04,07,08,12,19,23,6,18,9031100,125,93400,2572,7800,60703,800,549843800,1,2022-10-18,F,50
1204,05,10,12,18,20,04,5,19,8543900,51,228600,1868,10800,52354,1000,549079200,1,2022-10-25,E,65
1205,11,12,16,24,28,20,7,19,8665000,76,155600,2453,8300,57828,900,556862600,1,2022-11-01,G,91
1206,07,09,12,14,30,19,3,15,11155300,78,154100,1976,10500,55731,900,565973400,1,2022-11-08,C,72
1207,02,08,14,25,28,07,10,22,7509200,115,103200,2495,8200,56104,900,558780000,1,2022-11-15,J,77
1208,05,10,15,16,27,26,8,21,7784300,80,146800,2282,8900,57110,900,552921400,1,2022-11-22,H,73
1209,12,14,17,27,28,29,1,14,11440500,63,182600,1886,10500,52071,1000,541749000,1,2022-11-29,A,98
1210,14,26,27,30,31,10,2,14,11633300,80,146200,1641,12300,47365,1100,550879600,1,2022-12-06,B,128
1211,04,08,16,25,26,12,4,25,6595700,141,84000,2301,8900,55884,900,557729800,1,2022-12-13,D,79
1212,14,19,23,30,31,26,5,14,11965900,57,211100,1791,11600,48387,1100,566625400,1,2022-12-20,E,117
1213,17,21,23,25,26,06,9,8,21753300,70,178600,1425,15200,45377,1200,588623800,1,2022-12-27,I,112
1214,05,09,10,19,26,02,6,22,8762100,83,166800,2239,10700,60851,1000,652015400,1,2023-01-10,F,69
1215,01,02,03,05,20,06,2,12,14095300,119,102100,2655,7900,52623,1000,572108800,1,2023-01-17,B,31
1216,10,12,18,25,28,13,10,12,13678000,69,170800,1852,11000,51016,1000,555173400,1,2023-01-24,J,93
1217,08,10,14,20,25,30,7,16,10427500,67,178800,1877,11000,50008,1000,564318400,1,2023-01-31,G,77
1218,01,03,04,07,11,16,5,38,4498800,85,144400,3026,7000,68417,800,578240800,1,2023-02-07,E,26
1219,09,10,13,21,29,11,6,12,13498600,68,171100,1950,10300,51344,1000,547890400,1,2023-02-14,F,82
1220,02,05,11,12,30,16,3,26,6357400,111,106900,2906,7000,69529,700,559083600,2,2023-02-21,C,60
1221,04,11,13,21,26,19,8,23,7226200,101,118200,2000,10300,52111,1000,562160200,1,2023-02-28,H,75
1222,04,18,23,26,28,07,1,15,11177000,62,194200,1682,12400,48030,1100,567072600,1,2023-03-07,A,99
1223,01,11,21,26,31,25,4,30,5362800,88,131300,2747,7200,46445,1100,544173000,1,2023-03-14,D,90
1224,01,05,08,11,22,14,10,27,6332900,74,166000,2696,7800,64549,800,578355800,1,2023-03-21,J,47
1225,01,07,15,29,31,19,9,17,9503500,55,211000,1861,10800,46592,1100,546456400,1,2023-03-28,I,83
1226,02,05,13,18,21,04,10,16,10211900,84,139700,2205,9200,53785,900,552652000,1,2023-04-04,J,59
1227,01,05,11,20,26,14,2,32,5034200,109,106100,4073,4900,64603,800,544892400,1,2023-04-11,B,63
1228,01,04,18,19,26,22,6,12,13997700,70,172300,2184,9500,56686,900,568146400,1,2023-04-18,F,68
1229,01,05,07,12,27,26,5,21,7891900,99,120200,2673,7700,63918,800,560563800,1,2023-04-25,E,52
1230,04,18,21,22,23,28,7,10,16895400,86,141100,1707,12300,49953,1100,571466600,1,2023-05-02,G,88
1231,01,14,20,21,31,05,3,16,10109100,87,133500,1726,11600,45837,1100,547087200,1,2023-05-09,C,87
1232,04,05,17,27,29,06,8,18,9049100,88,132900,2083,9700,54270,900,550938000,1,2023-05-16,H,82
1233,03,08,17,19,23,22,10,24,6570900,84,134800,2419,8100,57628,800,533409000,1,2023-05-23,J,70
1234,04,14,15,27,28,22,1,27,5847800,80,141700,1978,9900,50903,1000,534051000,1,2023-05-30,A,88
1235,08,12,17,22,28,05,4,12,13407000,133,86900,1970,10100,52327,1000,544174400,1,2023-06-06,D,87
1236,01,18,19,30,31,29,9,12,13032400,53,211900,1668,11600,44679,1100,528967000,1,2023-06-13,I,99
1237,02,09,10,25,31,18,5,14,11521300,94,123200,1838,10900,48832,1000,545575800,1,2023-06-20,E,77
1238,13,16,19,21,25,29,1,10,16172800,66,176000,1692,11900,44941,1100,547027000,1,2023-06-27,A,94
1239,07,09,11,18,30,01,10,25,6505800,109,107200,2336,8600,58781,900,550132200,1,2023-07-04,J,75
1240,13,15,20,27,30,06,3,7,22829200,81,141700,1372,14500,42297,1200,540519200,2,2023-07-11,C,105
1241,01,02,03,07,27,11,8,20,7709000,124,89300,2008,9500,54457,900,521500200,1,2023-07-18,H,40
1242,05,07,18,19,27,29,8,15,10421700,78,143900,2603,7400,61077,800,528752000,1,2023-07-25,H,76
1243,02,04,13,15,20,24,10,8,19592300,68,165500,1561,12500,44516,1100,530150400,1,2023-08-01,J,54
1244,02,06,09,11,19,22,2,24,6581500,116,97800,2662,7300,60313,800,534271400,1,2023-08-08,B,47
1245,10,11,16,29,30,19,7,15,9906500,58,184000,1865,9900,47981,1000,502615200,1,2023-08-15,G,96
1246,16,17,20,21,28,18,6,3,40000000,42,1143400,1474,13200,42165,1200,530233200,1,2023-08-22,F,102
1247,09,15,23,26,30,19,4,16,10082000,71,163200,1682,11900,47273,1100,545620600,1,2023-08-29,D,103
1248,02,04,05,14,25,24,9,14,11624900,128,91300,1972,10200,56297,900,550481800,1,2023-09-05,I,50
1249,07,09,11,14,21,27,2,22,7177800,102,111200,2200,8900,57308,800,534123600,1,2023-09-12,B,62
1250,02,12,13,19,23,27,3,10,15493300,95,117100,1897,10100,53637,900,524043800,1,2023-09-19,C,69
1251,03,04,05,30,31,17,1,26,6117200,66,173100,1696,11600,49820,1000,537962600,1,2023-09-26,A,73
1252,01,04,11,25,30,10,5,23,6966500,104,110600,2946,6700,58681,800,541960600,1,2023-10-03,E,71
1253,01,11,17,19,25,28,8,17,8898300,83,130900,1772,10600,50069,900,511659200,1,2023-10-10,H,73
1254,01,05,12,17,28,14,10,25,6557400,70,168200,2587,7800,58893,900,554492200,1,2023-10-17,J,63
1255,02,03,04,17,23,12,5,13,12054800,102,110300,2197,8800,56954,800,530062000,1,2023-10-24,E,49
1256,07,08,14,19,21,23,9,20,7891400,102,111100,2180,9000,55216,900,533836600,1,2023-10-31,I,69
1257,08,13,19,22,24,21,4,16,10097900,66,175800,1832,10900,50260,1000,546483800,2,2023-11-07,D,86
1258,03,06,12,19,30,13,2,25,6260100,62,181300,2336,8300,54661,900,529354000,1,2023-11-14,B,70
1259,01,13,17,18,22,25,7,8,19362900,65,171200,1570,12200,43922,1100,523941200,1,2023-11-21,G,71
1260,02,04,14,21,29,12,6,6,26352100,85,133600,2094,9400,54322,900,534797200,1,2023-11-28,F,70
1261,19,21,25,29,31,07,5,10,16214300,64,182000,1284,15700,41327,1200,548430600,1,2023-12-05,E,125
1262,11,16,18,19,29,31,3,10,16134000,60,193100,1772,11300,50061,1000,545715600,1,2023-12-12,C,93
1263,01,02,15,25,28,05,1,11,15404900,88,138300,1640,12800,47720,1100,573158200,1,2023-12-19,A,71
1264,02,07,10,22,27,24,8,22,7801600,84,146700,2516,8400,58064,900,580542400,1,2023-12-26,H,68
1265,08,09,11,15,31,17,10,12,14843900,72,177700,2185,10100,56888,1000,602494200,1,2024-01-09,J,74
1266,01,16,22,23,31,18,4,9,18389400,57,208500,1654,12400,46580,1100,559800800,1,2024-01-16,D,93
1267,13,15,18,20,29,17,9,6,27226400,55,213300,1483,13700,44516,1100,552540600,1,2024-01-23,I,95
1268,09,11,14,22,29,31,1,31,5371900,102,117200,2799,7400,62690,800,563271200,1,2024-01-30,A,85
1269,05,10,16,20,21,14,7,17,9537400,71,164000,1782,11300,48487,1000,548405000,2,2024-02-06,G,72
1270,02,07,16,19,26,20,2,14,11400500,54,212300,2044,9700,52786,900,539855400,1,2024-02-13,B,70
1271,16,17,19,22,23,24,6,13,12742600,63,188900,1670,12300,48376,1100,560305600,1,2024-02-20,F,97
1272,03,07,14,21,30,13,7,32,5039800,85,136300,2530,7900,56312,900,545496200,1,2024-02-27,G,75
1273,07,18,20,22,23,05,3,13,12579000,77,152500,1696,12000,48005,1100,553112400,1,2024-03-05,C,90
1274,01,07,08,10,14,18,7,10,15989000,51,225200,1781,11100,50153,1000,540808400,1,2024-03-12,G,40
1275,06,11,12,13,14,05,5,6,27749900,57,209800,1690,12200,50378,1000,563165000,1,2024-03-19,E,56
1276,04,09,13,16,31,27,8,7,22342300,111,101200,1953,9900,49556,1000,528992400,1,2024-03-26,H,73
1277,02,13,18,22,28,30,2,16,10201300,57,205700,2112,9600,52891,1000,552074600,1,2024-04-02,B,83
1278,03,10,19,21,31,29,10,16,9891400,73,155700,2094,9400,52583,900,535305400,1,2024-04-09,J,84
1279,01,14,18,22,28,26,4,17,9647500,87,135400,2098,9700,52996,1000,554737800,1,2024-04-16,D,83
1280,07,09,14,17,20,13,1,11,14759600,65,179400,1751,11500,50278,1000,549149800,1,2024-04-23,A,67
1281,04,10,15,18,24,05,9,15,10582100,79,144300,1917,10300,50044,1000,536892000,1,2024-04-30,I,71
1282,02,22,23,30,31,29,6,14,11337700,75,152000,1901,10300,50983,1000,536880200,1,2024-05-07,F,108
1283,01,11,25,29,31,03,3,14,11168500,65,172800,2013,9600,51403,900,528866800,1,2024-05-14,C,97
1284,04,11,23,28,31,22,10,9,17401100,89,126400,2130,9100,53345,900,529715200,1,2024-05-21,J,97
1285,04,05,18,23,25,11,5,16,9649700,96,115500,1833,10400,50721,900,522225200,1,2024-05-28,E,75
1286,09,10,12,13,30,25,7,10,15853000,59,193000,1547,12700,46866,1100,536208400,1,2024-06-04,G,74
1287,10,12,23,26,30,22,2,13,12012200,71,158000,1718,11300,44776,1100,528191000,1,2024-06-11,B,101
1288,04,12,14,16,22,08,8,8,19482100,92,121700,1555,12400,47550,1000,527169200,1,2024-06-18,H,68
1289,17,18,21,27,30,03,2,10,16096400,68,170000,1517,13200,46566,1100,544442200,1,2024-06-25,B,113
1290,21,26,27,29,31,07,6,14,11602300,53,220100,1399,14400,38811,1300,549407600,1,2024-07-02,F,134
1291,01,02,08,11,29,19,4,17,9326100,104,109500,2146,9100,58272,800,536256600,1,2024-07-09,D,51
1292,06,11,21,23,25,27,1,9,16989200,54,203400,1694,11200,47825,1000,517177600,1,2024-07-16,A,86
1293,06,08,10,20,28,15,3,14,11080200,71,156900,1801,10700,47288,1000,524685600,2,2024-07-23,C,72
1294,08,21,22,27,29,01,2,10,15742100,48,235600,1819,10700,50252,1000,532459000,1,2024-07-30,B,107
1295,04,11,12,21,26,28,9,23,6714000,93,119200,2362,8100,55692,900,522313800,1,2024-08-06,I,74
1296,09,13,18,19,21,06,5,12,12228200,73,144400,1620,11200,46005,1000,496327600,1,2024-08-13,E,80
1297,01,12,17,21,28,31,10,5,31218800,59,190000,1687,11500,45198,1100,527969000,1,2024-08-20,J,79
1298,02,04,12,13,17,29,7,9,17357800,55,204000,1836,10500,51571,900,528397400,1,2024-08-27,G,48
1299,03,04,09,11,18,07,2,27,5971300,116,99800,2911,6800,70737,700,545330600,1,2024-09-03,B,45
1300,01,04,16,27,31,15,8,17,9436300,78,147700,1610,12400,47039,1100,542595200,1,2024-09-10,H,79
1301,13,15,25,26,27,17,6,9,17427300,51,220900,1510,12900,42174,1200,530512000,1,2024-09-17,F,106
1302,06,11,12,17,24,04,4,21,7571500,116,98400,2428,8100,60421,800,537808400,1,2024-09-24,D,70
1303,07,14,17,30,31,22,5,17,9460300,118,97900,1984,10000,52693,900,543975800,1,2024-10-01,E,99
1304,03,04,06,20,31,02,1,11,14104000,33,337700,1381,13900,42786,1100,524757200,2,2024-10-08,A,64
1305,07,12,14,29,30,04,1,17,9318200,91,125000,1973,9900,52224,900,535803200,1,2024-10-15,A,92
1306,05,07,27,28,29,16,3,16,9850600,83,136400,1806,10800,51258,1000,533100000,1,2024-10-22,C,96
1307,11,13,16,18,20,19,7,17,9124100,79,141000,1470,13100,42318,1100,524642200,1,2024-10-29,G,78
1308,03,08,12,16,22,29,9,22,7198800,125,91000,2335,8400,56299,900,535682400,1,2024-11-05,I,61
1309,06,12,25,27,29,22,10,5,31146600,53,211000,1850,10400,49424,1000,526748400,1,2024-11-12,J,99
1310,13,14,19,24,28,03,2,12,13000800,75,149400,1812,10700,49142,1000,527686000,1,2024-11-19,B,98
1311,03,11,27,28,31,26,1,17,9262100,66,171300,2163,9000,56360,900,532575200,1,2024-11-26,A,100
1312,10,12,13,21,31,23,5,14,11538300,89,130300,1884,10600,48525,1000,546378000,1,2024-12-03,E,87
1313,02,05,09,22,31,15,8,11,14439300,98,116400,1884,10400,52311,900,537232600,1,2024-12-10,H,69
1314,18,20,21,23,30,25,1,12,13519900,56,208100,1503,13400,44942,1100,548754800,1,2024-12-17,A,112
1315,06,15,22,29,30,13,6,5,33339700,77,155500,1879,11000,52042,1000,563838600,1,2024-12-24,F,102
1316,04,07,10,11,17,23,4,18,10244200,138,95900,3201,7100,71597,800,623699600,1,2025-01-07,D,49
1317,07,22,26,30,31,11,2,27,5887800,109,104700,1708,11500,46649,1100,537705000,1,2025-01-14,B,116
1318,05,07,15,24,29,12,6,16,9912400,107,106400,1874,10500,51563,1000,536442800,1,2025-01-21,F,80
1319,04,06,16,26,29,31,3,16,9926900,79,144400,1816,10800,49195,1000,537225600,1,2025-01-28,C,81
1320,02,03,07,25,28,04,5,20,8100700,76,153100,2264,8900,60443,800,547994600,2,2025-02-04,E,65
1321,01,05,06,24,25,11,10,8,19262900,96,115300,1880,10200,48808,1000,521237200,1,2025-02-11,J,61
1322,05,16,18,22,28,06,7,12,13612300,72,162900,1959,10300,50231,1000,552504600,1,2025-02-18,G,89
1323,04,09,18,24,25,15,9,15,10662700,77,149200,2163,9200,53795,900,540979400,1,2025-02-25,I,80
1324,05,06,14,20,27,01,5,10,16151000,67,173100,1842,10900,49450,1000,546289000,1,2025-03-04,E,72
1325,10,15,22,23,25,13,8,13,12476500,64,182000,1494,13500,46286,1100,548606600,1,2025-03-11,H,95
1326,04,09,15,19,26,03,1,17,9062300,88,125700,1944,9800,48637,1000,521087600,1,2025-03-18,A,73
1327,04,09,26,27,29,16,4,14,11145300,100,112000,1736,11100,49881,1000,527767200,1,2025-03-25,D,95
1328,01,12,15,27,31,18,5,11,14222600,54,208100,1720,11300,46806,1000,529168600,1,2025-04-01,E,86
1329,05,06,08,21,30,23,2,11,14312600,66,171300,1903,10300,52101,900,532518200,1,2025-04-08,B,70
1330,01,13,24,25,31,11,6,13,12140500,60,188900,1627,12000,45905,1100,533829200,1,2025-04-15,F,94
1331,09,11,13,27,28,16,7,21,7479000,91,123900,2367,8200,56200,900,531236400,2,2025-04-22,G,88
1332,12,16,17,20,25,28,1,10,15169000,63,172900,1389,13500,40962,1200,513075800,1,2025-04-29,A,90
1333,07,11,18,25,26,06,1,17,8873100,83,130500,2406,7800,56247,800,510209400,1,2025-05-06,A,87
1334,03,08,21,27,29,16,9,12,13049800,113,99500,2094,9300,54335,900,529673800,1,2025-05-13,I,88
1335,12,17,18,22,31,30,3,9,16859700,60,181600,1624,11600,45231,1000,513235000,1,2025-05-20,C,100
1336,03,20,21,24,25,26,10,8,19389800,40,278500,1678,11500,42228,1100,524670400,1,2025-05-27,J,93
1337,03,11,17,20,22,14,7,13,12051400,77,146100,1888,10300,50893,1000,529912400,1,2025-06-03,G,73
1338,13,18,21,28,31,11,8,19,8041800,83,132200,1971,9600,46523,1000,516810400,1,2025-06-10,H,111
1339,06,14,21,23,31,22,4,24,6537500,79,142600,1640,11900,46153,1100,530701200,1,2025-06-17,D,95
1340,08,19,22,24,27,25,5,8,19233600,56,197300,1960,9700,51905,900,520442800,1,2025-06-24,E,100
1341,05,12,16,24,28,31,3,51,3147900,92,125300,2789,7100,54974,900,543022600,2,2025-07-01,C,85
1342,01,09,13,19,23,11,5,14,11182500,68,165400,1773,10900,47482,1000,529530600,1,2025-07-08,E,65
1343,04,13,22,29,30,09,2,14,10913700,114,96200,1995,9500,51703,900,516804000,1,2025-07-15,B,98
1344,02,05,21,24,28,12,6,17,8751600,111,96200,1721,10700,51191,900,503223600,1,2025-07-22,F,80
1345,03,11,14,30,31,28,1,15,10253200,108,102300,2418,7900,59577,800,520203600,1,2025-07-29,A,89
1346,05,16,20,23,30,02,7,11,14086300,67,166100,1658,11600,44855,1100,524100000,1,2025-08-05,G,94
1347,04,16,18,27,31,24,9,9,16506100,92,116000,1879,9800,48750,900,502471200,1,2025-08-12,I,96
1348,04,16,20,26,28,29,2,6,25420500,47,233100,1548,12200,42242,1100,515890800,1,2025-08-19,B,94
1349,02,03,15,28,29,20,8,10,15486700,51,218100,1864,10300,50869,900,523819400,1,2025-08-26,H,77
1350,02,03,11,22,28,15,4,24,6694900,115,100300,2648,7500,63949,800,543478000,1,2025-09-02,D,66
1351,04,09,10,19,29,06,5,20,7955500,98,116600,2407,8200,55326,900,538171600,1,2025-09-09,E,71
1352,05,08,10,11,29,27,10,24,6375200,87,126300,2398,7900,58351,800,517524000,1,2025-09-16,J,63
1353,06,11,13,14,18,05,2,15,9947500,67,159900,1512,12200,45382,1000,504694800,1,2025-09-23,B,62
1354,11,13,15,16,26,02,1,14,11067500,56,198700,1449,13300,42528,1100,524085000,1,2025-09-30,A,81
1355,03,06,10,23,27,15,6,19,8427800,119,96600,2049,9700,55242,900,541615200,2,2025-10-07,F,69
1356,06,07,20,22,24,05,3,10,14858700,54,197600,1386,13300,41624,1100,502579400,1,2025-10-14,C,79
1357,07,09,21,25,28,15,7,16,9659900,82,135400,2237,8600,54912,900,522775400,1,2025-10-21,G,90
1358,01,06,22,27,29,28,7,15,10226000,48,229500,1613,11800,48176,1000,518827000,1,2025-10-28,G,85
1359,01,03,15,16,20,13,8,9,17120200,42,263500,1404,13600,40512,1200,521163800,1,2025-11-04,H,55
1360,04,18,20,24,29,31,10,7,22132200,57,195200,1731,11100,45891,1000,524018600,1,2025-11-11,J,95
1361,20,25,26,27,30,13,9,8,19064800,39,280900,1242,15200,35706,1300,515877000,1,2025-11-18,I,128
1362,06,12,13,17,26,18,4,8,18773800,78,138300,1790,10400,47791,1000,508001200,1,2025-11-25,D,74
1363,06,12,16,19,31,25,5,4,39686100,84,135700,1616,12200,46746,1100,536934000,1,2025-12-02,E,84
1364,01,03,10,27,31,19,2,13,12201000,74,153900,1875,10500,50409,1000,536491400,1,2025-12-09,B,72
1365,03,10,20,25,27,24,1,15,10767900,81,143200,1992,10000,53057,900,546321000,1,2025-12-16,A,85
1366,03,19,20,21,28,13,6,11,15390400,81,150100,1911,11000,51125,1000,572618000,1,2025-12-23,F,91
1367,17,21,27,28,29,02,9,11,15369600,74,164100,1721,12200,52498,1000,571847000,1,2025-12-30,I,122
1368,07,08,20,25,26,24,3,37,4065300,70,154300,1732,10800,44835,1000,508769600,1,2026-01-06,C,86
1369,01,02,03,05,11,26,7,13,12487700,59,197600,3372,5900,61517,800,549099000,1,2026-01-13,G,22
1370,01,05,12,24,31,21,10,22,7312400,82,140900,2300,8700,54254,900,544136200,1,2026-01-20,J,73
1371,03,10,12,20,31,11,8,23,6854400,88,128700,2550,7600,55996,900,533242600,1,2026-01-27,H,76
1372,04,14,21,24,31,05,2,28,5752900,60,192800,1909,10500,49195,1000,544845600,1,2026-02-03,B,94
1373,07,08,21,28,29,26,4,37,4214100,42,266700,1840,10500,49722,1000,527389000,1,2026-02-10,D,93
1374,10,16,21,29,30,20,1,15,10696400,74,155700,1581,12600,45537,1100,542691400,1,2026-02-17,A,106
1375,01,03,11,16,20,04,5,11,14317800,64,176700,2267,8600,58037,800,532712800,1,2026-02-24,E,51
1376,01,09,11,22,29,03,2,30,5293000,140,81400,2522,7800,57034,900,537093600,2,2026-03-03,B,72
1377,03,13,19,29,31,30,9,17,9484200,88,131600,2111,9500,55217,900,545347000,1,2026-03-10,I,95
1378,04,15,18,30,31,23,6,13,12304100,92,124900,1728,11500,50621,1000,541025000,1,2026-03-17,F,98
1379,12,15,18,25,28,06,8,8,19593500,82,137300,1658,11700,45728,1100,530181600,1,2026-03-24,H,98
1380,01,10,12,19,21,14,3,17,9170700,65,172300,1818,10600,48611,1000,527323000,1,2026-03-31,C,63
1381,02,03,04,20,28,12,1,13,12125500,85,133200,1715,11400,53851,900,533171000,1,2026-04-07,A,57
1382,12,20,24,30,31,25,7,22,7000800,49,225800,1602,11900,46117,1000,520948400,1,2026-04-14,G,117
1383,09,18,19,29,31,10,10,17,9290500,72,157500,1947,10000,48923,1000,534208200,1,2026-04-21,J,106
1384,07,12,13,17,29,22,9,12,13086100,77,146500,1840,10600,51879,900,531149000,1,2026-04-28,I,78
1385,01,10,21,28,31,11,7,22,6926000,340,32100,2058,9200,52216,900,515383400,1,2026-05-05,G,91
1386,12,21,25,27,31,28,4,15,10434600,72,156100,1898,10200,52598,900,529408200,1,2026-05-12,D,116
1387,01,10,17,20,31,23,6,14,11135800,54,207400,2225,8700,50402,1000,527316800,1,2026-05-19,F,79
1388,01,12,16,22,23,21,5,10,15621100,60,187000,1541,12600,45383,1100,528367200,1,2026-05-26,E,74
1389,05,10,12,29,30,20,2,24,6743100,99,117400,2310,8700,59073,800,547387400,1,2026-06-02,B,86
1390,03,06,23,25,27,24,8,13,12019300,41,273700,1744,11100,49312,1000,528503000,1,2026-06-09,H,84
1391,04,17,24,28,29,07,3,23,7049300,138,84400,2279,8800,57170,900,548399400,1,2026-06-16,C,102
1392,11,17,20,23,29,25,1,8,19736700,62,182900,2087,9400,50139,1000,534057800,1,2026-06-23,A,100
1393,03,09,11,14,28,20,10,17,9499700,90,128900,2608,7700,61895,800,546237400,1,2026-06-30,J,65
1394,02,08,10,22,31,14,6,18,9292400,86,139700,2235,9300,57557,900,565748800,2,2026-07-07,F,73
1395,20,25,26,27,31,17,5,14,11115600,43,259900,1482,13000,40747,1200,526361800,1,2026-07-14,E,129
1396,04,08,09,16,30,21,10,8,19277700,95,116600,1903,10000,49676,1000,521638200,1,2026-07-21,J,67
1397,03,06,14,20,31,17,9,21,7299700,87,126500,1779,10700,51536,900,518502000,1,2026-07-28,I,74
1398,15,16,26,27,31,12,1,7,22278000,53,211300,1346,14400,42355,1100,527470400,1,2026-08-04,A,115
1399,05,22,26,29,30,15,6,11,13565600,68,157600,1385,13400,44832,1000,504724800,1,2026-08-11,F,112
1400,01,14,15,17,29,30,7,7,22647900,75,151800,1585,12400,46066,1100,536226400,1,2026-08-18,G,76
1401,15,17,23,26,31,22,4,17,9302100,48,236600,1673,11700,46817,1100,534876800,1,2026-08-25,D,112
1402,01,04,20,25,29,22,5,7,23075100,46,252200,1649,12100,50177,1000,546341800,1,2026-09-01,E,79
1403,08,11,14,17,19,24,2,11,14315900,73,154900,1858,10500,53122,900,532642400,1,2026-09-08,B,69
1404,02,03,04,09,31,11,8,12,13163700,87,130400,2023,9700,55147,900,534297400,1,2026-09-15,H,49
1405,05,17,24,27,30,06,4,7,20888700,76,138200,2014,9000,48010,900,494574600,1,2026-09-22,D,103
1406,11,14,27,30,31,13,2,31,4963400,73,151400,2911,6500,59354,800,520432600,1,2026-09-29,B,113
1407,07,13,15,26,28,04,3,22,7213100,104,109600,2135,9200,51954,900,536744200,2,2026-10-06,C,89
