2004001 2004-11-14 9 2 8 8 2 271814 1 100000
2004002 2004-11-16 1 7 3 8 7 241496 3 100000
2004003 2004-11-19 1 8 3 2 8 282004 4 100000
2004004 2004-11-21 4 3 2 4 8 233388 0 100000
2004005 2004-11-22 5 4 1 5 9 159666 4 100000
2004006 2004-11-23 2 6 2 2 5 212448 0 100000
2004007 2004-11-24 3 0 7 4 5 218226 1 100000
2004008 2004-11-25 2 2 6 9 9 209948 0 100000
2004009 2004-11-26 4 1 8 0 9 260288 2 100000
2004010 2004-11-27 2 7 4 6 4 239374 0 100000
2004011 2004-11-28 3 6 4 1 6 237696 1 100000
2004012 2004-11-29 3 0 5 6 4 272474 0 100000
2004013 2004-11-30 0 3 2 3 2 256254 0 100000
2004014 2004-12-01 3 5 9 1 9 270590 1 100000
2004015 2004-12-02 5 9 8 7 2 265360 1 100000
2004016 2004-12-03 4 4 5 1 7 260350 0 100000
2004017 2004-12-04 1 9 3 1 8 260766 1 100000
2004018 2004-12-05 1 2 9 9 8 232400 0 100000
2004019 2004-12-06 7 1 1 4 0 282312 1 100000
2004020 2004-12-07 1 0 9 3 1 238196 0 100000
2004021 2004-12-08 3 9 3 8 6 285228 0 100000
2004022 2004-12-09 5 9 1 9 0 292686 1 100000
2004023 2004-12-10 8 7 1 9 7 307848 0 100000
2004024 2004-12-11 8 8 6 7 9 317376 0 100000
2004025 2004-12-12 6 1 8 6 8 291100 1 100000
2004026 2004-12-13 6 2 1 7 3 340530 0 100000
2004027 2004-12-14 3 6 3 3 9 329420 1 100000
2004028 2004-12-15 0 7 5 1 9 389476 1 100000
2004029 2004-12-16 2 5 6 1 5 384796 2 100000
2004030 2004-12-17 1 2 0 6 0 0 0 0
2004031 2004-12-18 3 6 2 1 0 0 0 0
2004032 2004-12-19 3 7 8 7 0 0 0 0
2004033 2004-12-20 5 0 5 0 2 0 0 0
2004034 2004-12-21 9 9 5 2 8 0 0 0
2004035 2004-12-22 3 7 4 8 0 0 0 0
2004036 2004-12-23 0 0 9 0 4 0 0 0
2004037 2004-12-24 3 2 5 9 5 0 0 0
2004038 2004-12-25 4 2 5 3 3 0 0 0
2004039 2004-12-26 8 0 2 1 2 0 0 0
2004040 2004-12-27 5 6 6 4 1 0 0 0
2004041 2004-12-28 8 1 4 0 5 0 0 0
2004042 2004-12-29 7 8 0 2 4 0 0 0
2004043 2004-12-30 7 0 4 3 2 0 0 0
2004044 2004-12-31 3 8 2 1 2 0 0 0
2005001 2005-01-01 0 5 4 9 7 0 0 0
2005002 2005-01-02 3 6 6 1 4 0 0 0
2005003 2005-01-03 4 3 1 3 2 0 0 0
2005004 2005-01-04 6 7 4 7 6 0 0 0
2005005 2005-01-05 2 9 9 5 5 0 0 0
2005006 2005-01-06 4 2 0 5 9 0 0 0
2005007 2005-01-07 4 3 5 1 6 0 0 0
2005008 2005-01-08 2 8 1 2 6 0 0 0
2005009 2005-01-09 8 6 9 8 0 0 0 0
2005010 2005-01-10 4 1 6 7 1 0 0 0
2005011 2005-01-11 2 0 4 5 5 0 0 0
2005012 2005-01-12 1 9 6 6 2 0 0 0
2005013 2005-01-13 6 1 3 2 6 0 0 0
2005014 2005-01-14 0 8 5 4 2 0 0 0
2005015 2005-01-15 3 6 7 4 7 0 0 0
2005016 2005-01-16 6 6 5 7 3 0 0 0
2005017 2005-01-17 1 5 7 4 9 0 0 0
2005018 2005-01-18 0 5 5 9 6 0 0 0
2005019 2005-01-19 5 7 4 7 9 0 0 0
2005020 2005-01-20 9 2 2 4 3 0 0 0
2005021 2005-01-21 0 0 1 4 8 0 0 0
2005022 2005-01-22 9 3 8 2 4 0 0 0
2005023 2005-01-23 0 8 0 2 5 0 0 0
2005024 2005-01-24 3 1 2 5 4 0 0 0
2005025 2005-01-25 7 5 5 9 4 0 0 0
2005026 2005-01-26 2 7 7 1 6 0 0 0
2005027 2005-01-27 0 1 4 4 2 0 0 0
2005028 2005-01-28 8 6 2 0 2 0 0 0
2005029 2005-01-29 6 2 8 7 3 0 0 0
2005030 2005-01-30 4 5 9 2 4 0 0 0
2005031 2005-01-31 5 0 4 0 5 0 0 0
2005032 2005-02-01 3 6 1 8 6 0 0 0
2005033 2005-02-02 5 9 0 9 1 0 0 0
2005034 2005-02-03 1 8 6 3 5 0 0 0
2005035 2005-02-04 8 3 0 2 0 0 0 0
2005036 2005-02-05 9 4 2 3 6 0 0 0
2005037 2005-02-06 7 0 8 4 1 0 0 0
2005038 2005-02-07 3 1 9 6 6 0 0 0
2005039 2005-02-08 0 2 8 8 3 0 0 0
2005040 2005-02-16 0 4 7 9 8 0 0 0
2005041 2005-02-17 1 3 3 8 2 0 0 0
2005042 2005-02-18 2 3 4 1 9 0 0 0
2005043 2005-02-19 8 4 5 8 0 0 0 0
2005044 2005-02-20 9 5 5 9 3 0 0 0
2005045 2005-02-21 4 0 0 6 9 0 0 0
2005046 2005-02-22 5 4 5 3 3 0 0 0
2005047 2005-02-23 4 2 9 1 1 0 0 0
2005048 2005-02-24 7 6 1 0 7 0 0 0
2005049 2005-02-25 7 9 0 9 1 0 0 0
2005050 2005-02-26 1 0 4 1 7 0 0 0
2005051 2005-02-27 2 4 7 6 3 0 0 0
2005052 2005-02-28 3 0 6 8 3 0 0 0
2005053 2005-03-01 1 7 5 3 8 0 0 0
2005054 2005-03-02 5 1 9 0 6 0 0 0
2005055 2005-03-03 0 1 4 4 9 0 0 100000
2005056 2005-03-04 6 0 0 2 8 0 0 0
2005057 2005-03-05 8 1 3 2 4 0 0 0
2005058 2005-03-06 3 5 3 4 2 0 0 0
2005059 2005-03-07 9 8 3 6 1 0 0 0
2005060 2005-03-08 9 6 0 6 2 0 0 0
2005061 2005-03-09 9 1 2 2 4 0 0 0
2005062 2005-03-10 7 9 6 6 6 0 0 0
2005063 2005-03-11 1 8 1 6 3 0 0 0
2005064 2005-03-12 9 6 9 5 4 0 0 0
2005065 2005-03-13 8 9 5 2 2 0 0 0
2005066 2005-03-14 6 2 6 7 7 0 0 0
2005067 2005-03-15 1 6 9 1 8 0 0 0
2005068 2005-03-16 9 0 3 6 6 0 0 0
2005069 2005-03-17 7 4 3 1 0 0 0 0
2005070 2005-03-18 9 8 4 3 6 0 0 0
2005071 2005-03-19 9 1 7 0 1 0 0 0
2005072 2005-03-20 2 5 6 9 1 0 0 0
2005073 2005-03-21 2 3 2 9 6 0 0 0
2005074 2005-03-22 0 0 6 1 1 0 0 0
2005075 2005-03-23 7 0 0 5 3 0 0 0
2005076 2005-03-24 4 1 8 7 1 0 0 0
2005077 2005-03-25 6 4 8 8 4 0 0 0
2005078 2005-03-26 8 4 2 7 1 0 0 0
2005079 2005-03-27 9 5 9 2 3 0 0 0
2005080 2005-03-28 4 9 5 1 9 0 0 0
2005081 2005-03-29 2 5 0 5 9 0 0 0
2005082 2005-03-30 2 1 6 6 7 0 0 0
2005083 2005-03-31 7 0 2 5 4 0 0 0
2005084 2005-04-01 2 7 7 2 8 0 0 0
2005085 2005-04-02 9 4 2 3 4 0 0 0
2005086 2005-04-03 6 3 5 9 4 0 0 0
2005087 2005-04-04 1 5 5 8 9 0 0 0
2005088 2005-04-05 1 4 4 1 5 0 0 0
2005089 2005-04-06 0 9 1 9 0 0 0 0
2005090 2005-04-07 0 6 5 6 5 0 0 0
2005091 2005-04-08 1 0 2 4 6 0 0 0
2005092 2005-04-09 2 9 9 4 3 0 0 0
2005093 2005-04-10 8 6 1 6 1 0 0 0
2005094 2005-04-11 1 1 2 1 8 0 0 0
2005095 2005-04-12 0 6 1 4 1 0 0 0
2005096 2005-04-13 9 3 5 1 2 0 0 0
2005097 2005-04-14 0 8 5 6 3 0 0 0
2005098 2005-04-15 6 7 0 0 5 0 0 0
2005099 2005-04-16 6 9 5 6 7 0 0 0
2005100 2005-04-17 1 2 7 0 9 0 0 0
2005101 2005-04-18 3 2 0 4 8 0 0 0
2005102 2005-04-19 4 3 1 2 0 0 0 0
2005103 2005-04-20 8 7 3 3 9 0 0 0
2005104 2005-04-21 6 8 1 7 3 0 0 0
2005105 2005-04-22 3 6 3 2 5 0 0 0
2005106 2005-04-23 5 4 0 5 2 0 0 0
2005107 2005-04-24 8 3 8 3 1 0 0 0
2005108 2005-04-25 3 8 4 1 1 0 0 0
2005109 2005-04-26 6 1 0 6 9 0 0 0
2005110 2005-04-27 4 1 7 4 5 0 0 0
2005111 2005-04-28 0 6 1 5 6 0 0 0
2005112 2005-04-29 2 9 8 2 2 0 0 0
2005113 2005-04-30 0 0 5 0 8 0 0 0
2005114 2005-05-01 8 9 2 0 7 0 0 0
2005115 2005-05-02 6 2 6 0 6 0 0 0
2005116 2005-05-03 5 6 9 7 3 0 0 0
2005117 2005-05-04 9 9 2 8 0 0 0 0
2005118 2005-05-05 5 9 3 2 5 0 0 0
2005119 2005-05-06 1 1 1 1 3 0 0 0
2005120 2005-05-07 1 6 2 3 5 0 0 0
2005121 2005-05-08 7 2 9 9 4 0 0 0
2005122 2005-05-09 5 4 2 9 2 0 0 0
2005123 2005-05-10 9 7 4 8 2 0 0 0
2005124 2005-05-11 2 1 9 2 9 0 0 0
2005125 2005-05-12 5 0 8 4 4 0 0 0
2005126 2005-05-13 5 3 4 6 3 0 0 0
2005127 2005-05-14 4 4 5 2 5 0 0 0
2005128 2005-05-15 1 6 2 8 9 0 0 0
2005129 2005-05-16 7 0 7 4 3 0 0 0
2005130 2005-05-17 5 4 6 5 9 0 0 0
2005131 2005-05-18 6 6 3 5 1 0 0 0
2005132 2005-05-19 8 3 6 5 3 0 0 0
2005133 2005-05-20 7 5 9 0 1 0 0 0
2005134 2005-05-21 7 0 4 1 9 0 0 0
2005135 2005-05-22 7 4 5 0 9 0 0 0
2005136 2005-05-23 9 2 8 2 6 0 0 0
2005137 2005-05-24 2 5 3 3 8 0 0 0
2005138 2005-05-25 0 1 4 5 6 0 0 0
2005139 2005-05-26 4 6 2 0 6 0 0 0
2005140 2005-05-27 8 9 4 2 2 0 0 0
2005141 2005-05-28 1 6 8 0 4 0 0 0
2005142 2005-05-29 3 0 6 3 2 0 0 0
2005143 2005-05-30 2 0 7 1 4 0 0 0
2005144 2005-05-31 5 7 4 3 6 0 0 0
2005145 2005-06-01 0 5 7 2 9 0 0 0
2005146 2005-06-02 1 0 9 3 5 0 0 0
2005147 2005-06-03 1 2 1 2 2 0 0 0
2005148 2005-06-04 9 7 9 6 7 0 0 0
2005149 2005-06-05 8 9 9 7 2 0 0 0
2005150 2005-06-06 5 2 4 3 5 0 0 0
2005151 2005-06-07 9 9 0 8 9 0 0 0
2005152 2005-06-08 9 2 7 9 3 0 0 0
2005153 2005-06-09 8 6 6 4 3 0 0 0
2005154 2005-06-10 7 7 6 9 6 0 0 0
2005155 2005-06-11 0 2 4 2 5 0 0 0
2005156 2005-06-12 1 1 9 4 5 0 0 0
2005157 2005-06-13 5 9 8 4 5 0 0 0
2005158 2005-06-14 8 7 6 7 7 0 0 0
2005159 2005-06-15 1 0 7 9 1 0 0 0
2005160 2005-06-16 7 2 6 2 6 0 0 0
2005161 2005-06-17 2 2 1 3 0 0 0 0
2005162 2005-06-18 9 6 7 1 8 0 0 0
2005163 2005-06-19 6 4 5 4 2 0 0 0
2005164 2005-06-20 0 0 1 3 5 0 0 0
2005165 2005-06-21 3 9 8 1 7 0 0 0
2005166 2005-06-22 7 3 6 8 9 0 0 0
2005167 2005-06-23 7 1 1 6 7 0 0 0
2005168 2005-06-24 9 0 7 8 6 0 0 0
2005169 2005-06-25 2 6 3 4 9 0 0 0
2005170 2005-06-26 1 9 5 4 2 0 0 0
2005171 2005-06-27 1 6 5 1 0 0 0 0
2005172 2005-06-28 9 9 7 6 3 0 0 0
2005173 2005-06-29 2 0 7 0 0 0 0 0
2005174 2005-06-30 8 7 6 2 7 0 0 0
2005175 2005-07-01 9 3 3 0 7 0 0 0
2005176 2005-07-02 9 3 7 4 2 0 0 0
2005177 2005-07-03 7 0 5 2 1 0 0 0
2005178 2005-07-04 0 0 4 4 0 0 0 0
2005179 2005-07-05 0 4 3 5 5 0 0 0
2005180 2005-07-06 3 9 5 4 0 0 0 0
2005181 2005-07-07 4 0 2 5 0 0 0 0
2005182 2005-07-08 4 6 9 3 8 0 0 0
2005183 2005-07-09 1 7 3 1 8 0 0 0
2005184 2005-07-10 8 8 4 4 3 0 0 0
2005185 2005-07-11 4 3 9 4 2 0 0 0
2005186 2005-07-12 2 0 2 1 5 0 0 0
2005187 2005-07-13 9 1 3 0 0 0 0 0
2005188 2005-07-14 6 2 9 0 5 0 0 0
2005189 2005-07-15 4 0 3 0 5 0 0 0
2005190 2005-07-16 4 2 6 1 1 0 0 0
2005191 2005-07-17 5 0 6 1 1 0 0 0
2005192 2005-07-18 6 2 4 9 6 0 0 0
2005193 2005-07-19 9 9 9 9 8 0 0 0
2005194 2005-07-20 4 9 4 3 4 0 0 0
2005195 2005-07-21 5 2 6 7 7 0 0 0
2005196 2005-07-22 0 0 5 6 1 0 0 0
2005197 2005-07-23 7 8 8 8 4 0 0 0
2005198 2005-07-24 7 4 9 6 7 0 0 0
2005199 2005-07-25 7 9 4 1 1 0 0 0
2005200 2005-07-26 9 9 8 8 8 0 0 0
2005201 2005-07-27 0 4 5 3 4 0 0 0
2005202 2005-07-28 3 3 0 8 5 0 0 0
2005203 2005-07-29 8 1 9 3 9 0 0 0
2005204 2005-07-30 5 0 6 6 1 0 0 0
2005205 2005-07-31 8 7 5 2 5 0 0 0
2005206 2005-08-01 9 5 8 2 6 0 0 0
2005207 2005-08-02 8 6 7 7 7 0 0 0
2005208 2005-08-03 5 4 0 2 8 0 0 0
2005209 2005-08-04 3 1 6 6 4 0 0 0
2005210 2005-08-05 5 4 3 6 0 0 0 0
2005211 2005-08-06 5 3 4 2 1 0 0 0
2005212 2005-08-07 7 8 0 3 3 0 0 0
2005213 2005-08-08 9 6 2 0 0 0 0 0
2005214 2005-08-09 1 6 9 1 3 0 0 0
2005215 2005-08-10 2 3 6 5 3 0 0 0
2005216 2005-08-11 8 5 6 2 9 0 0 0
2005217 2005-08-12 5 5 5 4 3 0 0 0
2005218 2005-08-13 7 2 4 9 7 0 0 0
2005219 2005-08-14 2 1 6 9 7 0 0 0
2005220 2005-08-15 8 0 2 7 7 0 0 0
2005221 2005-08-16 8 7 0 3 0 0 0 0
2005222 2005-08-17 8 9 5 6 7 0 0 0
2005223 2005-08-18 5 3 9 2 7 0 0 0
2005224 2005-08-19 5 6 7 1 3 0 0 0
2005225 2005-08-20 3 0 9 9 2 0 0 0
2005226 2005-08-21 2 9 3 0 5 0 0 0
2005227 2005-08-22 2 6 4 4 1 0 0 0
2005228 2005-08-23 7 2 5 4 9 0 0 0
2005229 2005-08-24 8 1 3 5 0 0 0 0
2005230 2005-08-25 7 8 4 9 3 0 0 0
2005231 2005-08-26 0 7 7 1 0 0 0 0
2005232 2005-08-27 7 4 9 4 4 0 0 0
2005233 2005-08-28 9 3 4 9 3 0 0 0
2005234 2005-08-29 1 2 2 9 9 0 0 0
2005235 2005-08-30 8 5 6 3 0 0 0 0
2005236 2005-08-31 5 3 7 7 4 0 0 0
2005237 2005-09-01 6 0 0 3 4 0 0 0
2005238 2005-09-02 4 6 3 5 6 0 0 0
2005239 2005-09-03 3 4 6 9 5 0 0 0
2005240 2005-09-04 5 1 7 4 4 0 0 0
2005241 2005-09-05 8 3 2 7 7 0 0 0
2005242 2005-09-06 2 8 9 2 9 0 0 0
2005243 2005-09-07 9 4 9 4 7 0 0 0
2005244 2005-09-08 8 9 4 3 2 0 0 0
2005245 2005-09-09 8 2 7 0 2 0 0 0
2005246 2005-09-10 5 9 7 1 9 0 0 0
2005247 2005-09-11 3 1 0 9 4 0 0 0
2005248 2005-09-12 4 8 1 9 3 0 0 0
2005249 2005-09-13 5 2 1 7 3 0 0 0
2005250 2005-09-14 0 3 7 2 3 0 0 0
2005251 2005-09-15 8 1 8 1 5 0 0 0
2005252 2005-09-16 0 8 5 5 0 0 0 0
2005253 2005-09-17 4 4 2 3 2 0 0 0
2005254 2005-09-18 3 0 2 0 6 0 0 0
2005255 2005-09-19 9 5 9 0 9 0 0 0
2005256 2005-09-20 5 3 9 1 5 0 0 0
2005257 2005-09-21 0 2 6 7 4 0 0 0
2005258 2005-09-22 9 7 6 3 7 0 0 0
2005259 2005-09-23 9 7 1 8 7 0 0 0
2005260 2005-09-24 4 8 9 2 2 0 0 0
2005261 2005-09-25 6 1 4 6 4 0 0 0
2005262 2005-09-26 2 4 0 8 0 0 0 0
2005263 2005-09-27 8 4 6 1 7 0 0 0
2005264 2005-09-28 8 0 7 5 1 0 0 0
2005265 2005-09-29 6 9 6 9 2 0 0 0
2005266 2005-09-30 1 0 7 5 0 0 0 0
2005267 2005-10-01 5 8 4 5 7 0 0 0
2005268 2005-10-02 8 5 5 3 4 0 0 0
2005269 2005-10-03 3 2 7 4 3 0 0 0
2005270 2005-10-04 9 0 9 0 2 0 0 0
2005271 2005-10-05 5 6 6 4 8 0 0 0
2005272 2005-10-06 9 8 1 0 5 0 0 0
2005273 2005-10-07 7 2 6 8 3 0 0 0
2005274 2005-10-08 5 2 6 9 1 0 0 0
2005275 2005-10-09 4 7 0 3 0 0 0 0
2005276 2005-10-10 8 6 2 9 1 0 0 0
2005277 2005-10-11 0 7 5 0 9 0 0 0
2005278 2005-10-12 6 9 2 4 3 0 0 0
2005279 2005-10-13 2 5 4 0 7 0 0 0
2005280 2005-10-14 8 9 9 8 8 0 0 0
2005281 2005-10-15 5 7 6 3 3 0 0 0
2005282 2005-10-16 5 4 9 0 4 0 0 0
2005283 2005-10-17 1 8 4 2 2 0 0 0
2005284 2005-10-18 3 8 0 8 4 0 0 0
2005285 2005-10-19 6 5 4 8 3 0 0 100000
2005286 2005-10-20 8 5 3 2 6 0 0 0
2005287 2005-10-21 7 8 7 4 8 0 0 0
2005288 2005-10-22 4 8 7 5 4 0 0 0
2005289 2005-10-23 3 0 4 8 2 0 0 0
2005290 2005-10-24 8 0 3 0 8 0 0 0
2005291 2005-10-25 3 7 1 2 1 0 0 0
2005292 2005-10-26 4 3 6 1 9 0 0 0
2005293 2005-10-27 0 4 0 3 1 0 0 0
2005294 2005-10-28 8 2 0 7 4 0 0 0
2005295 2005-10-29 8 9 3 2 8 0 0 0
2005296 2005-10-30 7 1 6 9 0 0 0 0
2005297 2005-10-31 3 1 9 1 9 0 0 0
2005298 2005-11-01 6 0 8 9 3 0 0 0
2005299 2005-11-02 7 5 6 1 8 0 0 0
2005300 2005-11-03 9 6 6 6 8 0 0 0
2005301 2005-11-04 6 3 5 4 7 0 0 0
2005302 2005-11-05 7 4 7 6 8 0 0 0
2005303 2005-11-06 5 7 6 7 8 0 0 0
2005304 2005-11-07 8 6 3 2 0 0 0 0
2005305 2005-11-08 5 7 8 8 3 0 0 0
2005306 2005-11-09 3 9 0 5 4 0 0 0
2005307 2005-11-10 9 6 8 6 8 0 0 0
2005308 2005-11-11 1 2 9 8 3 0 0 0
2005309 2005-11-12 5 2 4 6 8 0 0 0
2005310 2005-11-13 0 1 5 1 5 0 0 0
2005311 2005-11-14 4 5 0 6 3 0 0 0
2005312 2005-11-15 7 5 6 8 4 0 0 0
2005313 2005-11-16 7 2 8 2 3 0 0 0
2005314 2005-11-17 8 6 0 7 9 0 0 0
2005315 2005-11-18 6 7 0 5 7 0 0 0
2005316 2005-11-19 7 4 1 8 0 0 0 0
2005317 2005-11-20 8 4 6 4 4 0 0 0
2005318 2005-11-21 0 6 9 4 4 0 0 0
2005319 2005-11-22 8 2 4 0 4 0 0 0
2005320 2005-11-23 0 8 4 4 1 0 0 0
2005321 2005-11-24 8 0 5 3 6 0 0 0
2005322 2005-11-25 2 7 4 2 4 0 0 0
2005323 2005-11-26 3 3 9 5 7 0 0 0
2005324 2005-11-27 5 7 8 8 8 0 0 0
2005325 2005-11-28 4 7 2 3 2 0 0 0
2005326 2005-11-29 5 0 8 7 7 0 0 0
2005327 2005-11-30 7 3 5 1 8 0 0 0
2005328 2005-12-01 4 6 3 9 5 0 0 0
2005329 2005-12-02 1 1 7 5 4 0 0 0
2005330 2005-12-03 1 4 9 7 0 0 0 0
2005331 2005-12-04 7 9 0 1 5 0 0 0
2005332 2005-12-05 1 8 7 5 1 0 0 0
2005333 2005-12-06 3 4 1 0 3 0 0 0
2005334 2005-12-07 6 7 2 4 4 0 0 0
2005335 2005-12-08 7 8 1 9 1 0 0 0
2005336 2005-12-09 6 9 3 8 1 0 0 0
2005337 2005-12-10 4 6 1 8 4 0 0 0
2005338 2005-12-11 2 3 6 5 6 0 0 0
2005339 2005-12-12 4 4 0 4 6 0 0 0
2005340 2005-12-13 6 7 8 5 8 0 0 0
2005341 2005-12-14 3 0 2 4 6 0 0 0
2005342 2005-12-15 3 8 5 1 6 0 0 0
2005343 2005-12-16 8 7 6 9 2 0 0 0
2005344 2005-12-17 9 4 9 9 9 0 0 0
2005345 2005-12-18 7 8 6 6 6 0 0 0
2005346 2005-12-19 2 9 2 5 2 0 0 0
2005347 2005-12-20 1 7 2 4 9 0 0 0
2005348 2005-12-21 3 2 3 2 8 3848248 23 100000
2005349 2005-12-22 4 9 2 3 5 3949158 16 100000
2005350 2005-12-23 2 3 7 6 3 4056024 65 100000
2005351 2005-12-24 2 3 9 2 5 4038162 4 100000
2005352 2005-12-25 5 6 2 9 5 3885728 18 100000
2005353 2005-12-26 0 9 5 2 4 4058042 10 100000
2005354 2005-12-27 0 1 4 9 9 4006000 3 100000
2005355 2005-12-28 0 1 2 4 5 4114740 6 100000
2005356 2005-12-29 4 3 9 4 6 4030376 9 100000
2005357 2005-12-30 4 1 5 1 5 4029674 11 100000
2005358 2005-12-31 3 9 7 6 0 4086114 5 100000
2006001 2006-01-01 1 8 4 4 9 3387682 12 100000
2006002 2006-01-02 2 9 9 0 7 3597418 6 100000
2006003 2006-01-03 0 1 2 0 8 3517974 3 100000
2006004 2006-01-04 9 4 0 2 4 3689406 10 100000
2006005 2006-01-05 1 8 5 6 0 3730272 19 100000
2006006 2006-01-06 5 9 8 2 3 3748516 15 100000
2006007 2006-01-07 5 6 1 6 3 3834624 2 100000
2006008 2006-01-08 4 8 9 3 0 3625038 3 100000
2006009 2006-01-09 8 0 3 0 4 3914066 17 100000
2006010 2006-01-10 5 3 8 1 2 3805820 8 100000
2006011 2006-01-11 7 5 5 1 1 4014124 15 100000
2006012 2006-01-12 6 5 2 6 1 3932668 15 100000
2006013 2006-01-13 7 7 7 0 4 3963438 8 100000
2006014 2006-01-14 6 7 8 3 4 3770082 20 100000
2006015 2006-01-15 4 4 6 0 3 3743062 17 100000
2006016 2006-01-16 5 1 9 1 5 4257176 62 100000
2006017 2006-01-17 9 2 5 4 8 4107258 117 100000
2006018 2006-01-18 9 1 6 8 9 4592176 6 100000
2006019 2006-01-19 1 9 9 3 7 4274228 28 100000
2006020 2006-01-20 7 1 0 9 5 4350008 4 100000
2006021 2006-01-21 4 3 8 1 0 4141294 37 100000
2006022 2006-01-22 1 6 4 5 2 4002274 67 100000
2006023 2006-01-23 2 1 5 7 0 0 0 0
2006024 2006-01-24 1 6 3 6 5 0 0 0
2006025 2006-01-25 7 0 7 8 5 0 0 0
2006026 2006-01-26 9 9 8 9 3 4157826 3 100000
2006027 2006-01-27 4 0 4 3 5 4056646 11 100000
2006028 2006-02-05 5 4 7 0 6 3338220 24 100000
2006029 2006-02-06 7 0 6 1 9 3222626 30 100000
2006030 2006-02-07 0 8 6 5 5 3425372 13 100000
2006031 2006-02-08 6 7 5 1 4 3638334 27 100000
2006032 2006-02-09 6 9 9 2 6 3826416 24 100000
2006033 2006-02-10 5 4 9 6 1 3798298 24 100000
2006034 2006-02-11 4 6 5 4 8 3927544 15 100000
2006035 2006-02-12 6 4 7 8 1 3700198 7 100000
2006036 2006-02-13 1 5 4 4 5 4104214 21 100000
2006037 2006-02-14 2 3 6 5 0 4077888 61 100000
2006038 2006-02-15 3 7 4 3 5 4525348 70 100000
2006039 2006-02-16 5 8 7 9 2 4635346 38 100000
2006040 2006-02-17 8 7 6 9 5 4611180 98 100000
2006041 2006-02-18 8 5 3 2 6 4551098 46 100000
2006042 2006-02-19 0 2 8 1 2 4334970 6 100000
2006043 2006-02-20 4 4 5 4 5 4532640 48 100000
2006044 2006-02-21 0 2 6 0 3 4810340 7 100000
2006045 2006-02-22 1 8 7 8 2 4963074 13 100000
2006046 2006-02-23 5 6 8 7 4 4653198 91 100000
2006047 2006-02-24 6 9 4 2 0 5041648 11 100000
2006048 2006-02-25 5 6 4 8 7 4787276 45 100000
2006049 2006-02-26 4 8 9 9 0 4557098 24 100000
2006050 2006-02-27 8 7 4 4 6 5005636 35 100000
2006051 2006-02-28 8 7 3 9 6 5039288 10 100000
2006052 2006-03-01 5 0 1 3 6 5170474 3 100000
2006053 2006-03-02 6 9 8 7 1 4931592 20 100000
2006054 2006-03-03 9 0 9 7 5 5094738 8 100000
2006055 2006-03-04 1 4 0 9 5 4792762 7 100000
2006056 2006-03-05 8 9 8 9 1 4611832 23 100000
2006057 2006-03-06 7 9 1 2 1 4859338 22 100000
2006058 2006-03-07 6 0 0 3 8 4735648 17 100000
2006059 2006-03-08 9 9 0 3 8 4979080 16 100000
2006060 2006-03-09 0 6 2 6 1 4883816 11 100000
2006061 2006-03-10 2 2 4 2 9 4932722 10 100000
2006062 2006-03-11 7 6 1 0 0 4655628 4 100000
2006063 2006-03-12 4 5 8 8 5 4243538 29 100000
2006064 2006-03-13 9 8 3 2 7 5053032 27 100000
2006065 2006-03-14 9 2 1 5 4 4957350 19 100000
2006066 2006-03-15 9 6 7 1 2 5443788 16 100000
2006067 2006-03-16 1 4 9 2 5 5483762 101 100000
2006068 2006-03-17 0 0 3 4 6 5972620 8 100000
2006069 2006-03-18 0 8 2 5 9 5287576 23 100000
2006070 2006-03-19 4 1 5 3 8 5163152 55 100000
2006071 2006-03-20 2 0 2 7 8 5864900 7 100000
2006072 2006-03-21 4 2 0 7 5 5500966 24 100000
2006073 2006-03-22 2 0 3 9 6 5855960 26 100000
2006074 2006-03-23 2 9 2 4 3 5870814 5 100000
2006075 2006-03-24 8 4 4 2 4 5365894 20 100000
2006076 2006-03-25 2 2 4 6 6 5169282 10 100000
2006077 2006-03-26 2 0 1 5 0 4843598 8 100000
2006078 2006-03-27 2 8 6 8 2 5191484 10 100000
2006079 2006-03-28 7 1 4 4 3 5227948 36 100000
2006080 2006-03-29 5 4 4 2 5 5688642 17 100000
2006081 2006-03-30 4 3 4 3 0 5563146 15 100000
2006082 2006-03-31 6 7 1 2 9 5520046 37 100000
2006083 2006-04-01 9 7 2 9 8 5378734 17 100000
2006084 2006-04-02 2 7 6 9 3 5060552 6 100000
2006085 2006-04-03 4 9 5 9 8 5317430 5 100000
2006086 2006-04-04 1 6 2 8 9 5231876 42 100000
2006087 2006-04-05 9 4 7 5 0 5585692 41 100000
2006088 2006-04-06 6 4 2 4 1 5533962 5 100000
2006089 2006-04-07 4 9 2 1 3 5442604 22 100000
2006090 2006-04-08 8 7 7 6 7 5354352 9 100000
2006091 2006-04-09 5 3 3 3 0 4758900 17 100000
2006092 2006-04-10 4 4 4 6 2 5167874 24 100000
2006093 2006-04-11 8 2 4 7 4 5149904 26 100000
2006094 2006-04-12 0 1 0 9 7 5578982 12 100000
2006095 2006-04-13 3 0 4 3 6 5090766 81 100000
2006096 2006-04-14 2 7 5 0 9 5483518 31 100000
2006097 2006-04-15 9 3 8 2 9 5499446 19 100000
2006098 2006-04-16 6 6 0 1 3 5192500 10 100000
2006099 2006-04-17 8 2 6 5 0 5555078 12 100000
2006100 2006-04-18 4 5 1 8 8 5458642 88 100000
2006101 2006-04-19 4 3 0 0 9 6187926 10 100000
2006102 2006-04-20 2 6 0 1 2 5676336 12 100000
2006103 2006-04-21 2 2 3 8 9 5568028 6 100000
2006104 2006-04-22 6 1 6 8 4 5404936 5 100000
2006105 2006-04-23 5 1 9 9 8 5102508 51 100000
2006106 2006-04-24 5 3 3 9 9 5586806 3 100000
2006107 2006-04-25 1 9 0 4 8 5185518 8 100000
2006108 2006-04-26 6 9 6 9 0 5334692 19 100000
2006109 2006-04-27 3 0 8 7 2 5222438 48 100000
2006110 2006-04-28 4 3 7 1 9 5386430 42 100000
2006111 2006-04-29 2 1 8 1 6 5394360 22 100000
2006112 2006-04-30 4 9 9 3 3 4961098 9 100000
2006113 2006-05-01 6 0 1 4 6 4582742 19 100000
2006114 2006-05-02 9 9 7 8 4 4337984 5 100000
2006115 2006-05-03 2 5 9 4 5 4556326 52 100000
2006116 2006-05-04 3 3 2 6 2 4650312 23 100000
2006117 2006-05-05 9 9 9 3 4 4779110 18 100000
2006118 2006-05-06 8 9 0 2 9 4655834 15 100000
2006119 2006-05-07 9 0 0 7 9 4752028 19 100000
2006120 2006-05-08 3 3 2 2 8 5238986 10 100000
2006121 2006-05-09 5 7 5 1 1 5127822 30 100000
2006122 2006-05-10 5 2 0 8 0 5486670 18 100000
2006123 2006-05-11 2 4 9 1 4 5360650 19 100000
2006124 2006-05-12 2 6 1 7 2 5299238 27 100000
2006125 2006-05-13 3 1 5 1 6 5230990 37 100000
2006126 2006-05-14 2 3 8 9 4 5178362 41 100000
2006127 2006-05-15 1 0 3 4 9 5715010 57 100000
2006128 2006-05-16 6 4 0 0 3 5377322 33 100000
2006129 2006-05-17 9 2 9 4 1 5845646 27 100000
2006130 2006-05-18 8 0 8 0 7 5764800 33 100000
2006131 2006-05-19 1 6 5 2 6 5744758 32 100000
2006132 2006-05-20 0 9 3 8 2 5620928 28 100000
2006133 2006-05-21 9 8 9 7 1 5517160 21 100000
2006134 2006-05-22 0 7 3 3 5 5759036 11 100000
2006135 2006-05-23 7 4 5 5 0 5445878 24 100000
2006136 2006-05-24 3 9 1 0 1 5959522 18 100000
2006137 2006-05-25 7 3 3 7 7 5554960 17 100000
2006138 2006-05-26 0 8 7 0 3 5227208 34 100000
2006139 2006-05-27 1 7 2 0 6 5282314 16 100000
2006140 2006-05-28 8 3 0 2 3 4940564 40 100000
2006141 2006-05-29 9 7 4 6 7 5475228 28 100000
2006142 2006-05-30 2 6 6 2 9 5374506 13 100000
2006143 2006-05-31 1 0 4 2 3 5618938 16 100000
2006144 2006-06-01 1 5 1 5 1 5231628 43 100000
2006145 2006-06-02 5 8 8 7 1 5362896 17 100000
2006146 2006-06-03 8 3 4 3 8 5448650 82 100000
2006147 2006-06-04 7 3 3 6 3 5462930 11 100000
2006148 2006-06-05 7 6 0 1 8 5712108 24 100000
2006149 2006-06-06 0 1 9 2 8 5608096 28 100000
2006150 2006-06-07 0 4 9 5 5 5834708 4 100000
2006151 2006-06-08 1 8 1 7 7 5498548 26 100000
2006152 2006-06-09 8 1 4 5 6 5516856 8 100000
2006153 2006-06-10 9 5 0 9 3 5432816 16 100000
2006154 2006-06-11 9 4 8 7 5 5266700 16 100000
2006155 2006-06-12 7 5 9 2 2 5477314 28 100000
2006156 2006-06-13 6 7 8 2 9 5222256 19 100000
2006157 2006-06-14 0 3 8 4 4 5396882 25 100000
2006158 2006-06-15 6 2 3 2 5 5339408 24 100000
2006159 2006-06-16 5 3 9 2 9 5288398 41 100000
2006160 2006-06-17 9 8 6 8 5 5175136 9 100000
2006161 2006-06-18 9 7 6 8 9 4845704 14 100000
2006162 2006-06-19 2 4 2 7 3 5105656 31 100000
2006163 2006-06-20 9 9 4 7 0 4868230 5 100000
2006164 2006-06-21 5 3 4 8 8 5061604 12 100000
2006165 2006-06-22 3 9 7 1 0 4919512 23 100000
2006166 2006-06-23 3 7 3 6 2 4929974 13 100000
2006167 2006-06-24 9 6 4 1 0 4938936 14 100000
2006168 2006-06-25 2 1 1 7 7 4734814 23 100000
2006169 2006-06-26 7 9 4 3 9 5053874 13 100000
2006170 2006-06-27 3 0 5 6 3 4800646 94 100000
2006171 2006-06-28 2 4 6 9 7 5521610 7 100000
2006172 2006-06-29 6 8 7 6 6 5126286 15 100000
2006173 2006-06-30 0 1 9 3 7 5134104 14 100000
2006174 2006-07-01 4 5 4 4 5 4973262 83 100000
2006175 2006-07-02 0 0 1 5 9 4952992 8 100000
2006176 2006-07-03 7 7 2 4 0 5149936 13 100000
2006177 2006-07-04 9 4 5 8 5 4831330 39 100000
2006178 2006-07-05 4 6 5 9 2 5232290 31 100000
2006179 2006-07-06 4 9 9 0 1 5049902 9 100000
2006180 2006-07-07 5 9 3 6 7 5063454 16 100000
2006181 2006-07-08 9 5 9 0 4 4989750 12 100000
2006182 2006-07-09 2 1 7 0 4 4790364 10 100000
2006183 2006-07-10 4 6 5 5 7 5094860 9 100000
2006184 2006-07-11 3 4 0 1 2 4805510 42 100000
2006185 2006-07-12 7 0 0 6 8 5193130 20 100000
2006186 2006-07-13 4 6 9 5 9 5031404 19 100000
2006187 2006-07-14 7 1 3 7 4 4969694 21 100000
2006188 2006-07-15 9 9 5 0 1 4947694 16 100000
2006189 2006-07-16 3 3 4 6 8 4763054 10 100000
2006190 2006-07-17 4 1 9 4 2 5017014 22 100000
2006191 2006-07-18 2 9 3 9 5 4976742 30 100000
2006192 2006-07-19 3 0 0 7 8 5495740 27 100000
2006193 2006-07-20 7 4 8 3 8 5025580 63 100000
2006194 2006-07-21 1 1 6 9 2 5638206 8 100000
2006195 2006-07-22 9 1 8 6 5 5235746 41 100000
2006196 2006-07-23 8 4 8 5 3 5136694 12 100000
2006197 2006-07-24 9 4 9 8 3 5456274 12 100000
2006198 2006-07-25 1 6 5 5 5 5157144 29 100000
2006199 2006-07-26 0 2 9 0 5 5517856 7 100000
2006200 2006-07-27 9 2 8 6 5 5226690 16 100000
2006201 2006-07-28 7 2 4 9 1 5212012 21 100000
2006202 2006-07-29 8 9 1 8 2 5265140 16 100000
2006203 2006-07-30 4 5 1 9 5 4909724 7 100000
2006204 2006-07-31 8 7 2 0 4 5363964 9 100000
2006205 2006-08-01 4 8 1 0 4 5074226 12 100000
2006206 2006-08-02 4 7 1 1 3 5353280 19 100000
2006207 2006-08-03 9 3 7 4 9 5031906 31 100000
2006208 2006-08-04 3 6 8 3 4 5266216 48 100000
2006209 2006-08-05 5 6 2 4 9 5141790 15 100000
2006210 2006-08-06 2 5 7 3 3 4895354 16 100000
2006211 2006-08-07 5 5 2 6 5 5342822 16 100000
2006212 2006-08-08 9 3 4 8 8 5052502 28 100000
2006213 2006-08-09 4 2 1 6 1 5258136 14 100000
2006214 2006-08-10 3 4 0 3 2 5061426 26 100000
2006215 2006-08-11 5 2 7 5 4 5284230 16 100000
2006216 2006-08-12 8 3 6 1 8 5036588 37 100000
2006217 2006-08-13 3 5 3 2 0 5075156 32 100000
2006218 2006-08-14 7 2 1 5 0 5370596 35 100000
2006219 2006-08-15 5 5 4 3 7 5193052 25 100000
2006220 2006-08-16 5 4 6 4 2 5635716 21 100000
2006221 2006-08-17 7 5 1 6 3 5202692 23 100000
2006222 2006-08-18 2 5 5 9 2 5294736 2 100000
2006223 2006-08-19 7 6 0 1 3 4933042 10 100000
2006224 2006-08-20 7 0 8 5 7 4773602 8 100000
2006225 2006-08-21 8 9 3 0 1 5069742 53 100000
2006226 2006-08-22 6 0 8 6 2 5018112 38 100000
2006227 2006-08-23 6 3 3 9 6 5432544 17 100000
2006228 2006-08-24 6 1 2 2 7 4997090 18 100000
2006229 2006-08-25 2 6 6 5 5 4887740 18 100000
2006230 2006-08-26 2 6 7 4 0 4817140 0 100000
2006231 2006-08-27 0 6 8 4 3 4744266 18 100000
2006232 2006-08-28 1 6 2 6 2 4940230 22 100000
2006233 2006-08-29 7 1 4 4 7 4798318 23 100000
2006234 2006-08-30 4 5 7 8 5 5301284 234 100000
2006235 2006-08-31 7 3 2 2 2 5402878 7 100000
2006236 2006-09-01 1 6 9 2 2 5449960 5 100000
2006237 2006-09-02 7 9 3 8 3 5378342 21 100000
2006238 2006-09-03 1 6 6 2 2 5361094 32 100000
2006239 2006-09-04 5 3 6 1 1 5823868 16 100000
2006240 2006-09-05 2 2 8 0 8 5549490 10 100000
2006241 2006-09-06 4 3 2 8 0 5826516 19 100000
2006242 2006-09-07 7 8 9 8 0 5750806 8 100000
2006243 2006-09-08 4 9 8 8 1 5633734 5 100000
2006244 2006-09-09 2 2 2 4 8 5562150 33 100000
2006245 2006-09-10 0 8 0 7 9 5203732 28 100000
2006246 2006-09-11 9 8 9 3 2 5677538 95 100000
2006247 2006-09-12 5 2 8 2 1 5646442 27 100000
2006248 2006-09-13 8 9 5 2 6 6234930 14 100000
2006249 2006-09-14 1 6 6 5 0 5968028 20 100000
2006250 2006-09-15 9 5 9 3 1 5935160 22 100000
2006251 2006-09-16 6 5 6 5 2 5789964 32 100000
2006252 2006-09-17 1 1 5 4 7 5607508 44 100000
2006253 2006-09-18 9 7 8 5 5 6155348 33 100000
2006254 2006-09-19 2 9 3 1 8 6283260 60 100000
2006255 2006-09-20 4 7 9 1 4 6500194 39 100000
2006256 2006-09-21 9 9 8 6 3 6256006 13 100000
2006257 2006-09-22 5 0 8 1 5 6272788 12 100000
2006258 2006-09-23 8 6 0 6 6 6035604 19 100000
2006259 2006-09-24 6 2 8 9 9 5673068 28 100000
2006260 2006-09-25 6 5 9 7 9 6227872 11 100000
2006261 2006-09-26 7 3 5 9 6 5912908 33 100000
2006262 2006-09-27 9 1 7 2 6 6550440 21 100000
2006263 2006-09-28 8 8 6 3 9 6022020 23 100000
2006264 2006-09-29 6 5 6 3 6 5947758 43 100000
2006265 2006-09-30 2 2 8 8 7 5845558 12 100000
2006266 2006-10-01 2 7 2 8 7 4948702 18 100000
2006267 2006-10-02 2 6 5 9 1 5159832 9 100000
2006268 2006-10-03 6 3 8 4 4 5008884 37 100000
2006269 2006-10-04 0 1 0 9 1 5510718 9 100000
2006270 2006-10-05 3 1 7 4 8 5244750 36 100000
2006271 2006-10-06 9 4 4 1 4 5308726 56 100000
2006272 2006-10-07 5 1 7 3 8 5766598 53 100000
2006273 2006-10-08 3 7 3 7 7 6102090 35 100000
2006274 2006-10-09 9 0 8 9 0 6285598 22 100000
2006275 2006-10-10 7 7 2 8 9 5936420 10 100000
2006276 2006-10-11 1 1 0 7 5 6401504 18 100000
2006277 2006-10-12 9 0 7 9 3 5981506 24 100000
2006278 2006-10-13 2 1 6 8 8 6352936 59 100000
2006279 2006-10-14 9 5 1 1 7 6236374 21 100000
2006280 2006-10-15 8 0 8 8 7 5959538 20 100000
2006281 2006-10-16 2 6 3 8 1 6253814 32 100000
2006282 2006-10-17 4 3 3 3 9 6144764 5 100000
2006283 2006-10-18 0 2 3 3 9 6425910 12 100000
2006284 2006-10-19 2 7 9 1 5 6001060 31 100000
2006285 2006-10-20 8 5 7 4 3 6333578 55 100000
2006286 2006-10-21 5 6 4 6 0 6614620 53 100000
2006287 2006-10-22 4 4 7 7 7 6022210 19 100000
2006288 2006-10-23 1 4 5 3 5 6452578 24 100000
2006289 2006-10-24 7 8 1 4 0 6234766 19 100000
2006290 2006-10-25 2 0 8 1 3 6698530 19 100000
2006291 2006-10-26 4 3 9 7 5 6580862 25 100000
2006292 2006-10-27 3 3 8 4 4 6803030 71 100000
2006293 2006-10-28 0 6 0 9 6 6539294 36 100000
2006294 2006-10-29 4 3 7 2 6 6230666 33 100000
2006295 2006-10-30 3 3 1 6 7 6853104 19 100000
2006296 2006-10-31 6 0 9 6 6 6395722 26 100000
2006297 2006-11-01 6 0 0 0 7 6893268 12 100000
2006298 2006-11-02 9 7 2 0 7 6219392 12 100000
2006299 2006-11-03 9 5 6 3 3 6798626 24 100000
2006300 2006-11-04 2 1 4 4 5 6504262 125 100000
2006301 2006-11-05 1 9 9 8 1 6419966 36 100000
2006302 2006-11-06 6 3 5 5 3 6730586 19 100000
2006303 2006-11-07 7 7 2 4 3 6584292 12 100000
2006304 2006-11-08 9 9 1 0 2 7159074 26 100000
2006305 2006-11-09 2 5 9 1 9 6634150 21 100000
2006306 2006-11-10 6 6 1 7 0 6734740 19 100000
2006307 2006-11-11 2 7 8 5 7 6528666 26 100000
2006308 2006-11-12 8 7 1 0 3 6309212 17 100000
2006309 2006-11-13 8 3 4 6 9 6900912 14 100000
2006310 2006-11-14 9 9 9 2 7 6371246 49 100000
2006311 2006-11-15 3 0 5 7 7 6664596 26 100000
2006312 2006-11-16 3 1 0 1 8 6708208 21 100000
2006313 2006-11-17 8 3 0 1 9 6563664 17 100000
2006314 2006-11-18 7 2 4 2 3 6171780 52 100000
2006315 2006-11-19 0 4 1 7 9 6275226 5 100000
2006316 2006-11-20 1 3 3 6 4 6631478 44 100000
2006317 2006-11-21 8 4 5 2 6 6348594 35 100000
2006318 2006-11-22 6 1 9 8 6 6782062 52 100000
2006319 2006-11-23 6 5 5 6 8 6598914 12 100000
2006320 2006-11-24 3 4 9 9 2 6759542 37 100000
2006321 2006-11-25 4 6 8 3 2 6194492 40 100000
2006322 2006-11-26 6 6 4 6 9 6226674 10 100000
2006323 2006-11-27 7 3 6 6 5 6528792 28 100000
2006324 2006-11-28 8 1 5 6 6 6585044 23 100000
2006325 2006-11-29 1 4 3 5 1 6811936 46 100000
2006326 2006-11-30 9 7 7 9 8 6552066 32 100000
2006327 2006-12-01 3 7 5 1 9 6566132 33 100000
2006328 2006-12-02 1 6 9 3 6 6466392 21 100000
2006329 2006-12-03 8 9 6 6 1 6265998 22 100000
2006330 2006-12-04 7 7 4 4 2 6538210 49 100000
2006331 2006-12-05 0 9 0 7 7 6356648 19 100000
2006332 2006-12-06 0 2 0 4 8 6724362 5 100000
2006333 2006-12-07 7 6 7 0 4 6222348 10 100000
2006334 2006-12-08 8 9 3 3 1 6178470 49 100000
2006335 2006-12-09 6 5 9 7 0 6386218 22 100000
2006336 2006-12-10 4 5 6 1 0 6195138 17 100000
2006337 2006-12-11 1 2 6 4 0 6794156 11 100000
2006338 2006-12-12 9 4 0 2 1 6494868 6 100000
2006339 2006-12-13 0 6 3 7 2 6950012 26 100000
2006340 2006-12-14 5 3 1 3 7 6835970 112 100000
2006341 2006-12-15 6 6 4 3 0 7214742 13 100000
2006342 2006-12-16 7 4 6 3 2 6652734 27 100000
2006343 2006-12-17 1 8 3 3 8 6579476 24 100000
2006344 2006-12-18 7 1 2 0 5 6844836 16 100000
2006345 2006-12-19 0 3 0 9 8 6593338 8 100000
2006346 2006-12-20 5 6 6 3 4 6827334 27 100000
2006347 2006-12-21 1 8 4 6 3 6731556 55 100000
2006348 2006-12-22 1 1 4 0 9 7254144 12 100000
2006349 2006-12-23 7 3 5 8 2 6505028 32 100000
2006350 2006-12-24 6 9 8 1 8 6508432 45 100000
2006351 2006-12-25 1 1 7 0 8 7238164 19 100000
2006352 2006-12-26 6 9 1 3 4 6668718 12 100000
2006353 2006-12-27 5 1 3 9 6 7112494 15 100000
2006354 2006-12-28 3 3 4 1 2 6858598 30 100000
2006355 2006-12-29 9 1 4 3 0 6919608 6 100000
2006356 2006-12-30 6 7 8 1 9 7194556 66 100000
2006357 2006-12-31 5 8 4 8 2 6934992 20 100000
2007001 2007-01-01 0 3 8 2 3 6241200 19 100000
2007002 2007-01-02 0 6 0 7 1 5984308 28 100000
2007003 2007-01-03 8 3 9 1 6 6605474 25 100000
2007004 2007-01-04 1 6 3 0 5 6687774 28 100000
2007005 2007-01-05 0 9 1 4 7 6763768 27 100000
2007006 2007-01-06 8 3 5 3 7 6749180 13 100000
2007007 2007-01-07 5 4 1 2 6 6443246 25 100000
2007008 2007-01-08 4 1 6 1 3 6843430 23 100000
2007009 2007-01-09 2 9 2 8 0 6738936 44 100000
2007010 2007-01-10 4 5 3 2 3 6895890 15 100000
2007011 2007-01-11 2 6 1 1 6 6691566 187 100000
2007012 2007-01-12 4 0 5 3 6 7116360 20 100000
2007013 2007-01-13 2 5 2 9 4 6917470 12 100000
2007014 2007-01-14 0 4 7 4 5 6718802 47 100000
2007015 2007-01-15 9 7 7 0 3 7158198 15 100000
2007016 2007-01-16 8 7 8 7 3 6970710 6 100000
2007017 2007-01-17 4 8 5 7 9 7067960 39 100000
2007018 2007-01-18 2 0 4 2 6 7099854 28 100000
2007019 2007-01-19 2 1 9 3 0 6922408 56 100000
2007020 2007-01-20 1 5 1 5 5 6848388 16 100000
2007021 2007-01-21 7 5 7 4 9 6331570 19 100000
2007022 2007-01-22 8 9 6 4 0 6859416 16 100000
2007023 2007-01-23 7 1 6 6 0 6802234 32 100000
2007024 2007-01-24 9 5 5 5 6 7080148 10 100000
2007025 2007-01-25 3 1 9 3 6 6884816 48 100000
2007026 2007-01-26 2 6 0 9 4 7312554 72 100000
2007027 2007-01-27 3 4 9 2 4 7424860 14 100000
2007028 2007-01-28 1 1 9 6 9 6982594 29 100000
2007029 2007-01-29 3 9 9 7 9 7260320 9 100000
2007030 2007-01-30 2 8 1 4 4 6741602 15 100000
2007031 2007-01-31 7 0 4 0 6 7270612 34 100000
2007032 2007-02-01 9 6 1 8 0 7126860 30 100000
2007033 2007-02-02 8 7 5 3 3 7530840 130 100000
2007034 2007-02-03 4 9 4 1 9 7531396 74 100000
2007035 2007-02-04 7 6 4 2 7 7837894 21 100000
2007036 2007-02-05 0 3 2 7 2 7954224 45 100000
2007037 2007-02-06 5 0 7 6 3 7468832 78 100000
2007038 2007-02-07 2 0 3 5 6 8136920 13 100000
2007039 2007-02-08 0 2 5 2 1 7659556 15 100000
2007040 2007-02-09 9 4 8 2 5 7325178 30 100000
2007041 2007-02-10 3 3 5 1 6 7715552 50 100000
2007042 2007-02-11 1 9 9 9 4 7445860 42 100000
2007043 2007-02-12 9 4 7 1 5 7820074 31 100000
2007044 2007-02-13 9 8 8 5 9 7444684 17 100000
2007045 2007-02-14 0 0 0 2 6 7258272 28 100000
2007046 2007-02-15 5 6 4 7 0 6679052 214 100000
2007047 2007-02-16 3 7 7 5 8 7482930 41 100000
2007048 2007-02-25 5 7 2 4 0 6657610 40 100000
2007049 2007-02-26 7 6 0 3 9 6012924 26 100000
2007050 2007-02-27 1 6 3 4 2 6336528 10 100000
2007051 2007-02-28 2 6 5 0 9 6695806 7 100000
2007052 2007-03-01 7 3 3 2 9 6611004 20 100000
2007053 2007-03-02 8 0 2 8 5 6738142 35 100000
2007054 2007-03-03 8 4 7 5 1 6618776 41 100000
2007055 2007-03-04 0 1 7 2 5 6364788 13 100000
2007056 2007-03-05 2 7 8 6 3 6718118 55 100000
2007057 2007-03-06 9 5 5 9 2 6983296 52 100000
2007058 2007-03-07 8 8 7 3 5 7457872 15 100000
2007059 2007-03-08 5 2 8 4 8 7184108 83 100000
2007060 2007-03-09 3 6 8 7 3 7640656 79 100000
2007061 2007-03-10 7 8 7 2 4 7711416 13 100000
2007062 2007-03-11 3 2 7 6 0 7312856 19 100000
2007063 2007-03-12 3 6 5 3 5 7660240 54 100000
2007064 2007-03-13 3 3 0 1 8 7712488 16 100000
2007065 2007-03-14 2 6 8 6 3 7837248 31 100000
2007066 2007-03-15 6 8 3 8 9 7725160 39 100000
2007067 2007-03-16 4 9 9 1 9 7616714 58 100000
2007068 2007-03-17 1 0 3 3 6 7582506 26 100000
2007069 2007-03-18 5 3 1 7 3 7595934 29 100000
2007070 2007-03-19 4 4 1 2 2 8043946 25 100000
2007071 2007-03-20 9 8 4 9 5 7838310 60 100000
2007072 2007-03-21 0 1 0 0 1 8351998 103 100000
2007073 2007-03-22 5 6 4 6 4 7772460 44 100000
2007074 2007-03-23 9 0 6 4 5 8610960 20 100000
2007075 2007-03-24 5 1 5 7 8 8170020 32 100000
2007076 2007-03-25 3 1 6 8 1 8047360 32 100000
2007077 2007-03-26 7 6 1 8 3 8002100 34 100000
2007078 2007-03-27 7 3 7 8 3 8002100 34 100000
2007079 2007-03-28 1 9 5 7 3 7988984 7 100000
2007080 2007-03-29 8 5 6 9 2 8147992 73 100000
2007081 2007-03-30 4 9 1 0 6 8290662 58 100000
2007082 2007-03-31 0 4 4 9 7 7980470 12 100000
2007083 2007-04-01 9 0 3 9 9 7291874 12 100000
2007084 2007-04-02 0 2 0 5 3 7669128 17 100000
2007085 2007-04-03 8 7 8 5 0 7453710 24 100000
2007086 2007-04-04 0 2 8 2 8 7798052 48 100000
2007087 2007-04-05 7 3 8 4 0 7781554 138 100000
2007088 2007-04-06 8 9 4 1 8 8148636 15 100000
2007089 2007-04-07 5 7 7 7 2 7972204 76 100000
2007090 2007-04-08 6 2 4 5 8 7713036 61 100000
2007091 2007-04-09 1 7 0 0 1 8100064 32 100000
2007092 2007-04-10 4 1 7 2 3 7616896 34 100000
2007093 2007-04-11 9 7 1 3 6 8236298 27 100000
2007094 2007-04-12 0 5 1 8 3 7991780 24 100000
2007095 2007-04-13 9 3 7 0 3 8102116 17 100000
2007096 2007-04-14 9 6 7 9 9 7719832 12 100000
2007097 2007-04-15 5 3 2 1 3 7303520 23 100000
2007098 2007-04-16 6 7 9 2 8 8184108 14 100000
2007099 2007-04-17 4 0 5 1 7 7894308 38 100000
2007100 2007-04-18 9 4 1 2 8 8035252 41 100000
2007101 2007-04-19 3 4 9 6 8 7959292 14 100000
2007102 2007-04-20 4 8 5 2 9 7515998 33 100000
2007103 2007-04-21 4 4 1 1 7 7591056 53 100000
2007104 2007-04-22 7 5 4 8 7 6713254 13 100000
2007105 2007-04-23 9 9 9 4 2 7362224 32 100000
2007106 2007-04-24 8 4 5 6 0 6831606 38 100000
2007107 2007-04-25 6 9 1 5 5 7405990 22 100000
2007108 2007-04-26 4 9 7 9 9 7513468 39 100000
2007109 2007-04-27 3 9 5 2 0 7346796 28 100000
2007110 2007-04-28 7 8 6 3 4 7433140 131 100000
2007111 2007-04-29 7 6 2 7 0 7040662 12 100000
2007112 2007-04-30 7 3 4 7 0 7046848 16 100000
2007113 2007-05-01 1 8 3 1 0 6137926 10 100000
2007114 2007-05-02 7 8 6 8 3 6368280 34 100000
2007115 2007-05-03 1 6 7 4 6 6290564 26 100000
2007116 2007-05-04 2 7 2 6 7 6634648 103 100000
2007117 2007-05-05 3 7 8 7 1 6942714 18 100000
2007118 2007-05-06 9 7 1 0 8 6365484 15 100000
2007119 2007-05-07 9 6 7 7 2 6764022 34 100000
2007120 2007-05-08 5 3 4 1 4 7065700 189 100000
2007121 2007-05-09 0 0 6 6 0 7870924 30 100000
2007122 2007-05-10 5 2 0 1 3 7117186 82 100000
2007123 2007-05-11 5 2 5 2 3 7597672 86 100000
2007124 2007-05-12 7 7 9 0 2 7101354 14 100000
2007125 2007-05-13 1 6 3 4 5 6744912 76 100000
2007126 2007-05-14 0 7 5 9 8 7633224 32 100000
2007127 2007-05-15 9 0 9 8 8 7065012 51 100000
2007128 2007-05-16 6 9 9 9 5 7316574 7 100000
2007129 2007-05-17 9 4 5 8 8 7028026 85 100000
2007130 2007-05-18 1 1 1 5 8 7221350 73 100000
2007131 2007-05-19 5 7 5 2 5 7140060 73 100000
2007132 2007-05-20 6 8 4 4 3 7190300 59 100000
2007133 2007-05-21 8 3 9 6 8 7897150 49 100000
2007134 2007-05-22 0 9 7 1 2 7507546 52 100000
2007135 2007-05-23 5 9 5 5 3 7820986 17 100000
2007136 2007-05-24 8 5 8 2 7 7542004 58 100000
2007137 2007-05-25 9 6 4 6 6 7420658 26 100000
2007138 2007-05-26 0 4 7 3 5 7357246 58 100000
2007139 2007-05-27 3 2 8 9 7 7230898 41 100000
2007140 2007-05-28 0 3 6 0 2 7283574 29 100000
2007141 2007-05-29 8 8 4 0 6 7199362 12 100000
2007142 2007-05-30 6 6 9 9 2 7105888 12 100000
2007143 2007-05-31 1 3 9 2 8 7061132 16 100000
2007144 2007-06-01 9 1 2 4 3 6995348 45 100000
2007145 2007-06-02 0 6 0 1 8 6758738 40 100000
2007146 2007-06-03 9 1 0 2 4 6797958 22 100000
2007147 2007-06-04 9 7 6 2 3 6896466 16 100000
2007148 2007-06-05 2 4 6 2 1 6879636 9 100000
2007149 2007-06-06 3 7 8 4 4 6496210 50 100000
2007150 2007-06-07 8 7 3 0 3 6989470 13 100000
2007151 2007-06-08 6 7 6 5 1 6863444 36 100000
2007152 2007-06-09 9 5 1 1 7 6511222 65 100000
2007153 2007-06-10 1 8 1 3 4 6736228 9 100000
2007154 2007-06-11 8 5 1 2 6 6789442 17 100000
2007155 2007-06-12 6 8 2 5 9 6803926 14 100000
2007156 2007-06-13 7 7 5 7 7 6782956 24 100000
2007157 2007-06-14 0 0 0 2 5 6518590 26 100000
2007158 2007-06-15 8 9 1 7 2 6427294 30 100000
2007159 2007-06-16 5 3 9 1 4 6240146 55 100000
2007160 2007-06-17 8 7 8 6 5 6587006 24 100000
2007161 2007-06-18 5 6 7 6 1 6716446 29 100000
2007162 2007-06-19 5 5 4 3 1 6769154 7 100000
2007163 2007-06-20 6 5 8 0 7 6711970 18 100000
2007164 2007-06-21 7 3 8 0 5 6890944 23 100000
2007165 2007-06-22 9 4 6 7 0 7107544 17 100000
2007166 2007-06-23 7 9 5 8 6 6566112 15 100000
2007167 2007-06-24 8 0 0 7 7 6367442 22 100000
2007168 2007-06-25 0 6 4 5 4 6269936 18 100000
2007169 2007-06-26 3 3 8 7 3 6494706 29 100000
2007170 2007-06-27 2 0 0 8 6 6526084 28 100000
2007171 2007-06-28 8 9 0 8 0 6435934 12 100000
2007172 2007-06-29 5 1 7 6 1 6257904 101 100000
2007173 2007-06-30 9 8 1 7 5 6152594 61 100000
2007174 2007-07-01 3 8 4 6 4 6543140 7 100000
2007175 2007-07-02 4 4 6 8 0 6669084 52 100000
2007176 2007-07-03 1 7 4 2 2 6566544 27 100000
2007177 2007-07-04 7 2 6 6 0 6472552 33 100000
2007178 2007-07-05 4 9 1 6 1 6681908 10 100000
2007179 2007-07-06 8 2 5 1 7 6691956 75 100000
2007180 2007-07-07 6 8 0 5 8 6485604 52 100000
2007181 2007-07-08 8 4 9 2 4 6732528 16 100000
2007182 2007-07-09 6 0 4 4 5 6756532 24 100000
2007183 2007-07-10 9 0 3 5 8 6755270 10 100000
2007184 2007-07-11 5 7 4 5 6 6513808 5 100000
2007185 2007-07-12 5 8 1 4 5 6687930 21 100000
2007186 2007-07-13 0 0 0 1 6 6652108 12 100000
2007187 2007-07-14 8 6 7 8 7 5743768 44 100000
2007188 2007-07-15 5 8 9 5 7 5858242 11 100000
2007189 2007-07-16 1 8 4 2 5 6303470 23 100000
2007190 2007-07-17 6 1 6 1 2 6469808 52 100000
2007191 2007-07-18 9 5 9 5 2 6291540 24 100000
2007192 2007-07-19 1 0 6 2 7 6633282 6 100000
2007193 2007-07-20 9 5 1 0 5 6527118 26 100000
2007194 2007-07-21 1 4 1 2 4 6163972 4 100000
2007195 2007-07-22 5 6 6 0 8 5993408 17 100000
2007196 2007-07-23 5 6 5 0 6 6107210 13 100000
2007197 2007-07-24 7 1 3 2 8 6109436 25 100000
2007198 2007-07-25 2 8 2 6 8 6129828 21 100000
2007199 2007-07-26 4 4 9 0 7 6507416 53 100000
2007200 2007-07-27 7 6 6 3 3 6369734 14 100000
2007201 2007-07-28 0 8 5 2 2 5793656 14 100000
2007202 2007-07-29 8 6 8 5 7 5892928 36 100000
2007203 2007-07-30 1 3 1 9 1 6316248 51 100000
2007204 2007-07-31 9 8 1 7 7 6031720 30 100000
2007205 2007-08-01 5 3 3 2 2 6273598 16 100000
2007206 2007-08-02 5 1 8 2 0 6454080 38 100000
2007207 2007-08-03 9 2 3 6 5 6372902 17 100000
2007208 2007-08-04 6 4 3 8 4 5864532 30 100000
2007209 2007-08-05 3 8 9 1 5 6044978 43 100000
2007210 2007-08-06 0 6 1 7 6 6257936 30 100000
2007211 2007-08-07 1 8 8 9 1 6158402 32 100000
2007212 2007-08-08 2 4 4 8 7 6151136 38 100000
2007213 2007-08-09 8 9 9 3 1 6440520 43 100000
2007214 2007-08-10 9 4 4 9 5 6219854 5 100000
2007215 2007-08-11 8 8 4 2 7 5818196 16 100000
2007216 2007-08-12 1 7 6 2 6 6037254 23 100000
2007217 2007-08-13 5 0 3 7 9 6323144 53 100000
2007218 2007-08-14 3 9 7 4 8 6269492 43 100000
2007219 2007-08-15 5 6 9 1 7 6245236 70 100000
2007220 2007-08-16 4 7 9 3 3 6812382 8 100000
2007221 2007-08-17 2 1 1 0 6 6492536 38 100000
2007222 2007-08-18 7 1 2 7 3 5931272 11 100000
2007223 2007-08-19 4 2 7 3 7 5796690 31 100000
2007224 2007-08-20 4 3 6 0 4 6138732 5 100000
2007225 2007-08-21 8 0 1 4 5 6131694 103 100000
2007226 2007-08-22 2 5 9 4 3 6379708 22 100000
2007227 2007-08-23 2 0 1 7 5 6695918 18 100000
2007228 2007-08-24 2 9 1 2 5 6504418 16 100000
2007229 2007-08-25 0 2 2 6 2 5765292 12 100000
2007230 2007-08-26 9 4 7 5 1 5620194 34 100000
2007231 2007-08-27 1 3 9 6 0 6136932 25 100000
2007232 2007-08-28 8 3 3 6 7 6273588 41 100000
2007233 2007-08-29 8 3 2 9 2 6193552 8 100000
2007234 2007-08-30 6 3 8 6 7 6287698 17 100000
2007235 2007-08-31 8 9 3 9 6 6232440 12 100000
2007236 2007-09-01 6 8 9 2 5 5892244 46 100000
2007237 2007-09-02 4 3 8 9 1 6111420 23 100000
2007238 2007-09-03 0 7 8 5 8 6157988 23 100000
2007239 2007-09-04 8 4 6 2 8 6132872 21 100000
2007240 2007-09-05 4 6 1 9 5 6461710 16 100000
2007241 2007-09-06 5 3 2 1 1 6782280 17 100000
2007242 2007-09-07 8 2 0 9 1 6462618 8 100000
2007243 2007-09-08 7 1 9 0 3 5889490 38 100000
2007244 2007-09-09 3 3 3 6 8 6031440 45 100000
2007245 2007-09-10 9 4 6 2 4 5730122 24 100000
2007246 2007-09-11 2 5 2 6 6 6267384 27 100000
2007247 2007-09-12 8 5 4 8 2 6158376 23 100000
2007248 2007-09-13 2 5 1 5 1 6575666 13 100000
2007249 2007-09-14 0 5 1 8 4 6505524 2 100000
2007250 2007-09-15 0 2 8 0 6 5903552 16 100000
2007251 2007-09-16 6 0 2 5 9 5805452 25 100000
2007252 2007-09-17 0 2 9 4 3 6027042 24 100000
2007253 2007-09-18 5 3 3 8 2 5881752 17 100000
2007254 2007-09-19 6 3 0 1 7 5975026 14 100000
2007255 2007-09-20 4 8 8 5 1 6277740 99 100000
2007256 2007-09-21 2 2 1 2 2 6505870 28 100000
2007257 2007-09-22 1 4 4 3 1 5808332 10 100000
2007258 2007-09-23 5 4 3 3 2 5816782 19 100000
2007259 2007-09-24 1 5 4 6 5 5912460 12 100000
2007260 2007-09-25 9 7 9 0 6 5850944 83 100000
2007261 2007-09-26 9 1 2 4 3 5933134 10 100000
2007262 2007-09-27 0 4 9 4 1 6245538 11 100000
2007263 2007-09-28 2 3 1 4 8 6281830 9 100000
2007264 2007-09-29 7 9 6 7 5 6044460 86 100000
2007265 2007-09-30 2 3 2 4 5 5948352 34 100000
2007266 2007-10-01 8 0 6 3 1 5341380 13 100000
2007267 2007-10-02 5 9 8 7 1 5385424 32 100000
2007268 2007-10-03 6 3 9 2 2 5520056 19 100000
2007269 2007-10-04 8 3 3 0 3 5771514 26 100000
2007270 2007-10-05 8 5 2 9 9 5850170 13 100000
2007271 2007-10-06 2 9 5 1 9 5693492 40 100000
2007272 2007-10-07 7 9 2 9 2 5737114 20 100000
2007273 2007-10-08 8 5 4 4 3 5887950 11 100000
2007274 2007-10-09 4 3 5 9 6 6096364 5 100000
2007275 2007-10-10 3 6 1 7 5 6163798 96 100000
2007276 2007-10-11 4 9 4 8 1 6622612 40 100000
2007277 2007-10-12 2 5 4 0 6 6659878 45 100000
2007278 2007-10-13 5 6 3 8 9 6136258 30 100000
2007279 2007-10-14 8 9 6 1 1 6313240 20 100000
2007280 2007-10-15 8 6 4 4 0 6407576 14 100000
2007281 2007-10-16 4 0 3 6 4 6187282 5 100000
2007282 2007-10-17 9 0 4 5 8 6209848 21 100000
2007283 2007-10-18 2 1 0 9 2 6510956 6 100000
2007284 2007-10-19 7 5 9 6 3 6403812 120 100000
2007285 2007-10-20 4 0 7 6 5 6239486 5 100000
2007286 2007-10-21 6 1 9 4 8 6070966 35 100000
2007287 2007-10-22 3 7 4 0 2 6506748 22 100000
2007288 2007-10-23 9 2 7 4 7 6445924 53 100000
2007289 2007-10-24 7 9 4 1 6 6815268 20 100000
2007290 2007-10-25 4 5 3 8 5 7079478 111 100000
2007291 2007-10-26 4 4 1 7 4 7206728 34 100000
2007292 2007-10-27 5 6 9 4 4 6126144 11 100000
2007293 2007-10-28 4 7 4 2 5 5936220 22 100000
2007294 2007-10-29 5 6 3 9 3 6205208 19 100000
2007295 2007-10-30 3 1 1 9 2 6197568 8 100000
2007296 2007-10-31 9 4 5 8 0 6243514 23 100000
2007297 2007-11-01 9 7 1 9 6 6553324 5 100000
2007298 2007-11-02 2 6 8 6 6 6409600 19 100000
2007299 2007-11-03 4 9 4 6 7 6122450 14 100000
2007300 2007-11-04 3 5 7 5 2 6128080 79 100000
2007301 2007-11-05 8 2 4 4 1 6822796 23 100000
2007302 2007-11-06 4 9 1 0 2 6666288 28 100000
2007303 2007-11-07 9 8 0 6 5 6736426 12 100000
2007304 2007-11-08 4 0 2 4 2 6937948 2 100000
2007305 2007-11-09 7 9 8 6 9 6783002 21 100000
2007306 2007-11-10 0 5 3 2 1 6314160 19 100000
2007307 2007-11-11 6 1 0 8 2 6265672 13 100000
2007308 2007-11-12 0 8 7 8 0 6543070 19 100000
2007309 2007-11-13 8 8 4 8 3 6334956 10 100000
2007310 2007-11-14 7 5 9 3 4 6334754 19 100000
2007311 2007-11-15 3 4 7 1 4 6495072 34 100000
2007312 2007-11-16 0 5 3 5 3 6550782 10 100000
2007313 2007-11-17 6 3 3 9 5 6016148 39 100000
2007314 2007-11-18 1 7 4 7 5 6107590 11 100000
2007315 2007-11-19 2 0 1 5 1 6471074 25 100000
2007316 2007-11-20 6 0 7 2 6 6217000 40 100000
2007317 2007-11-21 7 8 7 2 7 6221362 13 100000
2007318 2007-11-22 0 9 1 4 7 6322634 34 100000
2007319 2007-11-23 0 5 3 9 1 6546064 8 100000
2007320 2007-11-24 7 9 4 6 0 6147430 43 100000
2007321 2007-11-25 8 5 8 9 1 6215988 17 100000
2007322 2007-11-26 8 8 3 0 2 6234442 26 100000
2007323 2007-11-27 6 9 4 1 5 5858188 56 100000
2007324 2007-11-28 0 5 1 1 2 6558184 21 100000
2007325 2007-11-29 8 1 9 3 0 6951322 24 100000
2007326 2007-11-30 5 6 6 6 3 6989104 87 100000
2007327 2007-12-01 4 3 8 1 4 6488826 53 100000
2007328 2007-12-02 9 4 0 4 5 6527864 41 100000
2007329 2007-12-03 2 7 3 7 1 6872072 400 100000
2007330 2007-12-04 0 1 5 0 8 7579972 28 100000
2007331 2007-12-05 1 5 3 1 8 7140974 18 100000
2007332 2007-12-06 6 6 4 7 0 7767508 40 100000
2007333 2007-12-07 9 1 4 1 1 7636092 25 100000
2007334 2007-12-08 7 7 3 8 6 6967832 41 100000
2007335 2007-12-09 5 2 3 0 3 7014334 13 100000
2007336 2007-12-10 7 7 4 2 7 7465080 16 100000
2007337 2007-12-11 2 7 6 2 6 7051650 26 100000
2007338 2007-12-12 5 8 5 4 4 7261310 20 100000
2007339 2007-12-13 0 4 8 9 2 7664208 31 100000
2007340 2007-12-14 4 1 6 8 4 7872178 53 100000
2007341 2007-12-15 0 3 2 3 0 7004960 13 100000
2007342 2007-12-16 0 6 8 0 0 6807374 16 100000
2007343 2007-12-17 4 9 2 2 4 7076496 62 100000
2007344 2007-12-18 7 5 7 6 5 7166742 365 100000
2007345 2007-12-19 5 9 6 7 5 8066088 17 100000
2007346 2007-12-20 0 8 0 4 9 8343488 17 100000
2007347 2007-12-21 3 1 0 1 2 7857384 22 100000
2007348 2007-12-22 4 1 8 5 9 7202938 20 100000
2007349 2007-12-23 4 7 7 3 9 7429110 8 100000
2007350 2007-12-24 1 6 4 6 4 7554138 103 100000
2007351 2007-12-25 0 2 8 1 6 7837738 27 100000
2007352 2007-12-26 1 4 7 5 6 7922444 28 100000
2007353 2007-12-27 0 0 5 1 3 8107652 38 100000
2007354 2007-12-28 0 6 5 5 7 7760676 10 100000
2007355 2007-12-29 6 3 4 6 4 7261496 72 100000
2007356 2007-12-30 2 1 5 4 1 7178320 34 100000
2007357 2007-12-31 3 1 7 4 6 7371070 40 100000
2008001 2008-01-01 6 5 9 5 5 6893518 12 100000
2008002 2008-01-02 8 7 0 1 0 7104012 13 100000
2008003 2008-01-03 8 3 8 9 9 7355230 18 100000
2008004 2008-01-04 3 5 9 1 8 7400028 40 100000
2008005 2008-01-05 3 1 4 9 2 7240406 7 100000
2008006 2008-01-06 2 8 2 1 6 7160458 19 100000
2008007 2008-01-07 0 8 9 9 5 7444114 62 100000
2008008 2008-01-08 8 0 3 0 7 7577688 37 100000
2008009 2008-01-09 0 8 1 5 2 7422508 4 100000
2008010 2008-01-10 2 8 4 4 6 7606252 63 100000
2008011 2008-01-11 5 0 6 7 8 7666784 31 100000
2008012 2008-01-12 6 3 0 7 5 6854170 20 100000
2008013 2008-01-13 0 0 4 3 4 6732730 6 100000
2008014 2008-01-14 1 6 3 7 1 6762822 13 100000
2008015 2008-01-15 4 7 5 7 7 6817010 35 100000
2008016 2008-01-16 7 8 9 4 5 7271382 64 100000
2008017 2008-01-17 0 6 5 9 3 7636966 9 100000
2008018 2008-01-18 1 5 5 4 0 7756238 17 100000
2008019 2008-01-19 6 4 9 4 2 6801318 46 100000
2008020 2008-01-20 7 8 6 0 9 7161622 17 100000
2008021 2008-01-21 1 1 9 2 5 7044588 27 100000
2008022 2008-01-22 6 5 4 3 4 6926728 45 100000
2008023 2008-01-23 0 8 8 8 4 7447790 4 100000
2008024 2008-01-24 0 1 2 5 9 7234236 10 100000
2008025 2008-01-25 6 3 0 5 7 7252948 27 100000
2008026 2008-01-26 8 0 6 0 5 6840742 23 100000
2008027 2008-01-27 0 2 6 9 7 6679480 1 100000
2008028 2008-01-28 9 9 0 4 6 6775422 54 100000
2008029 2008-01-29 3 2 0 1 4 6751148 12 100000
2008030 2008-01-30 3 1 4 0 0 6680248 4 100000
2008031 2008-01-31 5 3 5 3 4 6691000 112 100000
2008032 2008-02-01 8 2 7 3 8 6801044 35 100000
2008033 2008-02-02 5 2 0 6 3 6485164 29 100000
2008034 2008-02-03 8 3 5 7 6 6383448 20 100000
2008035 2008-02-04 9 1 3 9 3 6416276 15 100000
2008036 2008-02-05 5 4 1 9 5 6424196 42 100000
2008037 2008-02-13 8 0 6 2 0 5664464 11 100000
2008038 2008-02-14 6 5 3 3 8 5750448 19 100000
2008039 2008-02-15 4 5 8 8 7 6126368 14 100000
2008040 2008-02-16 8 0 4 4 7 5969750 21 100000
2008041 2008-02-17 6 6 1 1 7 6033312 17 100000
2008042 2008-02-18 6 1 2 9 9 6252296 11 100000
2008043 2008-02-19 1 1 1 8 5 6157550 94 100000
2008044 2008-02-20 1 2 1 4 0 6058412 23 100000
2008045 2008-02-21 6 6 6 8 4 6325116 24 100000
2008046 2008-02-22 8 0 5 7 2 6316870 20 100000
2008047 2008-02-23 2 2 7 2 2 6165296 29 100000
2008048 2008-02-24 8 0 5 6 6 5839924 7 100000
2008049 2008-02-25 5 2 3 7 7 6379122 37 100000
2008050 2008-02-26 3 3 2 5 7 6628876 43 100000
2008051 2008-02-27 2 3 9 5 6 6655388 22 100000
2008052 2008-02-28 2 8 0 1 1 6941722 15 100000
2008053 2008-02-29 5 0 7 5 5 6859516 19 100000
2008054 2008-03-01 9 3 2 6 5 6534504 17 100000
2008055 2008-03-02 4 0 0 7 2 6431462 17 100000
2008056 2008-03-03 6 7 1 6 5 6461470 11 100000
2008057 2008-03-04 3 2 0 8 0 6592058 25 100000
2008058 2008-03-05 6 7 7 6 3 6867028 22 100000
2008059 2008-03-06 4 5 7 0 9 6881318 14 100000
2008060 2008-03-07 6 3 6 1 6 6916456 27 100000
2008061 2008-03-08 4 3 8 8 7 6365310 22 100000
2008062 2008-03-09 4 1 3 4 2 6381564 6 100000
2008063 2008-03-10 8 3 0 9 6 6669664 22 100000
2008064 2008-03-11 6 4 8 5 3 6868244 53 100000
2008065 2008-03-12 3 6 6 5 5 6995602 31 100000
2008066 2008-03-13 1 9 5 8 9 7258522 17 100000
2008067 2008-03-14 9 2 1 4 4 7066226 32 100000
2008068 2008-03-15 5 4 2 5 6 6650842 21 100000
2008069 2008-03-16 6 0 8 1 6 6660022 31 100000
2008070 2008-03-17 7 3 8 1 2 7022972 25 100000
2008071 2008-03-18 3 4 6 8 8 6725200 38 100000
2008072 2008-03-19 5 0 2 9 9 7142782 19 100000
2008073 2008-03-20 8 2 4 7 1 7225518 119 100000
2008074 2008-03-21 3 8 1 0 7 7493326 41 100000
2008075 2008-03-22 5 9 7 8 8 6839072 21 100000
2008076 2008-03-23 8 2 6 4 3 6853106 218 100000
2008077 2008-03-24 6 7 4 9 0 7537342 51 100000
2008078 2008-03-25 6 1 9 5 8 7765916 37 100000
2008079 2008-03-26 7 3 7 5 5 7917184 81 100000
2008080 2008-03-27 8 5 3 6 4 8180846 65 100000
2008081 2008-03-28 7 9 8 8 8 8079860 21 100000
2008082 2008-03-29 4 6 7 4 5 7058402 46 100000
2008083 2008-03-30 9 0 9 4 3 7246190 74 100000
2008084 2008-03-31 3 9 7 6 9 7486190 16 100000
2008085 2008-04-01 0 1 0 4 1 7282704 16 100000
2008086 2008-04-02 3 9 1 9 5 6974004 11 100000
2008087 2008-04-03 7 2 6 4 8 7438534 74 100000
2008088 2008-04-04 4 5 6 4 7 7117514 28 100000
2008089 2008-04-05 0 5 4 1 7 7174536 18 100000
2008090 2008-04-06 3 1 8 6 0 6798172 45 100000
2008091 2008-04-07 6 4 0 2 0 7335262 6 100000
2008092 2008-04-08 9 8 3 4 5 6942644 44 100000
2008093 2008-04-09 6 8 8 1 9 7302938 43 100000
2008094 2008-04-10 5 9 9 9 2 7540334 25 100000
2008095 2008-04-11 0 6 3 8 1 7335522 216 100000
2008096 2008-04-12 4 7 0 3 3 7045164 141 100000
2008097 2008-04-13 9 2 1 6 2 7059108 38 100000
2008098 2008-04-14 5 6 7 6 3 7310948 16 100000
2008099 2008-04-15 9 5 2 5 6 7416948 51 100000
2008100 2008-04-16 7 5 7 5 1 7481518 22 100000
2008101 2008-04-17 2 3 6 1 3 7367012 50 100000
2008102 2008-04-18 5 1 1 7 0 7691580 26 100000
2008103 2008-04-19 2 6 2 3 9 6714890 25 100000
2008104 2008-04-20 1 1 5 4 9 6645856 9 100000
2008105 2008-04-21 5 2 5 2 5 6955900 67 100000
2008106 2008-04-22 0 9 0 5 9 7018040 8 100000
2008107 2008-04-23 3 5 0 1 6 7015720 39 100000
2008108 2008-04-24 5 6 2 2 2 7538664 10 100000
2008109 2008-04-25 5 1 8 7 8 7640366 167 100000
2008110 2008-04-26 3 9 3 3 4 7330226 231 100000
2008111 2008-04-27 8 9 1 2 9 7251228 29 100000
2008112 2008-04-28 4 7 6 8 3 7648070 326 100000
2008113 2008-04-29 1 1 2 6 9 7798760 20 100000
2008114 2008-04-30 2 4 6 5 1 7431476 46 100000
2008115 2008-05-01 8 8 8 9 4 7090418 48 100000
2008116 2008-05-02 6 9 5 9 1 6984452 24 100000
2008117 2008-05-03 9 9 9 6 5 7041032 116 100000
2008118 2008-05-04 1 7 7 6 5 6407486 9 100000
2008119 2008-05-05 8 7 4 9 1 5925044 25 100000
2008120 2008-05-06 7 5 4 6 1 7366130 17 100000
2008121 2008-05-07 1 1 8 5 1 7742938 17 100000
2008122 2008-05-08 3 1 3 9 1 7884602 14 100000
2008123 2008-05-09 8 3 4 8 4 7778048 32 100000
2008124 2008-05-10 1 0 9 0 8 7487490 30 100000
2008125 2008-05-11 2 8 8 6 0 7218312 33 100000
2008126 2008-05-12 2 9 4 2 1 7177158 7 100000
2008127 2008-05-13 8 6 1 7 8 6948732 48 100000
2008128 2008-05-14 4 9 5 1 2 7470748 32 100000
2008129 2008-05-15 8 6 0 8 7 7800678 52 100000
2008130 2008-05-16 8 0 8 0 0 7730510 22 100000
2008131 2008-05-17 6 4 3 9 4 6729380 151 100000
2008132 2008-05-18 2 5 4 0 3 6995400 21 100000
2008133 2008-05-19 2 8 6 2 1 7199938 17 100000
2008134 2008-05-20 5 4 2 9 1 7078096 2 100000
2008135 2008-05-21 9 6 4 9 8 7392542 30 100000
2008136 2008-05-22 4 6 7 2 9 7638548 28 100000
2008137 2008-05-23 0 6 2 1 8 7507444 22 100000
2008138 2008-05-24 8 4 1 3 5 7083420 29 100000
2008139 2008-05-25 7 5 9 4 1 6992642 44 100000
2008140 2008-05-26 4 1 4 6 2 7292700 39 100000
2008141 2008-05-27 5 1 6 4 8 6949608 59 100000
2008142 2008-05-28 6 7 2 4 5 7264142 30 100000
2008143 2008-05-29 8 5 8 0 8 7836900 50 100000
2008144 2008-05-30 1 8 6 3 1 7290770 46 100000
2008145 2008-05-31 0 2 4 9 8 7055522 23 100000
2008146 2008-06-01 1 4 2 5 1 6894080 28 100000
2008147 2008-06-02 8 9 7 3 1 7060194 22 100000
2008148 2008-06-03 2 9 4 1 1 7104112 20 100000
2008149 2008-06-04 9 1 6 0 3 7194680 26 100000
2008150 2008-06-05 5 8 4 8 5 7354924 40 100000
2008151 2008-06-06 6 7 3 0 9 7488880 31 100000
2008152 2008-06-07 8 2 4 9 4 7023964 34 100000
2008153 2008-06-08 6 6 6 9 4 22434 17 100000
2008154 2008-06-09 9 1 0 0 3 6750466 14 100000
2008155 2008-06-10 3 5 7 2 8 7074012 218 100000
2008156 2008-06-11 0 7 2 3 4 7636794 39 100000
2008157 2008-06-12 7 4 9 8 4 7957898 55 100000
2008158 2008-06-13 8 0 5 2 9 7960388 51 100000
2008159 2008-06-14 6 0 4 8 9 7538124 7 100000
2008160 2008-06-15 7 4 9 8 8 7266268 13 100000
2008161 2008-06-16 7 6 7 5 7 7423808 13 100000
2008162 2008-06-17 6 7 4 1 5 7076948 79 100000
2008163 2008-06-18 3 0 7 9 2 7479434 19 100000
2008164 2008-06-19 1 8 2 5 5 7344254 26 100000
2008165 2008-06-20 2 3 0 1 0 7755604 23 100000
2008166 2008-06-21 8 8 0 4 4 6937430 17 100000
2008167 2008-06-22 4 6 2 0 6 6983116 32 100000
2008168 2008-06-23 6 3 4 4 5 7606390 41 100000
2008169 2008-06-24 9 9 7 2 2 7441476 31 100000
2008170 2008-06-25 4 4 2 6 1 7452292 34 100000
2008171 2008-06-26 7 3 2 5 2 7941528 17 100000
2008172 2008-06-27 3 8 2 6 9 7814716 14 100000
2008173 2008-06-28 6 1 5 8 6 6922342 43 100000
2008174 2008-06-29 8 8 7 0 4 6824652 7 100000
2008175 2008-06-30 5 1 6 9 2 6968068 38 100000
2008176 2008-07-01 5 4 2 6 5 7070862 20 100000
2008177 2008-07-02 1 0 4 7 3 7327860 36 100000
2008178 2008-07-03 3 4 4 8 2 7209176 16 100000
2008179 2008-07-04 1 2 2 2 7 7308872 13 100000
2008180 2008-07-05 4 1 1 2 3 6403632 13 100000
2008181 2008-07-06 3 9 3 7 5 6459236 25 100000
2008182 2008-07-07 0 8 2 9 1 6569608 10 100000
2008183 2008-07-08 3 6 9 7 8 6796780 54 100000
2008184 2008-07-09 8 4 0 5 3 7010920 33 100000
2008185 2008-07-10 0 6 4 2 6 6925054 11 100000
2008186 2008-07-11 8 7 6 1 4 7147438 23 100000
2008187 2008-07-12 9 0 5 6 5 6526520 55 100000
2008188 2008-07-13 5 9 5 8 0 6636862 35 100000
2008189 2008-07-14 0 8 5 9 9 6793240 14 100000
2008190 2008-07-15 8 6 2 1 9 6605068 44 100000
2008191 2008-07-16 1 3 4 6 5 6976546 39 100000
2008192 2008-07-17 8 6 7 8 1 7257904 106 100000
2008193 2008-07-18 6 0 8 4 4 7614162 17 100000
2008194 2008-07-19 3 1 2 0 6 6793698 33 100000
2008195 2008-07-20 2 8 2 9 4 6812110 21 100000
2008196 2008-07-21 8 6 1 0 3 6823302 56 100000
2008197 2008-07-22 3 5 7 5 1 6959390 30 100000
2008198 2008-07-23 0 6 8 6 5 6860152 26 100000
2008199 2008-07-24 4 8 1 2 6 7385624 48 100000
2008200 2008-07-25 2 0 4 2 8 7331058 25 100000
2008201 2008-07-26 7 4 3 2 5 6715112 36 100000
2008202 2008-07-27 1 9 8 6 9 6774796 27 100000
2008203 2008-07-28 7 9 9 4 8 6899842 23 100000
2008204 2008-07-29 6 7 6 5 7 6713388 69 100000
2008205 2008-07-30 0 5 6 5 4 6728544 15 100000
2008206 2008-07-31 4 8 0 1 9 7207024 55 100000
2008207 2008-08-01 0 6 0 4 3 7555590 8 100000
2008208 2008-08-02 3 5 6 2 9 6781092 53 100000
2008209 2008-08-03 6 1 9 3 5 7083312 40 100000
2008210 2008-08-04 0 0 3 9 7 6943404 6 100000
2008211 2008-08-05 1 9 4 2 3 6536004 20 100000
2008212 2008-08-06 8 9 4 3 4 6651414 8 100000
2008213 2008-08-07 8 6 0 8 0 7116844 21 100000
2008214 2008-08-08 1 4 4 6 8 7819816 28 100000
2008215 2008-08-09 7 3 5 3 0 6024120 15 100000
2008216 2008-08-10 9 3 8 0 2 6293858 19 100000
2008217 2008-08-11 0 5 4 3 9 6204442 38 100000
2008218 2008-08-12 1 6 1 6 5 6515066 64 100000
2008219 2008-08-13 4 9 2 1 5 6749306 16 100000
2008220 2008-08-14 4 8 4 4 9 6834192 25 100000
2008221 2008-08-15 3 9 8 9 6 7085926 29 100000
2008222 2008-08-16 1 0 8 1 7 6324086 24 100000
2008223 2008-08-17 9 9 6 7 6 6434950 6 100000
2008224 2008-08-18 6 3 2 8 0 6113004 37 100000
2008225 2008-08-19 3 5 4 4 3 6496370 41 100000
2008226 2008-08-20 9 8 2 2 4 6677754 27 100000
2008227 2008-08-21 5 8 7 2 2 7016478 16 100000
2008228 2008-08-22 7 5 9 5 5 6877240 40 100000
2008229 2008-08-23 1 9 4 0 5 6562320 47 100000
2008230 2008-08-24 6 3 2 8 8 6651654 18 100000
2008231 2008-08-25 6 3 5 7 8 6608324 5 100000
2008232 2008-08-26 8 4 0 1 9 6593838 78 100000
2008233 2008-08-27 0 2 6 7 9 7002642 9 100000
2008234 2008-08-28 8 0 0 6 1 7059968 13 100000
2008235 2008-08-29 3 7 2 6 9 6816668 13 100000
2008236 2008-08-30 7 9 6 5 5 6329144 8 100000
2008237 2008-08-31 1 1 4 7 9 6277258 20 100000
2008238 2008-09-01 2 5 9 5 8 6525522 28 100000
2008239 2008-09-02 4 4 3 2 5 6750750 32 100000
2008240 2008-09-03 3 0 0 5 3 6851006 6 100000
2008241 2008-09-04 5 6 9 0 4 6917182 21 100000
2008242 2008-09-05 3 8 4 6 9 7057504 63 100000
2008243 2008-09-06 9 3 9 0 8 6850900 11 100000
2008244 2008-09-07 2 1 3 8 6 6520554 0 100000
2008245 2008-09-08 7 7 0 1 3 6840994 38 100000
2008246 2008-09-09 7 1 6 1 8 7144736 28 100000
2008247 2008-09-10 3 6 0 2 4 6716828 12 100000
2008248 2008-09-11 2 5 1 6 7 7092196 31 100000
2008249 2008-09-12 1 5 7 2 7 7053130 22 100000
2008250 2008-09-13 1 8 0 4 7 6279940 11 100000
2008251 2008-09-14 5 9 6 3 5 5953710 46 100000
2008252 2008-09-15 5 1 8 2 8 6526928 86 100000
2008253 2008-09-16 2 0 5 6 4 6927566 79 100000
2008254 2008-09-17 4 3 0 2 9 7103228 30 100000
2008255 2008-09-18 4 7 8 8 5 7734420 8 100000
2008256 2008-09-19 9 2 5 4 0 7465802 66 100000
2008257 2008-09-20 7 5 7 5 1 6964008 74 100000
2008258 2008-09-21 8 2 6 2 2 6849892 16 100000
2008259 2008-09-22 5 8 5 6 8 6987804 43 100000
2008260 2008-09-23 2 7 6 7 1 6917768 27 100000
2008261 2008-09-24 0 1 0 1 0 6834638 96 100000
2008262 2008-09-25 5 8 9 5 6 6724620 15 100000
2008263 2008-09-26 0 4 0 6 1 7030426 14 100000
2008264 2008-09-27 5 3 3 5 4 6755936 14 100000
2008265 2008-09-28 7 2 8 1 3 6466504 99 100000
2008266 2008-09-29 9 3 7 6 9 6392504 30 100000
2008267 2008-09-30 8 5 1 9 7 6221828 60 100000
2008268 2008-10-01 5 9 5 7 0 6016952 22 100000
2008269 2008-10-02 1 1 9 6 8 6362122 33 100000
2008270 2008-10-03 0 4 4 4 2 6401722 31 100000
2008271 2008-10-04 3 5 0 2 0 6092438 23 100000
2008272 2008-10-05 9 3 9 2 7 6092438 23 100000
2008273 2008-10-06 0 7 7 2 8 6705602 16 100000
2008274 2008-10-07 0 2 7 1 8 6693820 22 100000
2008275 2008-10-08 1 2 2 6 2 6691946 9 100000
2008276 2008-10-09 0 2 7 8 2 6807274 14 100000
2008277 2008-10-10 6 2 1 1 3 6816002 18 100000
2008278 2008-10-11 7 9 3 9 8 6129580 20 100000
2008279 2008-10-12 8 9 4 2 2 6257910 24 100000
2008280 2008-10-13 6 5 9 6 0 6513986 54 100000
2008281 2008-10-14 2 1 2 5 8 6740278 35 100000
2008282 2008-10-15 1 5 0 6 7 6692420 27 100000
2008283 2008-10-16 8 0 6 1 7 7143072 67 100000
2008284 2008-10-17 8 5 4 2 7 7180414 26 100000
2008285 2008-10-18 3 4 3 3 3 6535394 53 100000
2008286 2008-10-19 5 1 9 5 6 6169238 37 100000
2008287 2008-10-20 6 7 1 3 7 6662294 16 100000
2008288 2008-10-21 4 3 2 0 4 6803986 48 100000
2008289 2008-10-22 1 4 1 6 4 6787184 17 100000
2008290 2008-10-23 3 3 6 0 8 6868146 22 100000
2008291 2008-10-24 4 9 7 1 9 7104134 33 100000
2008292 2008-10-25 8 4 5 8 1 6552922 60 100000
2008293 2008-10-26 0 9 9 9 2 6631522 14 100000
2008294 2008-10-27 0 9 7 3 4 6633966 0 100000
2008295 2008-10-28 9 4 4 5 6 6529334 32 100000
2008296 2008-10-29 7 6 6 8 8 6673070 19 100000
2008297 2008-10-30 9 4 1 1 8 6889586 49 100000
2008298 2008-10-31 7 2 6 4 2 7178246 16 100000
2008299 2008-11-01 0 7 8 0 5 6587206 36 100000
2008300 2008-11-02 6 8 8 4 5 6389022 34 100000
2008301 2008-11-03 0 2 0 9 5 6671524 13 100000
2008302 2008-11-04 9 0 7 9 0 6512256 52 100000
2008303 2008-11-05 3 9 3 2 1 6626642 53 100000
2008304 2008-11-06 9 7 6 8 7 6935546 12 100000
2008305 2008-11-07 0 1 0 2 8 7084986 74 100000
2008306 2008-11-08 4 8 9 9 0 6629700 20 100000
2008307 2008-11-09 4 5 3 0 0 6552708 9 100000
2008308 2008-11-10 7 4 6 4 2 6714782 54 100000
2008309 2008-11-11 2 5 0 9 2 7077266 9 100000
2008310 2008-11-12 7 9 3 4 0 7053688 71 100000
2008311 2008-11-13 0 7 1 9 2 7381298 10 100000
2008312 2008-11-14 6 3 6 5 1 7466572 64 100000
2008313 2008-11-15 9 7 1 4 7 6853896 20 100000
2008314 2008-11-16 4 4 7 7 2 6867612 14 100000
2008315 2008-11-17 8 8 7 1 5 6851832 24 100000
2008316 2008-11-18 8 4 5 6 5 6663616 29 100000
2008317 2008-11-19 3 8 1 7 0 7047200 41 100000
2008318 2008-11-20 8 0 3 5 3 7379766 28 100000
2008319 2008-11-21 8 8 1 8 4 7436850 31 100000
2008320 2008-11-22 7 4 3 4 6 7034832 28 100000
2008321 2008-11-23 9 9 1 2 6 6933070 26 100000
2008322 2008-11-24 2 3 5 9 6 7236592 38 100000
2008323 2008-11-25 4 6 1 5 7 6998504 32 100000
2008324 2008-11-26 5 4 9 2 8 7381992 51 100000
2008325 2008-11-27 0 8 7 6 8 7579132 39 100000
2008326 2008-11-28 8 0 7 6 7 7814740 27 100000
2008327 2008-11-29 5 5 3 7 9 7044002 32 100000
2008328 2008-11-30 2 0 5 9 7 6946814 12 100000
2008329 2008-12-01 4 2 2 7 3 7353694 28 100000
2008330 2008-12-02 1 7 8 4 8 7139414 169 100000
2008331 2008-12-03 3 7 6 3 7 7518546 21 100000
2008332 2008-12-04 9 0 0 4 5 7593422 34 100000
2008333 2008-12-05 8 8 5 4 2 7294024 10 100000
2008334 2008-12-06 0 7 8 9 4 6852268 12 100000
2008335 2008-12-07 6 2 8 7 9 7049494 84 100000
2008336 2008-12-08 2 9 8 5 2 7418320 16 100000
2008337 2008-12-09 0 1 7 8 4 7252730 12 100000
2008338 2008-12-10 9 9 9 2 9 7470960 78 100000
2008339 2008-12-11 4 5 2 3 5 7411740 112 100000
2008340 2008-12-12 5 6 8 9 2 8137144 27 100000
2008341 2008-12-13 3 5 1 7 9 7378574 35 100000
2008342 2008-12-14 0 0 1 7 1 7506790 14 100000
2008343 2008-12-15 6 1 4 4 9 7275396 57 100000
2008344 2008-12-16 0 7 0 3 2 7596358 29 100000
2008345 2008-12-17 9 2 3 9 1 8044408 25 100000
2008346 2008-12-18 5 5 9 6 1 8213784 16 100000
2008347 2008-12-19 7 9 0 6 3 8081330 45 100000
2008348 2008-12-20 4 1 3 3 2 7393268 55 100000
2008349 2008-12-21 0 8 3 3 9 7029900 62 100000
2008350 2008-12-22 5 5 9 7 9 7196906 16 100000
2008351 2008-12-23 1 6 3 3 4 7387358 5 100000
2008352 2008-12-24 5 7 5 2 8 7537290 47 100000
2008353 2008-12-25 3 7 5 3 1 7854050 6 100000
2008354 2008-12-26 4 7 4 5 0 7823608 11 100000
2008355 2008-12-27 4 8 7 7 3 7182918 5 100000
2008356 2008-12-28 7 1 5 5 2 7166024 33 100000
2008357 2008-12-29 2 8 3 4 5 7643842 79 100000
2008358 2008-12-30 6 9 4 5 9 7732730 19 100000
2008359 2008-12-31 2 1 0 6 9 7707734 13 100000
2009001 2009-01-01 3 2 5 0 4 7075600 26 100000
2009002 2009-01-02 6 1 4 4 4 7331724 50 100000
2009003 2009-01-03 4 8 8 7 7 7300432 44 100000
2009004 2009-01-04 5 0 2 1 0 7359548 30 100000
2009005 2009-01-05 5 2 1 8 4 7399844 16 100000
2009006 2009-01-06 6 5 9 1 8 7406374 33 100000
2009007 2009-01-07 3 4 1 4 7 7661298 10 100000
2009008 2009-01-08 2 4 3 0 3 7828834 28 100000
2009009 2009-01-09 6 6 9 9 7 8000278 49 100000
2009010 2009-01-10 8 6 2 2 9 7124424 51 100000
2009011 2009-01-11 6 5 6 9 5 7189332 15 100000
2009012 2009-01-12 9 6 1 8 3 7409074 13 100000
2009013 2009-01-13 5 5 1 8 4 7471742 23 100000
2009014 2009-01-14 2 9 9 7 2 7437972 18 100000
2009015 2009-01-15 2 7 1 9 7 7527594 17 100000
2009016 2009-01-16 9 7 7 2 4 7888566 11 100000
2009017 2009-01-17 3 5 5 8 7 7250770 18 100000
2009018 2009-01-18 8 8 6 5 6 7144962 65 100000
2009019 2009-01-19 8 3 0 3 1 7349334 67 100000
2009020 2009-01-20 4 6 1 4 3 7283738 45 100000
2009021 2009-01-21 7 0 0 6 8 7409410 47 100000
2009022 2009-01-22 9 1 4 9 6 7307184 43 100000
2009023 2009-01-23 6 6 2 9 8 7255608 10 100000
2009024 2009-01-24 5 1 8 4 7 6497744 77 100000
2009025 2009-02-01 2 7 8 7 2 5976732 41 100000
2009026 2009-02-02 6 6 9 9 1 6030296 20 100000
2009027 2009-02-03 5 8 5 8 0 6157914 47 100000
2009028 2009-02-04 3 3 5 6 9 6397618 41 100000
2009029 2009-02-05 4 7 0 6 6 6815168 15 100000
2009030 2009-02-06 1 0 3 6 8 6970904 34 100000
2009031 2009-02-07 5 4 3 2 2 6556892 28 100000
2009032 2009-02-08 9 8 1 6 0 6428266 15 100000
2009033 2009-02-09 4 7 2 6 8 6748492 30 100000
2009034 2009-02-10 2 3 5 1 1 7029132 41 100000
2009035 2009-02-11 8 1 4 1 6 7206904 36 100000
2009036 2009-02-12 0 3 2 4 3 7346532 9 100000
2009037 2009-02-13 9 0 4 5 6 7517198 14 100000
2009038 2009-02-14 6 3 5 0 8 6917422 36 100000
2009039 2009-02-15 8 4 5 0 3 6779228 8 100000
2009040 2009-02-16 7 3 6 0 5 7212712 21 100000
2009041 2009-02-17 6 7 9 5 0 7060348 23 100000
2009042 2009-02-18 3 1 3 0 2 7072642 25 100000
2009043 2009-02-19 6 2 6 6 0 7150634 23 100000
2009044 2009-02-20 7 3 3 2 7 7338124 42 100000
2009045 2009-02-21 7 7 4 5 4 6833768 8 100000
2009046 2009-02-22 8 0 2 4 2 6808456 25 100000
2009047 2009-02-23 7 1 3 1 7 7277794 37 100000
2009048 2009-02-24 1 3 6 4 1 7219568 11 100000
2009049 2009-02-25 3 7 3 6 7 7372794 96 100000
2009050 2009-02-26 6 9 8 5 4 7627846 48 100000
2009051 2009-02-27 1 0 8 7 7 7709220 36 100000
2009052 2009-02-28 9 2 6 7 8 7180748 40 100000
2009053 2009-03-01 6 2 2 9 5 7147674 24 100000
2009054 2009-03-02 5 4 9 3 2 7265054 83 100000
2009055 2009-03-03 0 4 5 4 1 7597594 10 100000
2009056 2009-03-04 7 9 7 4 0 7661192 27 100000
2009057 2009-03-05 3 8 1 1 7 7658434 31 100000
2009058 2009-03-06 4 3 7 9 4 8081960 46 100000
2009059 2009-03-07 2 1 0 7 3 7746644 37 100000
2009060 2009-03-08 4 1 1 9 7 7446652 21 100000
2009061 2009-03-09 8 0 4 3 5 7721430 20 100000
2009062 2009-03-10 6 7 5 4 7 7726934 72 100000
2009063 2009-03-11 1 5 9 5 2 8212668 132 100000
2009064 2009-03-12 4 6 6 4 7 8175044 29 100000
2009065 2009-03-13 4 5 5 2 1 8604396 19 100000
2009066 2009-03-14 4 7 1 6 7 7864026 34 100000
2009067 2009-03-15 6 9 0 7 7 7994508 11 100000
2009068 2009-03-16 4 1 5 6 3 8408512 9 100000
2009069 2009-03-17 3 2 0 1 4 8150794 136 100000
2009070 2009-03-18 8 4 3 2 4 8545774 16 100000
2009071 2009-03-19 5 0 2 3 0 8372442 28 100000
2009072 2009-03-20 4 7 9 1 2 8664814 81 100000
2009073 2009-03-21 5 4 7 3 9 8055982 39 100000
2009074 2009-03-22 1 6 1 7 6 7995202 38 100000
2009075 2009-03-23 5 2 8 1 9 7992172 117 100000
2009076 2009-03-24 3 7 6 6 8 8362344 78 100000
2009077 2009-03-25 8 5 6 4 5 8742454 77 100000
2009078 2009-03-26 4 9 3 8 4 9081468 92 100000
2009079 2009-03-27 3 2 8 0 3 9421670 22 100000
2009080 2009-03-28 7 9 9 6 4 8507902 22 100000
2009081 2009-03-29 2 8 3 9 0 8199870 12 100000
2009082 2009-03-30 0 3 8 6 8 8489276 12 100000
2009083 2009-03-31 5 0 9 1 4 8125892 52 100000
2009084 2009-04-01 5 7 8 3 0 8282214 23 100000
2009085 2009-04-02 1 9 8 6 4 8321430 33 100000
2009086 2009-04-03 8 0 6 8 3 8500026 16 100000
2009087 2009-04-04 5 0 0 8 4 7600510 18 100000
2009088 2009-04-05 8 0 9 4 2 7184622 68 100000
2009089 2009-04-06 7 8 4 3 6 7620290 102 100000
2009090 2009-04-07 2 1 4 3 7 7931994 18 100000
2009091 2009-04-08 6 1 2 4 5 7915550 62 100000
2009092 2009-04-09 9 2 0 4 6 8317218 37 100000
2009093 2009-04-10 8 8 0 0 5 8648806 5 100000
2009094 2009-04-11 7 9 9 7 9 7534762 33 100000
2009095 2009-04-12 3 0 1 4 2 7443174 24 100000
2009096 2009-04-13 3 5 1 1 2 7833382 16 100000
2009097 2009-04-14 5 9 1 2 6 7431484 22 100000
2009098 2009-04-15 8 6 7 3 5 7650118 58 100000
2009099 2009-04-16 7 6 2 6 3 8275112 12 100000
2009100 2009-04-17 3 3 5 4 4 8693978 96 100000
2009101 2009-04-18 3 7 0 3 1 7933467 10 100000
2009102 2009-04-19 8 9 2 4 6 7602570 39 100000
2009103 2009-04-20 3 9 3 1 4 8198980 16 100000
2009104 2009-04-21 4 7 3 6 5 7863808 125 100000
2009105 2009-04-22 9 5 6 4 2 8046236 67 100000
2009106 2009-04-23 2 0 3 5 0 8567678 65 100000
2009107 2009-04-24 0 4 6 7 2 8380424 24 100000
2009108 2009-04-25 4 0 8 0 0 7673888 12 100000
2009109 2009-04-26 2 4 0 9 8 7287926 11 100000
2009110 2009-04-27 9 4 4 2 7 7602466 58 100000
2009111 2009-04-28 6 7 2 8 5 7488544 86 100000
2009112 2009-04-29 4 2 2 1 7 8006632 22 100000
2009113 2009-04-30 1 7 4 8 6 7713536 22 100000
2009114 2009-05-01 3 0 1 1 5 7244002 26 100000
2009115 2009-05-02 7 9 2 2 9 6969236 29 100000
2009116 2009-05-03 3 3 0 6 3 7071342 7 100000
2009117 2009-05-04 1 9 8 6 8 7381478 32 100000
2009118 2009-05-05 7 6 3 3 4 7525256 55 100000
2009119 2009-05-06 9 6 1 1 8 7785346 43 100000
2009120 2009-05-07 1 0 7 8 7 7981350 13 100000
2009121 2009-05-08 8 8 0 3 5 8005762 34 100000
2009122 2009-05-09 3 5 5 2 5 7407586 24 100000
2009123 2009-05-10 0 7 9 7 5 7000926 13 100000
2009124 2009-05-11 9 4 5 0 7 7393298 25 100000
2009125 2009-05-12 6 3 1 4 1 7668760 36 100000
2009126 2009-05-13 3 0 6 9 8 7630710 38 100000
2009127 2009-05-14 9 9 8 8 2 7761598 100 100000
2009128 2009-05-15 5 1 5 0 6 7712676 76 100000
2009129 2009-05-16 7 1 7 2 0 7136676 32 100000
2009130 2009-05-17 0 6 2 0 5 7240154 17 100000
2009131 2009-05-18 7 5 7 0 9 7515180 9 100000
2009132 2009-05-19 9 9 0 1 5 7331846 49 100000
2009133 2009-05-20 7 5 0 9 7 7450554 17 100000
2009134 2009-05-21 4 4 0 3 2 7595620 15 100000
2009135 2009-05-22 2 0 5 0 0 7805500 31 100000
2009136 2009-05-23 7 8 5 9 7 7037780 18 100000
2009137 2009-05-24 3 1 7 7 4 7019614 44 100000
2009138 2009-05-25 6 3 3 6 3 7580080 201 100000
2009139 2009-05-26 4 2 9 8 1 7414584 177 100000
2009140 2009-05-27 2 8 1 8 1 7827992 21 100000
2009141 2009-05-28 6 0 6 0 4 7234784 28 100000
2009142 2009-05-29 1 4 7 8 9 7399204 49 100000
2009143 2009-05-30 6 1 6 9 8 7608122 54 100000
2009144 2009-05-31 9 7 3 5 5 7637292 74 100000
2009145 2009-06-01 1 8 0 3 4 8137450 38 100000
2009146 2009-06-02 1 8 3 4 9 7780286 22 100000
2009147 2009-06-03 7 4 1 2 7 7633868 49 100000
2009148 2009-06-04 3 4 1 8 2 7978534 6 100000
2009149 2009-06-05 6 2 3 6 9 8002572 39 100000
2009150 2009-06-06 0 0 4 8 2 7659184 5 100000
2009151 2009-06-07 4 9 6 2 3 7337560 17 100000
2009152 2009-06-08 6 3 8 8 2 7644718 28 100000
2009153 2009-06-09 6 9 8 5 6 7649688 29 100000
2009154 2009-06-10 3 2 5 8 8 7652470 59 100000
2009155 2009-06-11 2 0 6 9 7 7876268 24 100000
2009156 2009-06-12 9 0 6 0 3 8116366 9 100000
2009157 2009-06-13 0 6 0 1 7 7268388 22 100000
2009158 2009-06-14 1 4 8 5 8 6848396 102 100000
2009159 2009-06-15 3 8 0 1 1 7601640 35 100000
2009160 2009-06-16 6 2 2 4 7 7261134 47 100000
2009161 2009-06-17 1 8 6 9 3 7645506 64 100000
2009162 2009-06-18 6 7 4 3 7 7796730 20 100000
2009163 2009-06-19 1 2 0 5 7 8178574 25 100000
2009164 2009-06-20 5 5 2 0 2 7098998 37 100000
2009165 2009-06-21 1 6 8 4 6 6979452 38 100000
2009166 2009-06-22 9 3 2 5 6 7698678 17 100000
2009167 2009-06-23 5 2 6 9 7 7438418 62 100000
2009168 2009-06-24 1 0 8 3 6 7729536 58 100000
2009169 2009-06-25 3 7 5 8 0 7885456 128 100000
2009170 2009-06-26 5 4 5 4 3 8172836 78 100000
2009171 2009-06-27 8 1 4 1 9 7503224 153 100000
2009172 2009-06-28 9 4 0 4 7 7515404 18 100000
2009173 2009-06-29 8 1 8 7 6 7975674 49 100000
2009174 2009-06-30 6 8 5 0 4 7518320 39 100000
2009175 2009-07-01 2 0 0 9 7 7706964 92 100000
2009176 2009-07-02 5 1 2 7 1 7758208 90 100000
2009177 2009-07-03 2 2 0 9 0 8198286 24 100000
2009178 2009-07-04 9 9 3 0 1 7414900 12 100000
2009179 2009-07-05 6 3 4 9 7 7297540 51 100000
2009180 2009-07-06 9 0 6 6 6 7805890 6 100000
2009181 2009-07-07 0 6 9 2 2 7525084 91 100000
2009182 2009-07-08 8 9 8 3 9 7510718 17 100000
2009183 2009-07-09 7 5 9 2 7 7525436 31 100000
2009184 2009-07-10 9 0 5 3 7 8237734 12 100000
2009185 2009-07-11 9 0 6 6 1 7441220 5 100000
2009186 2009-07-12 7 6 7 0 7 7130754 50 100000
2009187 2009-07-13 6 2 8 7 1 7589660 35 100000
2009188 2009-07-14 8 5 3 6 6 7472328 46 100000
2009189 2009-07-15 5 7 4 5 4 7711778 137 100000
2009190 2009-07-16 4 5 1 1 3 8197828 39 100000
2009191 2009-07-17 3 2 0 6 0 7968096 79 100000
2009192 2009-07-18 9 3 7 0 3 7501446 12 100000
2009193 2009-07-19 4 2 7 8 2 7435378 9 100000
2009194 2009-07-20 5 6 1 5 7 7588274 67 100000
2009195 2009-07-21 1 4 7 2 7 7796128 60 100000
2009196 2009-07-22 4 3 9 5 7 8147862 13 100000
2009197 2009-07-23 9 4 1 2 7 8053638 42 100000
2009198 2009-07-24 3 5 1 9 4 8520084 51 100000
2009199 2009-07-25 3 7 2 2 9 7959354 38 100000
2009200 2009-07-26 7 1 1 7 4 7474776 14 100000
2009201 2009-07-27 0 1 5 9 7 7581516 9 100000
2009202 2009-07-28 2 0 4 7 3 7443484 22 100000
2009203 2009-07-29 3 0 6 3 7 7624616 26 100000
2009204 2009-07-30 1 2 9 2 7 7666122 32 100000
2009205 2009-07-31 5 8 3 4 0 8008096 64 100000
2009206 2009-08-01 3 6 0 9 6 7418250 16 100000
2009207 2009-08-02 5 5 0 2 1 7203106 15 100000
2009208 2009-08-03 2 5 6 9 0 7420146 25 100000
2009209 2009-08-04 3 7 6 2 1 7452098 40 100000
2009210 2009-08-05 0 1 3 2 7 7858736 21 100000
2009211 2009-08-06 4 1 5 9 7 7933856 98 100000
2009212 2009-08-07 4 8 2 2 6 8627226 49 100000
2009213 2009-08-08 6 4 1 6 9 7725046 78 100000
2009214 2009-08-09 5 0 2 8 5 7547664 53 100000
2009215 2009-08-10 8 7 3 5 2 7629204 107 100000
2009216 2009-08-11 1 8 3 8 5 7670632 13 100000
2009217 2009-08-12 9 9 0 0 4 7723922 53 100000
2009218 2009-08-13 8 4 8 5 4 7636094 24 100000
2009219 2009-08-14 5 3 4 9 1 7685570 45 100000
2009220 2009-08-15 4 1 6 2 2 7352770 41 100000
2009221 2009-08-16 8 2 2 9 7 7554322 61 100000
2009222 2009-08-17 5 5 7 2 0 7885814 21 100000
2009223 2009-08-18 2 0 2 3 5 7607528 14 100000
2009224 2009-08-19 9 6 7 9 5 7611208 29 100000
2009225 2009-08-20 4 4 7 8 7 7668342 3 100000
2009226 2009-08-21 4 6 8 6 7 8045622 36 100000
2009227 2009-08-22 0 8 7 4 3 7711726 24 100000
2009228 2009-08-23 6 0 8 8 6 7651854 142 100000
2009229 2009-08-24 9 1 3 9 1 7974548 66 100000
2009230 2009-08-25 3 2 3 3 0 8001298 65 100000
2009231 2009-08-26 9 4 7 2 8 8081992 48 100000
2009232 2009-08-27 5 4 8 0 1 7809100 27 100000
2009233 2009-08-28 7 3 8 0 8 8132704 53 100000
2009234 2009-08-29 7 3 4 4 7 7333848 15 100000
2009235 2009-08-30 7 0 8 8 0 7288174 33 100000
2009236 2009-08-31 4 5 1 6 9 7691602 597 100000
2009237 2009-09-01 4 8 9 5 2 8232938 28 100000
2009238 2009-09-02 3 6 2 7 0 8517838 30 100000
2009239 2009-09-03 7 6 5 6 5 8567532 11 100000
2009240 2009-09-04 3 7 8 9 5 8700308 23 100000
2009241 2009-09-05 9 8 2 3 2 8413008 34 100000
2009242 2009-09-06 8 8 4 3 3 8168508 20 100000
2009243 2009-09-07 9 0 3 8 1 8173876 32 100000
2009244 2009-09-08 6 4 7 5 0 8033118 91 100000
2009245 2009-09-09 1 5 3 5 8 8533832 28 100000
2009246 2009-09-10 2 2 0 0 0 8650766 14 100000
2009247 2009-09-11 1 5 9 6 1 8216208 22 100000
2009248 2009-09-12 2 0 4 2 7 8018010 17 100000
2009249 2009-09-13 8 9 4 9 3 8061746 15 100000
2009250 2009-09-14 3 6 2 8 9 8384300 37 100000
2009251 2009-09-15 4 1 9 3 2 8279510 71 100000
2009252 2009-09-16 9 9 0 4 6 8548028 41 100000
2009253 2009-09-17 0 9 8 5 2 8248522 26 100000
2009254 2009-09-18 3 1 9 3 2 8628480 19 100000
2009255 2009-09-19 3 1 6 7 4 8000934 20 100000
2009256 2009-09-20 8 7 7 8 4 7684452 12 100000
2009257 2009-09-21 9 0 5 4 9 7901182 45 100000
2009258 2009-09-22 2 0 6 7 6 8002254 12 100000
2009259 2009-09-23 5 4 4 5 7 8216248 82 100000
2009260 2009-09-24 8 6 1 6 3 8420970 285 100000
2009261 2009-09-25 8 0 8 6 8 9354020 25 100000
2009262 2009-09-26 5 2 1 5 5 8016584 18 100000
2009263 2009-09-27 0 5 0 7 9 8173792 19 100000
2009264 2009-09-28 3 3 2 0 0 8413388 22 100000
2009265 2009-09-29 7 7 9 1 2 7936412 142 100000
2009266 2009-09-30 0 8 9 0 1 7966278 18 100000
2009267 2009-10-01 5 4 5 7 4 7150056 29 100000
2009268 2009-10-02 0 7 3 8 6 7415162 17 100000
2009269 2009-10-03 6 4 2 0 2 7116970 18 100000
2009270 2009-10-04 4 7 5 9 3 6879268 22 100000
2009271 2009-10-05 6 9 8 4 3 7428786 25 100000
2009272 2009-10-06 6 3 1 1 0 7302590 27 100000
2009273 2009-10-07 3 2 9 6 0 7697380 28 100000
2009274 2009-10-08 0 7 2 9 0 8141746 17 100000
2009275 2009-10-09 7 3 2 5 9 8877190 14 100000
2009276 2009-10-10 5 2 1 4 4 8604172 33 100000
2009277 2009-10-11 1 7 6 3 9 8394572 16 100000
2009278 2009-10-12 0 8 9 5 7 8608426 39 100000
2009279 2009-10-13 6 3 1 4 7 8511086 32 100000
2009280 2009-10-14 4 0 4 7 1 8667336 69 100000
2009281 2009-10-15 8 1 9 4 9 8695502 30 100000
2009282 2009-10-16 2 4 1 3 0 8926104 32 100000
2009283 2009-10-17 5 6 2 0 8 8031432 134 100000
2009284 2009-10-18 4 8 8 5 0 8379006 10 100000
2009285 2009-10-19 3 6 3 4 6 8613432 27 100000
2009286 2009-10-20 1 8 4 3 6 8538584 22 100000
2009287 2009-10-21 9 7 1 4 1 9003654 42 100000
2009288 2009-10-22 2 0 1 3 9 8684986 11 100000
2009289 2009-10-23 7 3 9 0 2 8933676 52 100000
2009290 2009-10-24 1 3 9 8 5 8420562 24 100000
2009291 2009-10-25 8 3 0 2 6 7991662 33 100000
2009292 2009-10-26 9 6 6 8 5 8245916 9 100000
2009293 2009-10-27 9 0 6 6 6 8088482 26 100000
2009294 2009-10-28 2 7 8 2 7 8170926 47 100000
2009295 2009-10-29 8 0 0 6 0 8799390 19 100000
2009296 2009-10-30 6 4 6 8 9 8649764 54 100000
2009297 2009-10-31 2 3 0 0 5 7934404 14 100000
2009298 2009-11-01 5 6 6 3 8 7918746 41 100000
2009299 2009-11-02 5 3 5 1 1 8041460 7 100000
2009300 2009-11-03 7 5 4 8 8 7920652 25 100000
2009301 2009-11-04 2 2 4 4 5 8288174 15 100000
2009302 2009-11-05 6 1 7 4 2 8640680 104 100000
2009303 2009-11-06 7 3 9 1 0 9214072 27 100000
2009304 2009-11-07 5 2 6 5 9 8295762 208 100000
2009305 2009-11-08 4 8 7 4 4 8557354 14 100000
2009306 2009-11-09 5 4 7 3 2 8855462 15 100000
2009307 2009-11-10 3 9 4 8 9 8300868 27 100000
2009308 2009-11-11 1 0 8 3 2 8441440 21 100000
2009309 2009-11-12 5 9 5 0 6 8295684 28 100000
2009310 2009-11-13 4 7 7 3 8 8754934 43 100000
2009311 2009-11-14 1 9 9 4 3 8032734 14 100000
2009312 2009-11-15 3 3 2 9 5 7674064 20 100000
2009313 2009-11-16 9 3 1 3 4 7755748 16 100000
2009314 2009-11-17 8 8 0 9 5 7901168 58 100000
2009315 2009-11-18 0 5 9 4 1 8090866 26 100000
2009316 2009-11-19 4 8 9 3 5 8340750 43 100000
2009317 2009-11-20 2 9 4 6 9 8740282 46 100000
2009318 2009-11-21 8 2 7 0 2 7780922 36 100000
2009319 2009-11-22 5 3 1 2 5 8008410 34 100000
2009320 2009-11-23 6 8 6 4 8 8578360 122 100000
2009321 2009-11-24 5 9 8 1 5 8380004 41 100000
2009322 2009-11-25 2 2 6 2 1 8802100 8 100000
2009323 2009-11-26 1 2 1 7 5 8849764 22 100000
2009324 2009-11-27 2 7 8 5 4 8648210 30 100000
2009325 2009-11-28 4 5 5 7 9 8193702 25 100000
2009326 2009-11-29 6 0 0 0 6 8010916 31 100000
2009327 2009-11-30 7 8 5 8 9 7924800 10 100000
2009328 2009-12-01 4 1 7 6 4 8124062 44 100000
2009329 2009-12-02 5 2 4 4 4 8658334 20 100000
2009330 2009-12-03 6 7 4 4 6 8693428 9 100000
2009331 2009-12-04 9 4 5 9 5 8881482 71 100000
2009332 2009-12-05 0 5 1 6 6 8278514 76 100000
2009333 2009-12-06 5 9 2 6 3 8253392 24 100000
2009334 2009-12-07 4 8 0 9 3 8534248 9 100000
2009335 2009-12-08 4 0 7 7 2 8411344 24 100000
2009336 2009-12-09 8 3 2 8 6 8524732 28 100000
2009337 2009-12-10 9 8 6 3 3 8966948 13 100000
2009338 2009-12-11 9 7 0 0 4 8942376 11 100000
2009339 2009-12-12 5 2 0 5 0 8412420 27 100000
2009340 2009-12-13 6 8 0 9 5 8337134 14 100000
2009341 2009-12-14 9 3 9 8 3 8629926 26 100000
2009342 2009-12-15 7 8 2 6 6 8227362 13 100000
2009343 2009-12-16 8 3 7 2 8 8489114 38 100000
2009344 2009-12-17 5 3 1 2 1 8669986 59 100000
2009345 2009-12-18 3 7 5 2 3 9067488 47 100000
2009346 2009-12-19 1 5 1 0 2 7983592 75 100000
2009347 2009-12-20 2 0 3 0 5 7848028 66 100000
2009348 2009-12-21 8 2 7 4 5 8597566 41 100000
2009349 2009-12-22 3 0 7 2 1 8552044 14 100000
2009350 2009-12-23 3 3 5 9 9 8570948 18 100000
2009351 2009-12-24 1 5 9 8 7 8530674 45 100000
2009352 2009-12-25 6 2 2 4 9 8853614 53 100000
2009353 2009-12-26 6 6 7 1 6 8193548 35 100000
2009354 2009-12-27 0 7 5 4 9 7834398 19 100000
2009355 2009-12-28 4 4 2 9 3 8554038 33 100000
2009356 2009-12-29 7 8 4 3 3 8316134 20 100000
2009357 2009-12-30 2 5 5 1 7 8579408 45 100000
2009358 2009-12-31 8 2 3 4 0 8692584 75 100000
2010001 2010-01-01 3 2 7 8 4 8464028 16 100000
2010002 2010-01-02 9 8 1 9 5 8061762 69 100000
2010003 2010-01-03 9 1 5 2 7 8438784 31 100000
2010004 2010-01-04 2 3 2 6 0 8573412 44 100000
2010005 2010-01-05 3 8 7 3 2 8143354 50 100000
2010006 2010-01-06 5 2 7 0 1 8589372 29 100000
2010007 2010-01-07 4 2 5 2 4 8743238 33 100000
2010008 2010-01-08 6 4 5 2 6 9180452 24 100000
2010009 2010-01-09 0 3 7 4 3 8172702 46 100000
2010010 2010-01-10 9 2 9 0 8 8198316 30 100000
2010011 2010-01-11 4 2 0 8 8 8247220 15 100000
2010012 2010-01-12 0 8 0 7 4 8013722 18 100000
2010013 2010-01-13 9 3 7 2 8 8096624 50 100000
2010014 2010-01-14 3 9 4 6 1 8740430 142 100000
2010015 2010-01-15 9 5 6 0 8 9096528 22 100000
2010016 2010-01-16 1 0 8 1 7 8290724 129 100000
2010017 2010-01-17 3 8 3 0 9 8367594 29 100000
2010018 2010-01-18 4 3 6 6 5 8799536 68 100000
2010019 2010-01-19 1 8 4 3 4 8723210 19 100000
2010020 2010-01-20 1 7 0 0 4 8854904 6 100000
2010021 2010-01-21 0 8 4 8 9 8577478 7 100000
2010022 2010-01-22 5 7 0 5 2 8819342 32 100000
2010023 2010-01-23 4 5 1 5 8 7925420 20 100000
2010024 2010-01-24 8 3 7 9 0 8211320 35 100000
2010025 2010-01-25 7 4 6 6 8 8655342 21 100000
2010026 2010-01-26 6 8 5 4 0 8536636 28 100000
2010027 2010-01-27 5 0 0 4 9 8678206 12 100000
2010028 2010-01-28 8 9 4 0 8 8594506 19 100000
2010029 2010-01-29 5 5 0 8 6 9140208 20 100000
2010030 2010-01-30 8 0 2 6 3 8522238 29 100000
2010031 2010-01-31 0 1 5 8 7 8206210 8 100000
2010032 2010-02-01 0 9 3 8 0 8329268 8 100000
2010033 2010-02-02 6 6 8 1 3 8074808 38 100000
2010034 2010-02-03 5 6 9 4 0 8055478 12 100000
2010035 2010-02-04 3 4 9 6 3 8457566 20 100000
2010036 2010-02-05 5 6 8 4 9 8592230 15 100000
2010037 2010-02-06 7 7 8 8 7 8060008 41 100000
2010038 2010-02-07 5 9 6 0 5 7551310 22 100000
2010039 2010-02-08 5 1 1 6 3 8116034 12 100000
2010040 2010-02-09 4 0 1 6 7 7757518 26 100000
2010041 2010-02-10 2 3 6 7 4 7596376 108 100000
2010042 2010-02-11 6 0 1 0 8 7455784 14 100000
2010043 2010-02-12 4 0 8 0 9 7489020 17 100000
2010044 2010-02-20 4 1 5 6 3 6611592 18 100000
2010045 2010-02-21 3 6 8 2 7 6649354 54 100000
2010046 2010-02-22 9 6 1 8 1 7116560 18 100000
2010047 2010-02-23 4 0 0 9 6 7390592 12 100000
2010048 2010-02-24 1 2 1 9 6 7293718 14 100000
2010049 2010-02-25 2 5 9 4 4 7277958 48 100000
2010050 2010-02-26 7 3 5 4 6 7783176 103 100000
2010051 2010-02-27 7 3 4 3 5 7396126 27 100000
2010052 2010-02-28 2 0 4 3 3 6850406 20 100000
2010053 2010-03-01 5 4 8 9 7 7107812 25 100000
2010054 2010-03-02 7 9 6 6 4 7700394 96 100000
2010055 2010-03-03 2 3 0 0 4 7809962 11 100000
2010056 2010-03-04 5 3 4 7 6 8090256 50 100000
2010057 2010-03-05 3 7 4 4 3 8269694 53 100000
2010058 2010-03-06 4 1 1 8 5 7872790 61 100000
2010059 2010-03-07 6 2 7 1 4 7587144 129 100000
2010060 2010-03-08 5 7 0 8 9 8036122 14 100000
2010061 2010-03-09 6 0 9 9 5 7953898 6 100000
2010062 2010-03-10 1 4 6 6 5 8030616 15 100000
2010063 2010-03-11 8 4 4 7 0 8361880 16 100000
2010064 2010-03-12 2 6 8 0 9 8536962 53 100000
2010065 2010-03-13 2 0 8 0 8 7960550 50 100000
2010066 2010-03-14 3 6 0 4 2 7795880 16 100000
2010067 2010-03-15 5 8 8 9 3 7970780 24 100000
2010068 2010-03-16 5 9 7 9 7 7924660 25 100000
2010069 2010-03-17 8 5 1 0 0 8224646 17 100000
2010070 2010-03-18 6 6 9 3 8 8235906 47 100000
2010071 2010-03-19 5 7 8 2 5 8521700 98 100000
2010072 2010-03-20 9 7 0 7 4 8122528 30 100000
2010073 2010-03-21 5 5 5 0 1 7827750 75 100000
2010074 2010-03-22 3 4 9 0 0 7769554 20 100000
2010075 2010-03-23 8 5 4 0 9 7851338 39 100000
2010076 2010-03-24 2 7 1 5 4 8348772 54 100000
2010077 2010-03-25 9 9 2 5 3 8668720 21 100000
2010078 2010-03-26 0 4 9 8 2 8880178 52 100000
2010079 2010-03-27 9 5 7 8 1 7892194 41 100000
2010080 2010-03-28 2 6 4 5 6 7817172 24 100000
2010081 2010-03-29 5 9 8 0 0 8479458 44 100000
2010082 2010-03-30 5 0 8 4 0 8238392 13 100000
2010083 2010-03-31 4 6 8 0 1 8614558 25 100000
2010084 2010-04-01 9 2 2 8 6 8318526 45 100000
2010085 2010-04-02 2 9 6 7 7 8307812 30 100000
2010086 2010-04-03 9 6 8 4 9 7602496 38 100000
2010087 2010-04-04 8 1 4 4 7 7569258 35 100000
2010088 2010-04-05 6 0 8 1 5 7814316 51 100000
2010089 2010-04-06 2 4 1 8 4 8129686 173 100000
2010090 2010-04-07 5 9 0 1 4 8584844 33 100000
2010091 2010-04-08 0 7 0 7 2 8839340 10 100000
2010092 2010-04-09 3 0 5 6 7 8532402 20 100000
2010093 2010-04-10 9 7 4 7 1 7920830 8 100000
2010094 2010-04-11 9 5 8 8 8 8193786 103 100000
2010095 2010-04-12 4 7 0 8 0 8607436 53 100000
2010096 2010-04-13 0 5 9 3 9 8668230 66 100000
2010097 2010-04-14 1 4 6 3 7 8603592 101 100000
2010098 2010-04-15 9 3 6 3 9 9223104 17 100000
2010099 2010-04-16 1 6 8 5 6 9114998 82 100000
2010100 2010-04-17 7 1 8 0 5 8647356 32 100000
2010101 2010-04-18 1 4 3 1 7 8329148 19 100000
2010102 2010-04-19 8 8 8 0 7 8830792 55 100000
2010103 2010-04-20 8 1 2 2 3 7896454 30 100000
2010104 2010-04-21 2 4 4 3 4 8151758 12 100000
2010105 2010-04-22 2 8 4 9 0 8341416 9 100000
2010106 2010-04-23 6 9 7 8 4 8596276 19 100000
2010107 2010-04-24 0 5 3 8 9 7971834 139 100000
2010108 2010-04-25 1 3 0 9 5 8076554 19 100000
2010109 2010-04-26 7 7 6 0 9 8294954 16 100000
2010110 2010-04-27 8 1 3 4 7 7999316 44 100000
2010111 2010-04-28 8 7 1 8 7 8579966 16 100000
2010112 2010-04-29 3 7 7 5 7 8448496 25 100000
2010113 2010-04-30 3 4 2 3 0 8341842 27 100000
2010114 2010-05-01 1 3 0 3 5 7196636 5 100000
2010115 2010-05-02 2 2 1 9 2 7108082 21 100000
2010116 2010-05-03 5 0 3 7 3 7404186 63 100000
2010117 2010-05-04 5 6 5 7 9 7817702 21 100000
2010118 2010-05-05 9 6 8 4 1 8055134 69 100000
2010119 2010-05-06 3 3 2 2 6 8311846 32 100000
2010120 2010-05-07 2 1 9 3 6 8294652 153 100000
2010121 2010-05-08 8 2 9 2 1 8016870 22 100000
2010122 2010-05-09 8 3 2 5 5 7765362 30 100000
2010123 2010-05-10 2 6 1 2 7 8032868 44 100000
2010124 2010-05-11 4 7 3 0 4 8124120 74 100000
2010125 2010-05-12 4 8 8 8 4 8609288 73 100000
2010126 2010-05-13 4 8 3 6 9 8439484 29 100000
2010127 2010-05-14 2 7 7 4 2 8765430 23 100000
2010128 2010-05-15 9 1 3 9 1 8130580 65 100000
2010129 2010-05-16 1 0 1 2 1 8217252 35 100000
2010130 2010-05-17 3 9 5 0 8 8236296 41 100000
2010131 2010-05-18 3 3 6 9 6 8307228 18 100000
2010132 2010-05-19 5 4 5 3 1 8356572 27 100000
2010133 2010-05-20 3 4 3 0 3 8688870 7 100000
2010134 2010-05-21 3 5 8 7 0 8712420 37 100000
2010135 2010-05-22 4 0 9 8 6 8022472 31 100000
2010136 2010-05-23 9 2 6 2 6 7942042 30 100000
2010137 2010-05-24 7 7 6 4 6 8166728 18 100000
2010138 2010-05-25 7 2 8 3 0 7869724 37 100000
2010139 2010-05-26 0 4 5 3 4 8459374 9 100000
2010140 2010-05-27 6 3 4 9 7 8487894 170 100000
2010141 2010-05-28 8 3 1 5 4 9047880 50 100000
2010142 2010-05-29 2 6 1 3 4 8385476 19 100000
2010143 2010-05-30 3 7 0 3 5 8247020 42 100000
2010144 2010-05-31 8 6 6 0 6 8655566 16 100000
2010145 2010-06-01 9 3 4 7 3 7922834 56 100000
2010146 2010-06-02 8 1 4 2 5 8473574 49 100000
2010147 2010-06-03 0 0 6 9 5 8757302 5 100000
2010148 2010-06-04 2 7 8 8 2 8539494 82 100000
2010149 2010-06-05 9 6 4 9 7 8164064 20 100000
2010150 2010-06-06 1 0 1 2 6 8142000 21 100000
2010151 2010-06-07 3 0 9 1 9 8333128 45 100000
2010152 2010-06-08 9 9 7 1 3 8249078 11 100000
2010153 2010-06-09 0 0 6 8 1 8143060 6 100000
2010154 2010-06-10 0 6 9 3 8 8344974 19 100000
2010155 2010-06-11 3 3 1 6 1 8702552 24 100000
2010156 2010-06-12 1 3 8 9 3 8190474 76 100000
2010157 2010-06-13 7 0 8 0 2 8129038 15 100000
2010158 2010-06-14 4 8 0 1 1 7541660 29 100000
2010159 2010-06-15 6 4 4 6 2 7192360 13 100000
2010160 2010-06-16 8 7 8 7 6 7207786 25 100000
2010161 2010-06-17 6 3 7 8 7 7741650 23 100000
2010162 2010-06-18 0 1 3 1 8 8497022 53 100000
2010163 2010-06-19 1 3 4 5 3 7809942 26 100000
2010164 2010-06-20 6 8 4 7 3 7599190 22 100000
2010165 2010-06-21 8 4 2 1 9 7959030 39 100000
2010166 2010-06-22 7 8 6 3 7 7942468 50 100000
2010167 2010-06-23 0 9 4 3 8 8264986 16 100000
2010168 2010-06-24 6 7 7 7 7 8235546 12 100000
2010169 2010-06-25 8 4 4 4 9 8003268 104 100000
2010170 2010-06-26 7 3 9 9 4 7969808 22 100000
2010171 2010-06-27 8 0 8 7 1 7674302 15 100000
2010172 2010-06-28 2 3 9 1 7 7861472 18 100000
2010173 2010-06-29 4 0 6 6 6 7849198 33 100000
2010174 2010-06-30 8 4 1 8 4 7823070 41 100000
2010175 2010-07-01 5 6 9 7 7 8116890 18 100000
2010176 2010-07-02 7 7 0 5 3 8191528 44 100000
2010177 2010-07-03 1 9 4 5 4 7534848 16 100000
2010178 2010-07-04 3 5 6 6 3 7587610 26 100000
2010179 2010-07-05 5 1 9 2 5 7826300 60 100000
2010180 2010-07-06 0 8 8 5 7 7620928 8 100000
2010181 2010-07-07 8 0 6 8 7 7980382 41 100000
2010182 2010-07-08 9 4 7 4 1 7765056 97 100000
2010183 2010-07-09 3 3 7 1 3 8748366 19 100000
2010184 2010-07-10 8 2 0 2 6 7870442 18 100000
2010185 2010-07-11 1 3 5 7 9 7715620 237 100000
2010186 2010-07-12 2 8 4 2 8 8077234 30 100000
2010187 2010-07-13 4 1 5 8 3 8397492 54 100000
2010188 2010-07-14 6 8 1 1 9 8339486 45 100000
2010189 2010-07-15 9 1 8 4 2 8789128 20 100000
2010190 2010-07-16 7 5 7 5 4 8764756 50 100000
2010191 2010-07-17 3 5 3 3 8 8228728 36 100000
2010192 2010-07-18 6 1 3 2 4 7815480 37 100000
2010193 2010-07-19 1 1 1 9 1 8139472 40 100000
2010194 2010-07-20 1 4 8 8 4 7520136 34 100000
2010195 2010-07-21 8 0 4 3 4 8280632 18 100000
2010196 2010-07-22 0 5 2 1 2 8372324 56 100000
2010197 2010-07-23 7 7 8 7 7 8605438 52 100000
2010198 2010-07-24 4 6 6 3 5 7973178 32 100000
2010199 2010-07-25 9 8 8 4 6 7991712 18 100000
2010200 2010-07-26 2 0 6 5 5 8350566 29 100000
2010201 2010-07-27 1 8 0 0 5 8104928 45 100000
2010202 2010-07-28 0 5 3 3 9 8109932 8 100000
2010203 2010-07-29 1 0 6 8 6 8241166 40 100000
2010204 2010-07-30 0 3 6 3 4 8604376 9 100000
2010205 2010-07-31 0 4 7 1 9 7812518 3 100000
2010206 2010-08-01 3 5 3 0 3 7718822 10 100000
2010207 2010-08-02 8 2 8 1 2 7867936 38 100000
2010208 2010-08-03 4 6 7 2 2 7821516 11 100000
2010209 2010-08-04 0 8 1 5 3 8097608 23 100000
2010210 2010-08-05 8 0 9 7 9 8345000 62 100000
2010211 2010-08-06 9 3 2 5 2 8829896 29 100000
2010212 2010-08-07 7 8 5 0 1 8021904 23 100000
2010213 2010-08-08 3 9 1 4 0 8039636 61 100000
2010214 2010-08-09 1 2 4 6 4 8270000 36 100000
2010215 2010-08-10 6 6 7 2 5 8211724 99 100000
2010216 2010-08-11 8 2 4 7 0 8227348 15 100000
2010217 2010-08-12 8 9 3 2 3 8660930 25 100000
2010218 2010-08-13 2 4 5 2 9 9122294 29 100000
2010219 2010-08-14 6 8 5 5 1 8186130 17 100000
2010220 2010-08-15 2 9 5 1 4 8211648 22 100000
2010221 2010-08-16 6 8 3 8 0 8467748 17 100000
2010222 2010-08-17 1 4 0 4 1 8371054 28 100000
2010223 2010-08-18 5 7 4 0 2 8568926 73 100000
2010224 2010-08-19 6 7 4 5 4 8886882 15 100000
2010225 2010-08-20 9 9 7 3 9 8984096 58 100000
2010226 2010-08-21 5 0 4 3 5 8129480 11 100000
2010227 2010-08-22 2 3 9 2 1 8055102 41 100000
2010228 2010-08-23 9 4 7 8 1 8541072 20 100000
2010229 2010-08-24 6 7 6 5 6 8452174 57 100000
2010230 2010-08-25 8 5 4 0 9 8178876 47 100000
2010231 2010-08-26 0 6 6 0 2 8739464 14 100000
2010232 2010-08-27 1 9 5 0 3 8786962 16 100000
2010233 2010-08-28 5 3 4 2 4 7981984 20 100000
2010234 2010-08-29 3 7 9 2 7 8072922 197 100000
2010235 2010-08-30 3 0 0 7 3 8618854 32 100000
2010236 2010-08-31 1 7 3 9 8 7876200 37 100000
2010237 2010-09-01 9 0 3 8 7 8216140 20 100000
2010238 2010-09-02 6 8 7 8 5 8274962 23 100000
2010239 2010-09-03 4 1 4 1 3 8957132 56 100000
2010240 2010-09-04 3 3 1 5 9 8200808 21 100000
2010241 2010-09-05 2 5 1 2 0 8207842 37 100000
2010242 2010-09-06 0 9 5 3 2 8304764 52 100000
2010243 2010-09-07 4 8 8 6 4 8268036 50 100000
2010244 2010-09-08 4 8 2 3 1 8561104 5 100000
2010245 2010-09-09 4 8 4 3 1 8636770 13 100000
2010246 2010-09-10 5 3 0 7 8 8626310 137 100000
2010247 2010-09-11 8 8 5 0 7 8297828 23 100000
2010248 2010-09-12 2 0 4 8 3 8156882 42 100000
2010249 2010-09-13 6 9 5 4 4 8523990 34 100000
2010250 2010-09-14 0 8 2 7 5 8470778 14 100000
2010251 2010-09-15 6 9 8 9 3 8428044 8 100000
2010252 2010-09-16 2 9 9 5 2 8451394 11 100000
2010253 2010-09-17 6 7 5 9 3 8627448 9 100000
2010254 2010-09-18 3 5 8 0 9 8022410 41 100000
2010255 2010-09-19 9 7 1 8 0 8145234 18 100000
2010256 2010-09-20 1 7 9 5 3 8289860 24 100000
2010257 2010-09-21 9 6 9 6 9 7889766 101 100000
2010258 2010-09-22 9 5 8 5 8 6852750 330 100000
2010259 2010-09-23 2 4 3 5 4 8019054 25 100000
2010260 2010-09-24 8 8 1 8 9 8573324 25 100000
2010261 2010-09-25 3 3 3 7 5 8694944 27 100000
2010262 2010-09-26 1 8 5 9 6 8094318 52 100000
2010263 2010-09-27 4 2 5 2 3 8742206 61 100000
2010264 2010-09-28 4 4 5 2 1 8510746 47 100000
2010265 2010-09-29 8 4 6 7 9 8367462 20 100000
2010266 2010-09-30 2 3 5 8 1 8208982 58 100000
2010267 2010-10-01 7 0 3 9 1 7846556 25 100000
2010268 2010-10-02 5 9 3 1 4 7280552 32 100000
2010269 2010-10-03 1 6 3 3 5 7195244 12 100000
2010270 2010-10-04 1 1 7 1 9 7594344 17 100000
2010271 2010-10-05 5 2 1 1 8 7249688 62 100000
2010272 2010-10-06 6 7 0 6 6 7874592 83 100000
2010273 2010-10-07 7 7 2 6 7 8281074 26 100000
2010274 2010-10-08 4 1 1 1 6 8674796 6 100000
2010275 2010-10-09 6 8 0 2 0 7972668 23 100000
2010276 2010-10-10 2 8 0 1 8 7787828 22 100000
2010277 2010-10-11 6 2 3 8 7 8213266 87 100000
2010278 2010-10-12 1 8 8 5 4 8225842 53 100000
2010279 2010-10-13 6 8 5 4 4 8398022 27 100000
2010280 2010-10-14 1 5 2 4 3 8715734 67 100000
2010281 2010-10-15 2 7 3 2 0 8638946 75 100000
2010282 2010-10-16 5 3 8 3 7 8132428 88 100000
2010283 2010-10-17 0 4 7 0 7 8109686 40 100000
2010284 2010-10-18 2 1 0 3 2 8399726 11 100000
2010285 2010-10-19 7 4 7 4 4 8068166 47 100000
2010286 2010-10-20 9 6 0 9 3 8460514 35 100000
2010287 2010-10-21 1 6 7 3 9 8632698 6 100000
2010288 2010-10-22 4 6 0 3 0 8925150 16 100000
2010289 2010-10-23 1 3 4 7 5 7823886 6 100000
2010290 2010-10-24 3 9 9 7 9 7893467 17 100000
2010291 2010-10-25 1 5 0 7 4 8007558 15 100000
2010292 2010-10-26 1 2 2 4 7 7989406 42 100000
2010293 2010-10-27 1 2 9 2 0 8039510 15 100000
2010294 2010-10-28 0 4 0 3 7 7920170 31 100000
2010295 2010-10-29 2 3 8 2 2 8443090 52 100000
2010296 2010-10-30 4 4 8 9 2 8028398 13 100000
2010297 2010-10-31 5 2 0 2 7 7807320 83 100000
2010298 2010-11-01 7 8 6 6 4 8259794 42 100000
2010299 2010-11-02 2 2 5 8 8 8078818 42 100000
2010300 2010-11-03 5 9 6 9 6 8155016 40 100000
2010301 2010-11-04 3 5 6 0 2 8692528 27 100000
2010302 2010-11-05 0 9 1 1 1 8744814 61 100000
2010303 2010-11-06 0 7 0 0 6 7778928 5 100000
2010304 2010-11-07 3 3 2 9 8 7538210 73 100000
2010305 2010-11-08 9 3 7 3 0 8157730 27 100000
2010306 2010-11-09 4 0 5 7 5 8146512 109 100000
2010307 2010-11-10 2 1 9 4 1 8284474 39 100000
2010308 2010-11-11 2 3 2 3 6 8572796 28 100000
2010309 2010-11-12 0 2 6 5 8 8874388 50 100000
2010310 2010-11-13 3 8 7 0 9 7982666 42 100000
2010311 2010-11-14 5 9 8 2 4 7831780 57 100000
2010312 2010-11-15 1 3 8 0 6 8422264 17 100000
2010313 2010-11-16 8 7 8 0 4 8381956 5 100000
2010314 2010-11-17 6 7 5 6 0 8371714 28 100000
2010315 2010-11-18 0 5 5 7 2 8319948 17 100000
2010316 2010-11-19 3 2 9 9 2 8555860 26 100000
2010317 2010-11-20 1 8 2 4 5 8270360 110 100000
2010318 2010-11-21 4 5 4 3 6 8186548 55 100000
2010319 2010-11-22 7 3 3 7 7 8620582 185 100000
2010320 2010-11-23 2 8 3 9 4 8337778 38 100000
2010321 2010-11-24 0 2 7 2 9 8943720 114 100000
2010322 2010-11-25 8 4 0 9 3 9345718 39 100000
2010323 2010-11-26 4 7 4 4 1 9775092 49 100000
2010324 2010-11-27 1 2 7 8 0 8628858 40 100000
2010325 2010-11-28 8 4 6 0 7 8678626 18 100000
2010326 2010-11-29 1 5 9 4 3 9008218 33 100000
2010327 2010-11-30 3 7 6 0 3 8884854 22 100000
2010328 2010-12-01 8 5 3 9 0 9194918 21 100000
2010329 2010-12-02 3 6 6 3 7 9056956 66 100000
2010330 2010-12-03 6 8 1 7 4 9353854 106 100000
2010331 2010-12-04 4 4 3 0 6 8849314 15 100000
2010332 2010-12-05 4 2 4 9 6 8580638 3 100000
2010333 2010-12-06 8 6 7 3 3 8878150 48 100000
2010334 2010-12-07 3 5 4 1 4 8705422 12 100000
2010335 2010-12-08 6 5 5 3 9 8984166 220 100000
2010336 2010-12-09 8 7 8 6 9 9224754 180 100000
2010337 2010-12-10 8 9 5 2 7 9367580 42 100000
2010338 2010-12-11 7 5 4 7 1 8552822 13 100000
2010339 2010-12-12 5 9 9 6 4 8593830 20 100000
2010340 2010-12-13 0 9 4 4 2 8764838 29 100000
2010341 2010-12-14 9 4 3 1 2 8267762 83 100000
2010342 2010-12-15 3 7 6 5 4 8129516 57 100000
2010343 2010-12-16 1 6 8 3 5 8831810 135 100000
2010344 2010-12-17 3 3 2 3 7 9771354 37 100000
2010345 2010-12-18 7 4 1 1 3 8829450 39 100000
2010346 2010-12-19 3 8 3 8 4 8720216 35 100000
2010347 2010-12-20 3 2 2 9 6 9355764 18 100000
2010348 2010-12-21 4 8 4 7 0 9028442 7 100000
2010349 2010-12-22 6 7 0 7 3 9340846 48 100000
2010350 2010-12-23 8 9 0 5 5 9492178 92 100000
2010351 2010-12-24 5 7 2 5 2 9471406 87 100000
2010352 2010-12-25 1 1 2 4 2 8874094 14 100000
2010353 2010-12-26 1 6 9 7 8 8598012 58 100000
2010354 2010-12-27 1 6 7 5 9 8978276 12 100000
2010355 2010-12-28 5 4 5 9 5 8989526 22 100000
2010356 2010-12-29 8 6 8 7 2 9193564 23 100000
2010357 2010-12-30 1 7 1 3 8 9190008 55 100000
2010358 2010-12-31 3 1 1 5 2 9396904 18 100000
2011001 2011-01-01 9 2 8 5 0 7933858 9 100000
2011002 2011-01-02 6 7 6 0 5 7915592 51 100000
2011003 2011-01-03 9 3 3 9 2 8444594 14 100000
2011004 2011-01-04 5 5 0 5 5 8660908 67 100000
2011005 2011-01-05 4 9 1 7 7 8717220 35 100000
2011006 2011-01-06 3 5 9 9 0 9003228 23 100000
2011007 2011-01-07 8 8 4 9 1 9506288 27 100000
2011008 2011-01-08 5 3 4 4 7 8903030 42 100000
2011009 2011-01-09 1 5 6 6 5 8773062 29 100000
2011010 2011-01-10 9 1 7 3 2 9108526 42 100000
2011011 2011-01-11 5 0 2 2 1 9148118 9 100000
2011012 2011-01-12 6 8 7 5 7 9048272 24 100000
2011013 2011-01-13 1 8 7 2 4 9370798 8 100000
2011014 2011-01-14 8 1 0 8 2 9462068 14 100000
2011015 2011-01-15 7 1 7 3 8 8662078 31 100000
2011016 2011-01-16 8 1 6 0 8 8390986 26 100000
2011017 2011-01-17 1 8 4 7 6 8804892 61 100000
2011018 2011-01-18 9 0 3 8 4 8833538 42 100000
2011019 2011-01-19 3 2 8 7 6 8906176 35 100000
2011020 2011-01-20 5 7 8 7 3 9207310 41 100000
2011021 2011-01-21 5 7 8 7 3 9474832 228 100000
2011022 2011-01-22 0 0 8 9 1 8932356 21 100000
2011023 2011-01-23 7 4 1 4 3 8647658 35 100000
2011024 2011-01-24 4 8 7 5 3 9226884 33 100000
2011025 2011-01-25 3 5 2 3 2 9329872 63 100000
2011026 2011-01-26 7 9 7 2 1 9500394 60 100000
2011027 2011-01-27 2 1 2 9 2 9285900 32 100000
2011028 2011-01-28 1 3 4 2 7 9290538 74 100000
2011029 2011-01-29 3 6 5 4 0 8787804 31 100000
2011030 2011-01-30 4 9 3 3 1 8769398 56 100000
2011031 2011-01-31 8 6 4 9 4 8765742 16 100000
2011032 2011-02-01 3 4 9 2 6 8283720 21 100000
2011033 2011-02-09 0 6 2 8 3 7759682 10 100000
2011034 2011-02-10 4 8 9 4 4 7753190 13 100000
2011035 2011-02-11 7 4 4 9 6 8577556 109 100000
2011036 2011-02-12 1 6 3 8 4 8232156 52 100000
2011037 2011-02-13 7 0 5 7 9 8034468 11 100000
2011038 2011-02-14 0 1 6 4 8 8288614 23 100000
2011039 2011-02-15 2 6 0 7 0 8274468 5 100000
2011040 2011-02-16 1 1 7 0 6 8367424 28 100000
2011041 2011-02-17 4 4 9 5 5 8251642 22 100000
2011042 2011-02-18 3 3 7 8 0 8601096 14 100000
2011043 2011-02-19 2 8 6 9 9 8277714 13 100000
2011044 2011-02-20 4 1 6 8 4 8361412 28 100000
2011045 2011-02-21 5 7 9 1 7 8639678 86 100000
2011046 2011-02-22 9 0 9 4 5 8762460 159 100000
2011047 2011-02-23 3 6 7 1 2 8732718 49 100000
2011048 2011-02-24 6 2 1 6 0 9315838 120 100000
2011049 2011-02-25 4 5 9 6 3 9512078 48 100000
2011050 2011-02-26 0 6 7 4 6 8793056 14 100000
2011051 2011-02-27 6 8 4 4 6 8852440 3 100000
2011052 2011-02-28 5 0 9 5 1 8876150 33 100000
2011053 2011-03-01 8 3 5 5 9 8727904 43 100000
2011054 2011-03-02 7 6 0 4 4 847864 16 100000
2011055 2011-03-03 8 3 5 9 9 9501346 47 100000
2011056 2011-03-04 6 0 9 2 9 9884340 22 100000
2011057 2011-03-05 3 6 6 4 5 9311548 92 100000
2011058 2011-03-06 6 6 4 4 0 8885394 13 100000
2011059 2011-03-07 3 9 8 2 4 9282274 19 100000
2011060 2011-03-08 1 4 4 8 3 9046808 34 100000
2011061 2011-03-09 4 1 6 5 5 9165170 152 100000
2011062 2011-03-10 6 2 8 0 7 9739364 56 100000
2011063 2011-03-11 1 4 1 5 1 10032790 58 100000
2011064 2011-03-12 6 9 0 1 9 8894322 63 100000
2011065 2011-03-13 7 2 1 1 1 8820184 30 100000
2011066 2011-03-14 0 7 9 0 6 8820184 30 100000
2011067 2011-03-15 4 1 3 1 9 8588806 53 100000
2011068 2011-03-16 5 0 0 8 8 8941902 63 100000
2011069 2011-03-17 2 8 5 9 5 8806486 97 100000
2011070 2011-03-18 8 9 2 4 7 9773458 37 100000
2011071 2011-03-19 0 7 1 4 5 9096846 18 100000
2011072 2011-03-20 7 9 9 2 3 8928454 29 100000
2011073 2011-03-21 0 6 3 8 7 8828072 15 100000
2011074 2011-03-22 7 8 4 4 9 9287886 29 100000
2011075 2011-03-23 9 5 3 3 5 9399704 45 100000
2011076 2011-03-24 6 6 7 7 0 9731532 82 100000
2011077 2011-03-25 7 8 7 5 7 9865840 20 100000
2011078 2011-03-26 5 4 4 9 6 8845776 70 100000
2011079 2011-03-27 8 2 3 4 0 9114190 31 100000
2011080 2011-03-28 9 4 3 2 7 9590590 20 100000
2011081 2011-03-29 7 4 8 6 6 9354926 24 100000
2011082 2011-03-30 1 7 1 0 6 9393724 49 100000
2011083 2011-03-31 8 3 5 7 8 9548736 54 100000
2011084 2011-04-01 2 5 2 1 3 10078220 68 100000
2011085 2011-04-02 9 9 5 8 6 9176978 45 100000
2011086 2011-04-03 9 4 1 2 4 8908936 146 100000
2011087 2011-04-04 0 9 2 2 2 8970562 117 100000
2011088 2011-04-05 6 7 0 7 8 8352306 50 100000
2011089 2011-04-06 1 2 4 0 5 9093642 25 100000
2011090 2011-04-07 0 8 7 7 3 9631938 18 100000
2011091 2011-04-08 2 2 2 1 5 10171508 117 100000
2011092 2011-04-09 7 4 9 0 2 8706836 84 100000
2011093 2011-04-10 5 0 0 4 9 9168878 22 100000
2011094 2011-04-11 1 5 9 5 7 9196662 60 100000
2011095 2011-04-12 8 4 4 7 4 9298716 49 100000
2011096 2011-04-13 0 9 7 4 9 9550372 61 100000
2011097 2011-04-14 6 7 9 1 2 9877548 66 100000
2011098 2011-04-15 1 8 7 9 5 10388102 20 100000
2011099 2011-04-16 8 2 9 4 1 9286214 52 100000
2011100 2011-04-17 2 3 2 8 7 9209540 48 100000
2011101 2011-04-18 2 7 5 8 5 9406000 84 100000
2011102 2011-04-19 9 0 9 8 3 9495954 9 100000
2011103 2011-04-20 4 7 2 0 8 9360812 32 100000
2011104 2011-04-21 5 8 9 0 4 9706026 12 100000
2011105 2011-04-22 7 0 0 7 7 10045180 32 100000
2011106 2011-04-23 6 5 0 1 0 8639790 57 100000
2011107 2011-04-24 9 2 4 1 5 8981896 41 100000
2011108 2011-04-25 3 3 0 7 4 9340262 8 100000
2011109 2011-04-26 2 2 2 4 2 9051646 57 100000
2011110 2011-04-27 3 5 1 0 4 8547858 29 100000
2011111 2011-04-28 2 5 2 4 4 9384432 27 100000
2011112 2011-04-29 0 9 8 4 3 9145530 10 100000
2011113 2011-04-30 7 3 3 2 5 8101778 59 100000
2011114 2011-05-01 3 9 8 9 0 7932902 19 100000
2011115 2011-05-02 3 7 5 1 5 8222198 40 100000
2011116 2011-05-03 7 4 0 9 8 8608426 43 100000
2011117 2011-05-04 7 0 4 1 7 8997204 25 100000
2011118 2011-05-05 0 7 5 6 0 8881118 17 100000
2011119 2011-05-06 2 9 5 0 6 9318084 17 100000
2011120 2011-05-07 9 8 3 2 4 8378216 23 100000
2011121 2011-05-08 6 4 9 5 4 8497804 33 100000
2011122 2011-05-09 0 3 3 9 3 8857064 12 100000
2011123 2011-05-10 5 3 5 9 0 8417124 19 100000
2011124 2011-05-11 7 7 4 1 7 8496260 103 100000
2011125 2011-05-12 3 2 7 3 4 8952668 93 100000
2011126 2011-05-13 2 9 9 8 7 9499988 32 100000
2011127 2011-05-14 5 4 3 6 2 8424866 35 100000
2011128 2011-05-15 7 3 3 4 2 8476066 12 100000
2011129 2011-05-16 4 2 0 5 9 8541012 50 100000
2011130 2011-05-17 0 5 9 6 2 8425420 15 100000
2011131 2011-05-18 2 3 3 8 5 8639210 29 100000
2011132 2011-05-19 6 5 2 9 7 8798206 20 100000
2011133 2011-05-20 4 8 7 5 5 9350346 69 100000
2011134 2011-05-21 4 1 9 3 3 8224230 79 100000
2011135 2011-05-22 4 3 7 2 8 8347162 30 100000
2011136 2011-05-23 3 9 6 1 2 8757676 30 100000
2011137 2011-05-24 2 4 3 2 9 8703598 33 100000
2011138 2011-05-25 9 0 7 1 3 8816554 23 100000
2011139 2011-05-26 5 3 8 6 0 9058642 38 100000
2011140 2011-05-27 8 0 7 8 2 9466938 10 100000
2011141 2011-05-28 6 3 9 8 0 8319442 46 100000
2011142 2011-05-29 8 8 9 8 6 8423178 20 100000
2011143 2011-05-30 0 5 2 8 7 8265854 6 100000
2011144 2011-05-31 1 2 4 2 2 8352104 10 100000
2011145 2011-06-01 1 0 7 2 1 8215154 24 100000
2011146 2011-06-02 3 7 9 4 2 8473202 166 100000
2011147 2011-06-03 8 8 7 2 7 9364898 43 100000
2011148 2011-06-04 5 8 9 5 4 8218662 42 100000
2011149 2011-06-05 8 8 4 6 8 8223618 12 100000
2011150 2011-06-06 8 6 5 5 2 7961746 15 100000
2011151 2011-06-07 9 8 5 6 8 8150186 11 100000
2011152 2011-06-08 9 7 4 1 0 8259166 21 100000
2011153 2011-06-09 6 2 9 5 4 8500736 36 100000
2011154 2011-06-10 7 6 5 4 7 9358476 43 100000
2011155 2011-06-11 6 5 2 2 0 8364036 16 100000
2011156 2011-06-12 2 4 1 0 2 8193600 26 100000
2011157 2011-06-13 4 1 9 3 9 8314640 75 100000
2011158 2011-06-14 1 0 4 6 5 8544922 17 100000
2011159 2011-06-15 8 9 6 9 5 8588400 19 100000
2011160 2011-06-16 7 1 3 0 6 8747938 24 100000
2011161 2011-06-17 8 1 5 7 9 8980990 39 100000
2011162 2011-06-18 2 3 9 4 1 8061284 50 100000
2011163 2011-06-19 3 7 8 6 9 8384602 33 100000
2011164 2011-06-20 6 8 9 1 7 8772528 62 100000
2011165 2011-06-21 5 7 8 5 1 8769542 48 100000
2011166 2011-06-22 8 2 6 8 6 8899764 61 100000
2011167 2011-06-23 4 6 2 0 1 9142452 16 100000
2011168 2011-06-24 2 9 7 0 8 9488560 38 100000
2011169 2011-06-25 5 2 0 7 7 8462576 36 100000
2011170 2011-06-26 3 5 3 5 2 8545554 149 100000
2011171 2011-06-27 9 9 1 6 3 8621684 40 100000
2011172 2011-06-28 2 6 6 7 4 8268046 76 100000
2011173 2011-06-29 9 1 7 2 8 8438638 47 100000
2011174 2011-06-30 3 1 0 9 5 8574638 23 100000
2011175 2011-07-01 9 0 9 7 9 8957956 28 100000
2011176 2011-07-02 5 7 2 1 8 7988870 86 100000
2011177 2011-07-03 8 4 3 2 4 8145074 58 100000
2011178 2011-07-04 1 9 0 1 4 8496366 21 100000
2011179 2011-07-05 1 2 3 3 0 8076040 27 100000
2011180 2011-07-06 5 5 3 8 8 7969596 24 100000
2011181 2011-07-07 5 9 9 9 6 8256772 6 100000
2011182 2011-07-08 2 6 2 0 6 8639850 33 100000
2011183 2011-07-09 7 9 3 1 4 8039496 29 100000
2011184 2011-07-10 0 3 9 8 3 8035358 21 100000
2011185 2011-07-11 4 5 7 8 6 8257796 33 100000
2011186 2011-07-12 7 7 5 9 0 8240496 21 100000
2011187 2011-07-13 8 1 2 6 4 8192784 36 100000
2011188 2011-07-14 7 6 8 0 7 8491016 34 100000
2011189 2011-07-15 0 0 3 8 0 9045646 37 100000
2011190 2011-07-16 1 2 5 7 3 7768930 45 100000
2011191 2011-07-17 4 1 9 7 3 7984460 14 100000
2011192 2011-07-18 8 1 2 2 7 8236682 27 100000
2011193 2011-07-19 7 0 0 5 8 8016546 32 100000
2011194 2011-07-20 8 8 9 8 8 8126220 116 100000
2011195 2011-07-21 8 6 1 0 7 8115352 37 100000
2011196 2011-07-22 7 0 8 1 2 8851878 56 100000
2011197 2011-07-23 3 1 8 4 7 8153162 54 100000
2011198 2011-07-24 6 6 8 4 2 7950512 8 100000
2011199 2011-07-25 0 0 4 9 3 7922484 12 100000
2011200 2011-07-26 7 6 9 6 9 7816696 17 100000
2011201 2011-07-27 6 7 9 5 2 8183398 22 100000
2011202 2011-07-28 6 3 3 9 2 8383522 17 100000
2011203 2011-07-29 5 8 3 8 8 8537924 40 100000
2011204 2011-07-30 5 8 7 8 7 7980364 43 100000
2011205 2011-07-31 6 7 5 9 8 8075898 42 100000
2011206 2011-08-01 8 5 2 9 0 8408982 11 100000
2011207 2011-08-02 6 4 8 1 8 8290786 78 100000
2011208 2011-08-03 6 1 5 6 6 8532764 23 100000
2011209 2011-08-04 2 8 1 3 4 8732936 27 100000
2011210 2011-08-05 9 7 6 6 9 9054068 29 100000
2011211 2011-08-06 3 2 6 6 5 8296038 11 100000
2011212 2011-08-07 3 3 1 6 1 7993376 26 100000
2011213 2011-08-08 8 0 6 5 6 8167464 47 100000
2011214 2011-08-09 2 5 4 1 3 8216182 66 100000
2011215 2011-08-10 7 9 7 6 4 8262732 65 100000
2011216 2011-08-11 5 0 6 7 3 8661804 14 100000
2011217 2011-08-12 6 0 7 2 1 8899800 26 100000
2011218 2011-08-13 9 0 5 6 9 7946676 13 100000
2011219 2011-08-14 5 4 7 4 2 7760188 46 100000
2011220 2011-08-15 6 0 4 6 4 8501454 27 100000
2011221 2011-08-16 3 6 9 4 0 8506522 16 100000
2011222 2011-08-17 4 3 5 9 0 8551552 19 100000
2011223 2011-08-18 6 7 7 2 7 8853310 52 100000
2011224 2011-08-19 4 7 8 9 4 9044438 47 100000
2011225 2011-08-20 8 8 6 9 0 8371348 17 100000
2011226 2011-08-21 6 3 2 6 6 8155268 38 100000
2011227 2011-08-22 8 2 1 0 8 8473918 35 100000
2011228 2011-08-23 3 2 4 9 7 8324320 12 100000
2011229 2011-08-24 1 0 5 2 3 8545152 21 100000
2011230 2011-08-25 8 7 4 4 8 8472634 27 100000
2011231 2011-08-26 8 5 3 9 2 9139930 44 100000
2011232 2011-08-27 9 2 3 1 2 8335200 25 100000
2011233 2011-08-28 5 6 1 9 2 8234132 11 100000
2011234 2011-08-29 0 9 3 2 0 8613008 7 100000
2011235 2011-08-30 3 0 4 0 7 8519708 55 100000
2011236 2011-08-31 7 3 7 2 7 8935210 61 100000
2011237 2011-09-01 3 7 2 4 5 8690892 56 100000
2011238 2011-09-02 0 1 3 7 2 9310014 31 100000
2011239 2011-09-03 8 8 2 6 6 8492550 23 100000
2011240 2011-09-04 0 8 6 3 0 8206670 24 100000
2011241 2011-09-05 6 4 8 3 7 8673362 56 100000
2011242 2011-09-06 9 6 7 7 4 8535994 118 100000
2011243 2011-09-07 7 2 1 5 9 9235430 91 100000
2011244 2011-09-08 9 6 2 3 5 9310662 19 100000
2011245 2011-09-09 3 1 0 5 0 9672646 10 100000
2011246 2011-09-10 0 1 4 6 9 8511602 4 100000
2011247 2011-09-11 4 3 0 1 7 8112888 10 100000
2011248 2011-09-12 4 4 2 9 1 8244384 10 100000
2011249 2011-09-13 7 5 6 5 8 8308038 75 100000
2011250 2011-09-14 3 4 3 7 6 8910654 50 100000
2011251 2011-09-15 4 3 1 7 4 9083368 74 100000
2011252 2011-09-16 4 3 2 4 0 9695736 18 100000
2011253 2011-09-17 6 1 0 1 8 8477504 58 100000
2011254 2011-09-18 8 5 3 0 1 8647330 11 100000
2011255 2011-09-19 5 4 6 1 7 8837852 43 100000
2011256 2011-09-20 9 8 5 3 9 9058160 68 100000
2011257 2011-09-21 1 6 1 6 8 9601988 97 100000
2011258 2011-09-22 3 7 0 8 0 9188298 15 100000
2011259 2011-09-23 8 6 7 6 0 9707254 29 100000
2011260 2011-09-24 6 5 3 9 0 8841914 25 100000
2011261 2011-09-25 5 8 7 7 8 8798658 37 100000
2011262 2011-09-26 9 2 5 1 9 9264562 116 100000
2011263 2011-09-27 5 0 3 2 9 9369704 23 100000
2011264 2011-09-28 3 7 9 6 9 9435510 17 100000
2011265 2011-09-29 4 9 8 5 5 9265768 104 100000
2011266 2011-09-30 4 9 8 8 4 9479860 13 100000
2011267 2011-10-01 7 8 6 3 7 7698376 73 100000
2011268 2011-10-02 3 7 8 1 6 7740156 59 100000
2011269 2011-10-03 8 7 6 8 8 8366414 28 100000
2011270 2011-10-04 1 5 5 3 7 8128076 14 100000
2011271 2011-10-05 0 1 4 8 9 8409962 17 100000
2011272 2011-10-06 9 4 6 6 3 8683546 21 100000
2011273 2011-10-07 8 3 2 1 7 9595808 90 100000
2011274 2011-10-08 3 5 9 5 2 9342658 143 100000
2011275 2011-10-09 0 5 9 9 7 9175392 11 100000
2011276 2011-10-10 8 8 0 6 8 9225792 115 100000
2011277 2011-10-11 3 2 4 3 8 8736606 16 100000
2011278 2011-10-12 9 5 1 8 9 9156954 52 100000
2011279 2011-10-13 3 8 2 1 2 9131654 26 100000
2011280 2011-10-14 8 7 5 0 0 9754022 34 100000
2011281 2011-10-15 2 1 4 8 7 8876918 57 100000
2011282 2011-10-16 8 9 3 8 6 8837988 17 100000
2011283 2011-10-17 9 0 5 7 4 9138220 69 100000
2011284 2011-10-18 2 0 5 6 5 9103898 18 100000
2011285 2011-10-19 2 6 4 7 2 8938378 18 100000
2011286 2011-10-20 2 3 1 4 6 9037800 17 100000
2011287 2011-10-21 6 7 2 0 0 9679616 73 100000
2011288 2011-10-22 6 2 9 4 9 8837482 16 100000
2011289 2011-10-23 5 0 4 4 6 8504462 22 100000
2011290 2011-10-24 6 0 4 4 5 8907966 20 100000
2011291 2011-10-25 0 9 3 4 7 8610778 5 100000
2011292 2011-10-26 3 9 3 1 1 8933160 17 100000
2011293 2011-10-27 2 5 6 4 2 8567138 43 100000
2011294 2011-10-28 9 5 9 3 8 9528994 55 100000
2011295 2011-10-29 3 2 9 9 5 8521384 37 100000
2011296 2011-10-30 8 3 3 5 7 8505036 45 100000
2011297 2011-10-31 4 5 8 3 7 9117956 52 100000
2011298 2011-11-01 0 9 9 8 4 9028182 15 100000
2011299 2011-11-02 0 0 6 8 1 8802264 19 100000
2011300 2011-11-03 8 2 2 2 8 8632306 27 100000
2011301 2011-11-04 6 4 1 7 7 9073138 47 100000
2011302 2011-11-05 4 9 6 6 9 8394060 20 100000
2011303 2011-11-06 1 0 7 5 4 8475582 37 100000
2011304 2011-11-07 3 2 2 9 6 8645408 34 100000
2011305 2011-11-08 1 1 6 3 1 8613496 16 100000
2011306 2011-11-09 6 2 6 6 2 8565234 22 100000
2011307 2011-11-10 9 9 0 7 3 8777984 21 100000
2011308 2011-11-11 6 6 9 7 8 9088664 28 100000
2011309 2011-11-12 7 7 3 9 2 8174536 12 100000
2011310 2011-11-13 8 2 5 1 8 8279142 69 100000
2011311 2011-11-14 0 9 4 3 8 8875556 25 100000
2011312 2011-11-15 3 6 5 9 6 8641804 63 100000
2011313 2011-11-16 4 6 6 4 4 9052090 72 100000
2011314 2011-11-17 7 8 3 4 5 8907480 39 100000
2011315 2011-11-18 3 7 4 9 9 9651236 48 100000
2011316 2011-11-19 5 3 8 9 4 8725306 16 100000
2011317 2011-11-20 4 9 2 2 6 8698988 69 100000
2011318 2011-11-21 4 1 3 3 6 9294068 26 100000
2011319 2011-11-22 3 5 6 1 9 8752214 30 100000
2011320 2011-11-23 8 7 0 3 9 9244022 16 100000
2011321 2011-11-24 3 6 5 5 4 9179314 16 100000
2011322 2011-11-25 3 6 8 9 2 9666320 35 100000
2011323 2011-11-26 4 7 2 9 9 8704314 114 100000
2011324 2011-11-27 1 5 6 1 9 8785514 25 100000
2011325 2011-11-28 0 3 9 0 5 9159106 29 100000
2011326 2011-11-29 0 9 2 0 2 8766448 5 100000
2011327 2011-11-30 4 6 5 6 0 8557232 22 100000
2011328 2011-12-01 8 1 1 1 5 8963648 36 100000
2011329 2011-12-02 6 4 8 4 0 9094524 34 100000
2011330 2011-12-03 8 8 8 8 4 8593982 93 100000
2011331 2011-12-04 9 4 3 5 8 7854226 65 100000
2011332 2011-12-05 8 9 7 2 7 8961258 42 100000
2011333 2011-12-06 3 5 2 0 5 8752658 41 100000
2011334 2011-12-07 8 0 3 5 5 9059692 15 100000
2011335 2011-12-08 4 3 6 2 6 9074066 104 100000
2011336 2011-12-09 7 4 7 1 6 9920896 71 100000
2011337 2011-12-10 3 8 7 6 8 8775480 33 100000
2011338 2011-12-11 8 8 8 3 1 8957322 35 100000
2011339 2011-12-12 5 1 4 1 6 8785164 68 100000
2011340 2011-12-13 9 7 3 7 8 9121980 50 100000
2011341 2011-12-14 8 7 4 5 2 9496338 32 100000
2011342 2011-12-15 2 0 4 2 5 9415214 23 100000
2011343 2011-12-16 9 6 1 6 0 9768656 88 100000
2011344 2011-12-17 3 6 0 1 9 9164136 36 100000
2011345 2011-12-18 2 9 6 4 5 9176436 73 100000
2011346 2011-12-19 4 9 4 9 3 9687980 18 100000
2011347 2011-12-20 2 9 0 7 1 8992150 17 100000
2011348 2011-12-21 2 2 7 2 3 9014246 38 100000
2011349 2011-12-22 0 0 0 7 6 8937336 55 100000
2011350 2011-12-23 9 2 7 6 0 8899562 20 100000
2011351 2011-12-24 3 0 0 1 8 8635966 56 100000
2011352 2011-12-25 1 4 2 6 5 8412080 14 100000
2011353 2011-12-26 0 6 8 1 6 9284902 15 100000
2011354 2011-12-27 3 0 1 2 5 9073334 13 100000
2011355 2011-12-28 5 1 8 0 3 9437424 63 100000
2011356 2011-12-29 4 7 0 4 7 9472548 79 100000
2011357 2011-12-30 2 3 9 4 3 10502138 17 100000
2011358 2011-12-31 7 2 5 9 4 9526228 122 100000
2012001 2012-01-01 0 0 3 6 0 8537370 22 100000
2012002 2012-01-02 4 0 9 9 7 8600920 9 100000
2012003 2012-01-03 1 8 1 9 4 8716630 17 100000
2012004 2012-01-04 9 8 9 4 4 9123096 25 100000
2012005 2012-01-05 6 0 9 9 7 8852968 24 100000
2012006 2012-01-06 3 6 4 2 6 9792486 97 100000
2012007 2012-01-07 6 8 2 4 0 9291662 28 100000
2012008 2012-01-08 8 2 4 6 1 9187274 55 100000
2012009 2012-01-09 3 1 6 2 4 9702924 24 100000
2012010 2012-01-10 0 3 9 7 8 9310710 49 100000
2012011 2012-01-11 9 1 4 6 7 9382648 38 100000
2012012 2012-01-12 4 1 3 4 4 9708144 30 100000
2012013 2012-01-13 3 4 9 5 8 9934554 109 100000
2012014 2012-01-14 0 8 5 5 2 9290440 37 100000
2012015 2012-01-15 2 3 4 4 4 8917910 40 100000
2012016 2012-01-16 7 6 5 4 0 9145894 12 100000
2012017 2012-01-17 5 1 5 3 0 8955726 42 100000
2012018 2012-01-18 4 6 5 4 3 8929380 10 100000
2012019 2012-01-19 8 5 5 7 3 8584636 11 100000
2012020 2012-01-20 0 1 9 0 6 8518288 24 100000
2012021 2012-01-21 1 3 8 9 7 7512852 40 100000
2012022 2012-01-29 6 4 4 4 0 7218534 29 100000
2012023 2012-01-30 7 4 1 0 6 7384748 23 100000
2012024 2012-01-31 3 3 4 8 6 7325552 25 100000
2012025 2012-02-01 9 9 7 1 4 7787362 107 100000
2012026 2012-02-02 8 3 3 9 0 8011306 27 100000
2012027 2012-02-03 0 0 6 5 0 8768494 7 100000
2012028 2012-02-04 6 8 9 4 9 7846442 75 100000
2012029 2012-02-05 7 7 9 1 1 7888644 45 100000
2012030 2012-02-06 6 6 5 0 1 7714116 23 100000
2012031 2012-02-07 9 8 8 1 1 7685342 10 100000
2012032 2012-02-08 5 0 3 9 9 8059644 16 100000
2012033 2012-02-09 1 2 7 6 4 8428252 149 100000
2012034 2012-02-10 7 4 1 6 2 9184062 25 100000
2012035 2012-02-11 2 7 4 6 1 8613526 54 100000
2012036 2012-02-12 0 3 4 0 2 8575176 13 100000
2012037 2012-02-13 4 4 3 1 3 8917994 62 100000
2012038 2012-02-14 5 2 8 5 4 8560482 86 100000
2012039 2012-02-15 8 5 5 2 7 9003774 286 100000
2012040 2012-02-16 8 1 8 5 5 9307194 63 100000
2012041 2012-02-17 3 4 1 6 8 9868492 56 100000
2012042 2012-02-18 8 4 1 2 2 8970844 7 100000
2012043 2012-02-19 3 5 2 1 8 8641528 59 100000
2012044 2012-02-20 6 8 3 1 6 9154772 49 100000
2012045 2012-02-21 4 2 1 2 9 9224526 25 100000
2012046 2012-02-22 3 7 3 3 2 9349822 16 100000
2012047 2012-02-23 4 9 6 2 1 9209918 16 100000
2012048 2012-02-24 8 3 3 1 4 9842674 50 100000
2012049 2012-02-25 0 4 4 9 3 8968092 19 100000
2012050 2012-02-26 7 7 8 3 9 8764074 23 100000
2012051 2012-02-27 4 6 7 1 1 8932176 17 100000
2012052 2012-02-28 8 4 1 4 4 9087198 36 100000
2012053 2012-02-29 5 3 5 9 4 9514984 14 100000
2012054 2012-03-01 0 5 7 2 5 9573482 26 100000
2012055 2012-03-02 0 6 6 5 4 10019266 6 100000
2012056 2012-03-03 1 4 3 8 5 8635048 19 100000
2012057 2012-03-04 6 9 1 5 2 8728914 35 100000
2012058 2012-03-05 2 5 9 4 2 9443910 22 100000
2012059 2012-03-06 3 4 6 6 9 9081620 42 100000
2012060 2012-03-07 4 2 4 0 5 9149824 12 100000
2012061 2012-03-08 7 1 3 6 3 9039492 69 100000
2012062 2012-03-09 3 5 0 3 1 9856992 20 100000
2012063 2012-03-10 7 7 3 0 6 8857786 20 100000
2012064 2012-03-11 8 3 1 2 2 8497550 50 100000
2012065 2012-03-12 3 6 3 8 6 9127324 43 100000
2012066 2012-03-13 0 8 4 0 4 9264044 11 100000
2012067 2012-03-14 4 2 2 5 4 9391024 16 100000
2012068 2012-03-15 9 2 5 6 7 9273096 20 100000
2012069 2012-03-16 7 2 1 0 6 10148572 21 100000
2012070 2012-03-17 3 0 0 3 2 9095300 22 100000
2012071 2012-03-18 6 1 3 6 9 8586838 39 100000
2012072 2012-03-19 9 9 8 7 7 9257606 148 100000
2012073 2012-03-20 4 6 4 2 2 8825308 49 100000
2012074 2012-03-21 2 7 6 9 0 9354784 236 100000
2012075 2012-03-22 9 8 9 6 4 9298564 23 100000
2012076 2012-03-23 0 7 8 7 8 9964876 55 100000
2012077 2012-03-24 4 1 2 3 4 8783280 23 100000
2012078 2012-03-25 6 6 0 5 6 9029146 66 100000
2012079 2012-03-26 0 1 0 4 4 9312214 25 100000
2012080 2012-03-27 7 7 2 4 3 8900502 49 100000
2012081 2012-03-28 3 9 9 4 9 9204554 41 100000
2012082 2012-03-29 9 9 0 3 6 9174332 25 100000
2012083 2012-03-30 6 8 8 0 3 9631542 21 100000
2012084 2012-03-31 2 3 8 9 1 9155884 34 100000
2012085 2012-04-01 4 7 8 4 7 8620054 69 100000
2012086 2012-04-02 7 1 6 1 5 8632916 197 100000
2012087 2012-04-03 6 8 4 2 9 8641180 15 100000
2012088 2012-04-04 5 3 5 3 9 9059826 38 100000
2012089 2012-04-05 2 2 1 6 6 9355750 33 100000
2012090 2012-04-06 6 8 2 6 3 9665622 34 100000
2012091 2012-04-07 8 3 5 7 6 8956760 76 100000
2012092 2012-04-08 7 3 9 2 6 9170534 44 100000
2012093 2012-04-09 6 7 1 2 8 9512910 34 100000
2012094 2012-04-10 6 0 8 0 7 9269334 37 100000
2012095 2012-04-11 9 5 6 4 6 9141674 41 100000
2012096 2012-04-12 7 4 9 8 3 9385876 83 100000
2012097 2012-04-13 6 8 2 8 8 10291364 27 100000
2012098 2012-04-14 6 1 1 4 4 9266042 11 100000
2012099 2012-04-15 1 0 5 4 1 9009930 19 100000
2012100 2012-04-16 4 8 9 6 1 9207648 24 100000
2012101 2012-04-17 3 7 7 7 0 9241162 81 100000
2012102 2012-04-18 9 5 5 2 9 9358202 134 100000
2012103 2012-04-19 2 7 3 4 6 9208952 41 100000
2012104 2012-04-20 3 8 8 1 7 10024590 51 100000
2012105 2012-04-21 5 4 2 1 9 8994710 30 100000
2012106 2012-04-22 6 8 2 4 3 8699420 41 100000
2012107 2012-04-23 2 6 9 1 1 9299348 53 100000
2012108 2012-04-24 3 9 9 8 0 8931520 29 100000
2012109 2012-04-25 2 4 1 3 9 9133570 15 100000
2012110 2012-04-26 7 0 4 4 2 9204384 30 100000
2012111 2012-04-27 4 6 1 6 1 9823924 84 100000
2012112 2012-04-28 7 5 0 7 4 9081562 73 100000
2012113 2012-04-29 4 3 2 8 6 8627510 35 100000
2012114 2012-04-30 0 7 9 2 1 8313056 51 100000
2012115 2012-05-01 0 2 9 0 7 8183944 21 100000
2012116 2012-05-02 4 7 1 8 4 8548344 22 100000
2012117 2012-05-03 0 4 2 4 4 9069016 5 100000
2012118 2012-05-04 8 0 4 3 2 9488634 28 100000
2012119 2012-05-05 8 3 6 7 2 8559302 37 100000
2012120 2012-05-06 4 6 9 0 5 8480796 120 100000
2012121 2012-05-07 6 7 0 9 8 9304470 39 100000
2012122 2012-05-08 4 7 4 2 1 9004706 15 100000
2012123 2012-05-09 6 2 2 6 3 8947832 48 100000
2012124 2012-05-10 9 0 1 0 3 8699784 13 100000
2012125 2012-05-11 6 7 8 3 2 9177320 29 100000
2012126 2012-05-12 2 8 1 0 1 8447220 26 100000
2012127 2012-05-13 2 0 5 3 9 8414130 9 100000
2012128 2012-05-14 1 7 8 0 5 8653986 21 100000
2012129 2012-05-15 9 2 1 9 0 8534728 53 100000
2012130 2012-05-16 2 1 1 0 0 8660120 22 100000
2012131 2012-05-17 5 8 6 6 3 8089742 52 100000
2012132 2012-05-18 6 2 6 9 4 9118274 19 100000
2012133 2012-05-19 6 3 8 8 1 8085080 27 100000
2012134 2012-05-20 0 4 9 7 6 8157684 61 100000
2012135 2012-05-21 5 6 9 5 0 8322314 28 100000
2012136 2012-05-22 7 2 0 9 1 8211288 30 100000
2012137 2012-05-23 8 8 2 7 9 8432034 33 100000
2012138 2012-05-24 3 8 4 5 0 8316240 24 100000
2012139 2012-05-25 7 1 9 5 4 9062290 42 100000
2012140 2012-05-26 0 4 4 9 1 8119830 6 100000
2012141 2012-05-27 2 5 0 1 5 8025096 19 100000
2012142 2012-05-28 9 6 7 5 4 8171266 15 100000
2012143 2012-05-29 9 9 0 6 9 8037082 23 100000
2012144 2012-05-30 2 7 8 0 5 8260206 43 100000
2012145 2012-05-31 8 5 6 3 3 8606236 134 100000
2012146 2012-06-01 7 2 8 6 4 9232762 24 100000
2012147 2012-06-02 5 6 8 0 1 8421486 29 100000
2012148 2012-06-03 5 2 4 2 4 8374412 55 100000
2012149 2012-06-04 9 4 0 4 5 8567590 68 100000
2012150 2012-06-05 5 9 8 5 2 8551344 25 100000
2012151 2012-06-06 6 1 3 7 2 8696374 75 100000
2012152 2012-06-07 7 3 9 0 9 8615194 13 100000
2012153 2012-06-08 3 8 3 9 7 9147984 135 100000
2012154 2012-06-09 2 0 6 4 3 8158616 33 100000
2012155 2012-06-10 8 9 5 4 0 8300462 8 100000
2012156 2012-06-11 4 4 0 2 9 8583514 38 100000
2012157 2012-06-12 5 9 9 5 3 8195730 14 100000
2012158 2012-06-13 7 7 2 4 1 8443958 32 100000
2012159 2012-06-14 9 5 7 2 3 8681656 31 100000
2012160 2012-06-15 9 7 0 0 3 9328554 24 100000
2012161 2012-06-16 5 3 2 2 7 8293572 26 100000
2012162 2012-06-17 2 4 3 5 2 8089358 31 100000
2012163 2012-06-18 6 9 3 7 6 8562430 13 100000
2012164 2012-06-19 7 1 8 7 1 8407712 118 100000
2012165 2012-06-20 0 4 6 9 0 8827922 16 100000
2012166 2012-06-21 8 6 2 8 9 8624976 49 100000
2012167 2012-06-22 2 8 9 1 3 8684572 52 100000
2012168 2012-06-23 6 5 1 9 9 8160180 13 100000
2012169 2012-06-24 7 2 0 7 3 8388270 37 100000
2012170 2012-06-25 7 8 8 7 2 9047388 15 100000
2012171 2012-06-26 7 3 5 0 0 8322894 9 100000
2012172 2012-06-27 4 3 7 8 7 8336620 168 100000
2012173 2012-06-28 5 9 7 5 6 8660988 46 100000
2012174 2012-06-29 2 1 8 0 3 9153516 54 100000
2012175 2012-06-30 0 5 8 2 3 8327306 31 100000
2012176 2012-07-01 4 0 0 0 5 8226106 44 100000
2012177 2012-07-02 0 1 8 9 3 8036602 12 100000
2012178 2012-07-03 3 5 7 5 8 8065038 40 100000
2012179 2012-07-04 1 4 5 1 1 8302940 34 100000
2012180 2012-07-05 9 9 0 1 7 8259218 32 100000
2012181 2012-07-06 6 9 3 1 5 8810008 25 100000
2012182 2012-07-07 4 5 6 7 5 7985182 16 100000
2012183 2012-07-08 7 9 5 0 9 7933070 13 100000
2012184 2012-07-09 1 6 9 3 7 8404290 66 100000
2012185 2012-07-10 4 6 0 8 3 8225720 16 100000
2012186 2012-07-11 6 7 3 6 6 8517900 40 100000
2012187 2012-07-12 9 6 2 2 1 8452026 25 100000
2012188 2012-07-13 6 3 8 7 5 9019972 66 100000
2012189 2012-07-14 4 1 8 9 5 8415824 55 100000
2012190 2012-07-15 3 1 3 3 4 8394374 16 100000
2012191 2012-07-16 5 8 4 3 1 8269656 38 100000
2012192 2012-07-17 5 7 6 9 9 8128252 22 100000
2012193 2012-07-18 2 6 9 0 8 8439932 63 100000
2012194 2012-07-19 1 5 9 0 6 8575502 29 100000
2012195 2012-07-20 2 1 3 8 1 8793216 14 100000
2012196 2012-07-21 9 9 3 3 7 7794682 23 100000
2012197 2012-07-22 5 4 6 6 6 7668334 31 100000
2012198 2012-07-23 1 1 2 9 1 8358592 9 100000
2012199 2012-07-24 8 4 9 6 6 7805328 4 100000
2012200 2012-07-25 2 8 2 9 6 8317978 12 100000
2012201 2012-07-26 7 9 0 9 2 8021186 45 100000
2012202 2012-07-27 1 0 2 5 3 8656532 23 100000
2012203 2012-07-28 1 7 6 3 3 7765254 10 100000
2012204 2012-07-29 3 6 1 5 3 7511924 12 100000
2012205 2012-07-30 9 7 8 6 3 7974316 12 100000
2012206 2012-07-31 6 0 8 7 0 7635746 40 100000
2012207 2012-08-01 7 9 0 4 0 7968776 16 100000
2012208 2012-08-02 7 5 7 1 3 8093418 28 100000
2012209 2012-08-03 2 2 7 1 7 8415122 41 100000
2012210 2012-08-04 5 7 4 1 2 7641448 14 100000
2012211 2012-08-05 4 2 7 2 6 7680118 32 100000
2012212 2012-08-06 1 4 4 0 5 8120276 15 100000
2012213 2012-08-07 6 8 1 5 1 7665974 185 100000
2012214 2012-08-08 3 2 1 3 9 7926188 31 100000
2012215 2012-08-09 0 3 8 5 7 8096942 55 100000
2012216 2012-08-10 7 7 5 0 7 8999136 35 100000
2012217 2012-08-11 8 7 1 5 9 8031504 42 100000
2012218 2012-08-12 1 7 0 3 0 7840280 7 100000
2012219 2012-08-13 9 3 5 3 7 8174660 8 100000
2012220 2012-08-14 0 9 9 8 3 7972900 33 100000
2012221 2012-08-15 3 3 5 4 2 8010836 8 100000
2012222 2012-08-16 2 4 0 2 1 8068626 48 100000
2012223 2012-08-17 3 6 0 9 7 8629486 16 100000
2012224 2012-08-18 5 4 0 2 0 7883226 15 100000
2012225 2012-08-19 4 5 3 3 0 7577002 30 100000
2012226 2012-08-20 0 1 0 4 7 8002056 40 100000
2012227 2012-08-21 7 2 1 5 1 7522132 50 100000
2012228 2012-08-22 0 8 1 1 6 8195340 32 100000
2012229 2012-08-23 4 6 1 6 3 8140078 40 100000
2012230 2012-08-24 6 4 4 6 9 8627732 12 100000
2012231 2012-08-25 7 6 3 0 1 7987266 7 100000
2012232 2012-08-26 1 4 7 1 2 7829902 30 100000
2012233 2012-08-27 2 5 0 6 0 8228690 87 100000
2012234 2012-08-28 6 1 1 2 3 8036304 37 100000
2012235 2012-08-29 4 6 0 9 2 8345764 14 100000
2012236 2012-08-30 9 2 9 3 4 8428422 67 100000
2012237 2012-08-31 0 4 9 2 3 8710060 20 100000
2012238 2012-09-01 0 9 7 8 9 8149282 8 100000
2012239 2012-09-02 0 7 1 7 5 7844066 5 100000
2012240 2012-09-03 0 6 3 9 1 8126206 9 100000
2012241 2012-09-04 5 0 2 5 6 7945994 85 100000
2012242 2012-09-05 9 6 8 3 1 8407740 15 100000
2012243 2012-09-06 1 4 5 1 8 8392110 127 100000
2012244 2012-09-07 4 5 3 5 3 8871278 41 100000
2012245 2012-09-08 2 3 2 9 7 8348724 12 100000
2012246 2012-09-09 5 7 1 5 6 8070980 61 100000
2012247 2012-09-10 1 1 4 0 3 8744436 14 100000
2012248 2012-09-11 9 4 0 7 2 8112414 14 100000
2012249 2012-09-12 5 7 5 9 9 8492426 23 100000
2012250 2012-09-13 9 9 9 5 2 8170056 113 100000
2012251 2012-09-14 1 0 8 5 5 8348898 105 100000
2012252 2012-09-15 8 9 2 8 2 7844714 15 100000
2012253 2012-09-16 8 9 3 3 7 7713946 46 100000
2012254 2012-09-17 6 7 9 1 0 8097704 37 100000
2012255 2012-09-18 4 0 4 4 0 8214788 17 100000
2012256 2012-09-19 0 9 2 4 9 8231940 27 100000
2012257 2012-09-20 3 5 5 5 5 8223814 61 100000
2012258 2012-09-21 7 9 4 4 1 8565222 122 100000
2012259 2012-09-22 0 8 1 8 5 8169564 9 100000
2012260 2012-09-23 4 5 7 0 1 7917098 26 100000
2012261 2012-09-24 6 8 6 7 5 8339972 53 100000
2012262 2012-09-25 5 0 6 7 2 8111014 21 100000
2012263 2012-09-26 4 3 6 3 2 8192302 13 100000
2012264 2012-09-27 0 9 2 0 9 8168972 59 100000
2012265 2012-09-28 8 6 5 4 8 8844984 79 100000
2012266 2012-09-29 1 0 0 7 4 7964868 38 100000
2012267 2012-09-30 4 4 6 7 6 6623546 15 100000
2012268 2012-10-01 6 3 0 6 9 6743550 36 100000
2012269 2012-10-02 1 5 3 1 0 6934776 18 100000
2012270 2012-10-03 5 2 1 3 8 7069218 54 100000
2012271 2012-10-04 6 5 6 9 6 7447988 51 100000
2012272 2012-10-05 9 7 3 1 6 8205660 12 100000
2012273 2012-10-06 7 0 6 1 0 7811608 18 100000
2012274 2012-10-07 5 6 7 1 9 7806320 35 100000
2012275 2012-10-08 3 6 1 0 0 8337890 19 100000
2012276 2012-10-09 1 7 9 2 3 7960800 87 100000
2012277 2012-10-10 9 1 1 3 3 8506244 33 100000
2012278 2012-10-11 6 6 3 4 6 8251590 48 100000
2012279 2012-10-12 9 5 4 7 6 8920522 21 100000
2012280 2012-10-13 0 6 3 1 6 8153130 18 100000
2012281 2012-10-14 0 9 6 0 7 8076142 33 100000
2012282 2012-10-15 0 1 0 4 1 8224952 21 100000
2012283 2012-10-16 1 5 4 6 8 7815980 31 100000
2012284 2012-10-17 5 6 0 5 4 8227998 34 100000
2012285 2012-10-18 6 0 5 2 2 8599910 16 100000
2012286 2012-10-19 0 4 4 3 4 8784720 15 100000
2012287 2012-10-20 2 3 1 3 3 7935398 22 100000
2012288 2012-10-21 5 7 6 3 7 7758224 38 100000
2012289 2012-10-22 8 8 4 7 1 8219858 36 100000
2012290 2012-10-23 9 7 4 9 8 8055784 35 100000
2012291 2012-10-24 0 2 1 7 9 8271152 11 100000
2012292 2012-10-25 2 0 3 3 4 8334278 61 100000
2012293 2012-10-26 0 8 6 0 5 8795484 6 100000
2012294 2012-10-27 1 3 7 8 0 7917562 41 100000
2012295 2012-10-28 2 9 5 9 0 7915778 32 100000
2012296 2012-10-29 4 8 9 1 8 8051302 57 100000
2012297 2012-10-30 8 1 4 3 9 8112598 23 100000
2012298 2012-10-31 8 3 3 0 1 8571996 39 100000
2012299 2012-11-01 0 8 7 8 0 8370876 50 100000
2012300 2012-11-02 9 5 4 7 2 8774032 136 100000
2012301 2012-11-03 5 7 9 7 0 7992044 30 100000
2012302 2012-11-04 3 4 3 3 2 8036998 12 100000
2012303 2012-11-05 5 8 5 5 0 8282300 18 100000
2012304 2012-11-06 4 1 9 7 7 7998094 49 100000
2012305 2012-11-07 7 2 1 2 2 8478956 28 100000
2012306 2012-11-08 3 3 7 6 0 8479990 38 100000
2012307 2012-11-09 6 8 7 5 1 8930690 16 100000
2012308 2012-11-10 2 9 9 6 0 8061502 15 100000
2012309 2012-11-11 2 8 7 1 0 8034748 43 100000
2012310 2012-11-12 6 4 4 9 0 8226272 12 100000
2012311 2012-11-13 6 4 4 9 8 8166514 31 100000
2012312 2012-11-14 0 5 6 4 0 7880404 10 100000
2012313 2012-11-15 1 3 8 0 4 8241464 122 100000
2012314 2012-11-16 6 2 4 6 5 8739426 43 100000
2012315 2012-11-17 0 0 7 9 1 8119360 18 100000
2012316 2012-11-18 7 0 8 3 3 7934168 19 100000
2012317 2012-11-19 1 7 7 3 9 8236246 6 100000
2012318 2012-11-20 8 3 6 2 6 8222892 87 100000
2012319 2012-11-21 0 5 1 5 2 8639216 43 100000
2012320 2012-11-22 0 0 9 2 2 8753484 23 100000
2012321 2012-11-23 1 3 3 2 9 8702136 25 100000
2012322 2012-11-24 1 7 6 1 5 7984302 22 100000
2012323 2012-11-25 8 9 9 6 7 7940000 10 100000
2012324 2012-11-26 8 8 8 5 5 8051876 68 100000
2012325 2012-11-27 1 0 4 9 6 7627128 17 100000
2012326 2012-11-28 8 9 6 8 2 8256374 19 100000
2012327 2012-11-29 4 4 6 3 2 8600940 12 100000
2012328 2012-11-30 8 1 4 1 9 8882498 99 100000
2012329 2012-12-01 6 1 1 8 0 8150094 24 100000
2012330 2012-12-02 2 1 9 8 7 8135752 15 100000
2012331 2012-12-03 0 8 9 2 8 8459298 53 100000
2012332 2012-12-04 8 2 2 0 6 8451218 32 100000
2012333 2012-12-05 0 2 5 7 4 8398782 7 100000
2012334 2012-12-06 5 2 4 2 1 8790832 9 100000
2012335 2012-12-07 8 9 3 6 7 9124726 27 100000
2012336 2012-12-08 5 5 7 7 1 8246824 23 100000
2012337 2012-12-09 4 6 2 1 5 8166260 42 100000
2012338 2012-12-10 3 3 1 5 8 8720940 130 100000
2012339 2012-12-11 2 7 4 3 5 8673186 17 100000
2012340 2012-12-12 6 5 4 0 0 9016802 13 100000
2012341 2012-12-13 4 7 2 5 4 8717408 32 100000
2012342 2012-12-14 4 9 2 7 4 9262224 19 100000
2012343 2012-12-15 7 2 2 2 1 8419306 23 100000
2012344 2012-12-16 4 8 8 3 5 8169184 18 100000
2012345 2012-12-17 3 9 0 5 3 8580460 59 100000
2012346 2012-12-18 4 3 7 5 2 8575190 13 100000
2012347 2012-12-19 4 1 9 6 1 8693360 15 100000
2012348 2012-12-20 8 2 1 2 1 8613900 68 100000
2012349 2012-12-21 0 4 1 6 6 9204224 12 100000
2012350 2012-12-22 8 9 6 1 2 8123824 50 100000
2012351 2012-12-23 9 9 2 9 9 8489204 275 100000
2012352 2012-12-24 9 4 4 2 2 8725386 8 100000
2012353 2012-12-25 4 6 9 9 4 8230712 30 100000
2012354 2012-12-26 1 8 3 1 2 8874970 62 100000
2012355 2012-12-27 3 6 9 3 8 9168722 84 100000
2012356 2012-12-28 4 6 2 0 3 9848014 20 100000
2012357 2012-12-29 1 1 1 8 6 8944182 55 100000
2012358 2012-12-30 0 1 2 5 6 7978450 23 100000
2012359 2012-12-31 1 4 6 7 4 8604848 25 100000
2013001 2013-01-01 5 2 4 9 6 7884224 21 100000
2013002 2013-01-02 5 9 9 7 5 8347954 24 100000
2013003 2013-01-03 7 2 4 2 0 8524310 9 100000
2013004 2013-01-04 1 8 4 7 0 9164506 54 100000
2013005 2013-01-05 4 6 8 1 3 8896092 51 100000
2013006 2013-01-06 8 5 3 4 6 8974290 130 100000
2013007 2013-01-07 6 2 6 8 8 9399328 52 100000
2013008 2013-01-08 5 9 9 0 4 9099780 8 100000
2013009 2013-01-09 5 7 4 7 0 9237552 19 100000
2013010 2013-01-10 6 8 8 3 6 9497074 23 100000
2013011 2013-01-11 6 1 8 2 4 9791934 27 100000
2013012 2013-01-12 7 6 0 8 5 9010384 68 100000
2013013 2013-01-13 2 9 2 4 9 9072286 57 100000
2013014 2013-01-14 2 6 6 5 7 9178170 29 100000
2013015 2013-01-15 6 4 7 9 0 9143992 46 100000
2013016 2013-01-16 7 0 8 5 6 9319298 137 100000
2013017 2013-01-17 3 5 9 2 3 9402000 91 100000
2013018 2013-01-18 8 2 4 5 3 10015240 19 100000
2013019 2013-01-19 5 6 7 7 9 9417040 71 100000
2013020 2013-01-20 9 6 3 2 8 9346318 25 100000
2013021 2013-01-21 7 1 9 4 8 9664500 58 100000
2013022 2013-01-22 7 4 4 7 1 9465510 34 100000
2013023 2013-01-23 6 7 2 0 4 9530824 53 100000
2013024 2013-01-24 8 5 9 4 9 9769536 44 100000
2013025 2013-01-25 3 2 2 6 6 10095022 39 100000
2013026 2013-01-26 8 9 5 4 5 9184722 23 100000
2013027 2013-01-27 4 9 0 7 0 8920168 39 100000
2013028 2013-01-28 0 7 2 9 1 9366400 25 100000
2013029 2013-01-29 7 2 2 5 8 9215584 47 100000
2013030 2013-01-30 3 5 4 6 7 9309290 163 100000
2013031 2013-01-31 5 9 3 3 4 9425946 52 100000
2013032 2013-02-01 8 9 8 7 6 9999538 42 100000
2013033 2013-02-02 3 2 5 3 8 9111338 129 100000
2013034 2013-02-03 6 9 0 1 0 9069788 159 100000
2013035 2013-02-04 4 4 6 4 5 9299660 109 100000
2013036 2013-02-05 9 2 1 4 1 9201152 25 100000
2013037 2013-02-06 3 6 5 6 8 9167184 121 100000
2013038 2013-02-07 8 0 6 7 7 9030326 38 100000
2013039 2013-02-08 9 1 1 5 0 8602536 19 100000
2013040 2013-02-16 8 9 8 5 5 7886550 18 100000
2013041 2013-02-17 9 8 6 4 2 7533658 21 100000
2013042 2013-02-18 0 9 1 1 8 8007816 52 100000
2013043 2013-02-19 5 3 0 7 0 7952766 50 100000
2013044 2013-02-20 7 3 1 3 1 8626010 52 100000
2013045 2013-02-21 2 9 9 0 2 8614464 79 100000
2013046 2013-02-22 4 4 6 5 3 9093052 55 100000
2013047 2013-02-23 0 7 2 0 5 8489232 2 100000
2013048 2013-02-24 2 6 3 4 4 8169670 14 100000
2013049 2013-02-25 7 2 8 1 4 8878532 78 100000
2013050 2013-02-26 2 2 1 8 1 8815890 15 100000
2013051 2013-02-27 6 5 2 7 2 8856082 79 100000
2013052 2013-02-28 6 4 2 1 6 9143858 9 100000
2013053 2013-03-01 2 1 2 0 0 9242064 16 100000
2013054 2013-03-02 7 3 2 6 3 8196688 38 100000
2013055 2013-03-03 0 5 3 0 4 8348786 11 100000
2013056 2013-03-04 4 8 1 7 6 8974628 64 100000
2013057 2013-03-05 6 3 9 9 7 9061964 43 100000
2013058 2013-03-06 2 4 8 3 3 9540818 30 100000
2013059 2013-03-07 9 5 4 3 3 9538374 6 100000
2013060 2013-03-08 5 3 0 7 0 9607164 86 100000
2013061 2013-03-09 1 0 6 7 5 8969860 16 100000
2013062 2013-03-10 1 4 3 5 4 8877298 24 100000
2013063 2013-03-11 8 8 2 3 4 9447342 55 100000
2013064 2013-03-12 4 6 5 4 4 9064092 60 100000
2013065 2013-03-13 2 2 2 7 8 9327298 91 100000
2013066 2013-03-14 1 5 8 1 8 9048738 86 100000
2013067 2013-03-15 0 4 4 6 4 10131888 12 100000
2013068 2013-03-16 2 4 4 8 3 9030150 11 100000
2013069 2013-03-17 1 1 9 2 1 8623192 131 100000
2013070 2013-03-18 1 4 9 1 1 9047448 38 100000
2013071 2013-03-19 0 4 0 2 0 8749478 14 100000
2013072 2013-03-20 3 3 0 7 4 8797192 16 100000
2013073 2013-03-21 0 4 3 5 7 9090112 15 100000
2013074 2013-03-22 8 5 8 2 6 9728164 30 100000
2013075 2013-03-23 9 5 4 1 7 8703434 60 100000
2013076 2013-03-24 5 4 5 5 4 8922998 43 100000
2013077 2013-03-25 9 1 1 0 8 9404698 24 100000
2013078 2013-03-26 6 6 6 2 3 9095588 46 100000
2013079 2013-03-27 1 5 4 9 0 9027064 119 100000
2013080 2013-03-28 2 3 7 3 9 9657940 82 100000
2013081 2013-03-29 8 4 2 4 8 10006240 41 100000
2013082 2013-03-30 5 4 6 9 6 9140676 33 100000
2013083 2013-03-31 7 5 2 0 7 9169454 43 100000
2013084 2013-04-01 1 2 5 9 2 9540540 23 100000
2013085 2013-04-02 5 2 7 0 8 9397264 35 100000
2013086 2013-04-03 6 7 9 4 7 9151560 30 100000
2013087 2013-04-04 0 0 7 6 2 8700480 26 100000
2013088 2013-04-05 8 0 6 0 9 9044946 105 100000
2013089 2013-04-06 0 3 0 7 0 9043348 16 100000
2013090 2013-04-07 1 4 3 6 1 8891176 26 100000
2013091 2013-04-08 0 2 2 9 1 9250618 4 100000
2013092 2013-04-09 6 9 1 2 2 8659138 79 100000
2013093 2013-04-10 4 7 3 6 7 8997202 43 100000
2013094 2013-04-11 5 0 2 2 0 9326298 16 100000
2013095 2013-04-12 5 0 2 0 0 9655996 39 100000
2013096 2013-04-13 3 4 2 2 8 8286686 23 100000
2013097 2013-04-14 4 9 3 1 8 8483678 64 100000
2013098 2013-04-15 2 4 9 0 9 9042706 28 100000
2013099 2013-04-16 0 7 8 8 6 8924832 13 100000
2013100 2013-04-17 7 6 4 0 1 9167626 35 100000
2013101 2013-04-18 2 3 8 4 9 9360084 38 100000
2013102 2013-04-19 8 6 2 5 2 9874744 17 100000
2013103 2013-04-20 9 7 9 1 6 8726976 23 100000
2013104 2013-04-21 8 4 5 8 7 8875812 19 100000
2013105 2013-04-22 8 2 0 5 2 9007456 19 100000
2013106 2013-04-23 5 1 1 1 6 8769754 21 100000
2013107 2013-04-24 7 6 0 3 6 8762630 69 100000
2013108 2013-04-25 3 2 0 6 5 9126088 32 100000
2013109 2013-04-26 0 6 2 7 8 9418826 8 100000
2013110 2013-04-27 1 6 4 6 9 8988348 15 100000
2013111 2013-04-28 1 8 1 4 8 8426586 20 100000
2013112 2013-04-29 6 0 6 2 1 7978570 44 100000
2013113 2013-04-30 5 9 3 8 3 7710466 64 100000
2013114 2013-05-01 2 4 6 4 8 8136978 76 100000
2013115 2013-05-02 9 8 8 0 9 9094626 19 100000
2013116 2013-05-03 0 4 7 5 7 9363866 24 100000
2013117 2013-05-04 8 2 9 4 3 8938384 28 100000
2013118 2013-05-05 4 0 5 2 1 8802138 55 100000
2013119 2013-05-06 0 9 9 2 2 9115018 120 100000
2013120 2013-05-07 2 9 0 9 3 8508088 46 100000
2013121 2013-05-08 5 6 5 9 3 8488204 14 100000
2013122 2013-05-09 8 7 7 7 2 8681104 9 100000
2013123 2013-05-10 0 5 7 8 5 9047828 41 100000
2013124 2013-05-11 3 6 3 1 3 8020458 14 100000
2013125 2013-05-12 4 4 3 1 9 8042422 11 100000
2013126 2013-05-13 6 3 0 1 0 8507192 20 100000
2013127 2013-05-14 5 3 9 7 3 8243454 20 100000
2013128 2013-05-15 0 8 2 2 3 8566100 23 100000
2013129 2013-05-16 0 8 6 8 0 8791986 23 100000
2013130 2013-05-17 0 4 3 5 8 9169262 18 100000
2013131 2013-05-18 3 9 2 9 4 8299982 79 100000
2013132 2013-05-19 1 0 4 0 0 8240776 38 100000
2013133 2013-05-20 0 2 2 1 7 8468432 17 100000
2013134 2013-05-21 2 6 0 2 1 8141650 39 100000
2013135 2013-05-22 3 4 9 1 6 8539442 159 100000
2013136 2013-05-23 5 6 8 0 5 8726898 152 100000
2013137 2013-05-24 1 0 2 8 2 9250634 15 100000
2013138 2013-05-25 0 4 0 8 5 7996374 18 100000
2013139 2013-05-26 0 3 2 1 2 7924608 33 100000
2013140 2013-05-27 8 5 7 0 3 8317380 39 100000
2013141 2013-05-28 4 6 2 1 3 8314980 82 100000
2013142 2013-05-29 9 1 4 5 1 8784388 87 100000
2013143 2013-05-30 8 6 2 8 8 8810454 30 100000
2013144 2013-05-31 1 5 2 4 7 9210182 24 100000
2013145 2013-06-01 2 8 0 3 6 8118668 60 100000
2013146 2013-06-02 7 2 1 0 8 8331410 45 100000
2013147 2013-06-03 6 2 2 3 8 8414198 26 100000
2013148 2013-06-04 8 0 3 7 7 8209574 68 100000
2013149 2013-06-05 9 3 6 7 4 8352916 66 100000
2013150 2013-06-06 0 3 6 8 8 8630814 18 100000
2013151 2013-06-07 8 7 6 0 3 8849264 16 100000
2013152 2013-06-08 4 3 8 2 4 8458556 37 100000
2013153 2013-06-09 2 7 0 0 9 8309622 40 100000
2013154 2013-06-10 9 5 4 3 9 8044196 12 100000
2013155 2013-06-11 0 9 6 4 5 7799022 17 100000
2013156 2013-06-12 1 2 8 9 3 8193390 15 100000
2013157 2013-06-13 5 8 8 9 9 8661778 55 100000
2013158 2013-06-14 4 7 0 0 0 9065032 21 100000
2013159 2013-06-15 5 5 4 0 6 8160342 19 100000
2013160 2013-06-16 0 3 6 5 7 8091734 20 100000
2013161 2013-06-17 1 3 3 5 9 8677956 20 100000
2013162 2013-06-18 1 9 9 5 9 8064798 37 100000
2013163 2013-06-19 1 4 2 6 7 8032658 31 100000
2013164 2013-06-20 9 5 1 4 8 8385038 44 100000
2013165 2013-06-21 5 8 1 9 1 9024206 28 100000
2013166 2013-06-22 4 4 4 1 1 8056396 28 100000
2013167 2013-06-23 3 4 1 8 1 7701764 26 100000
2013168 2013-06-24 8 4 4 8 9 8228340 17 100000
2013169 2013-06-25 2 7 3 2 0 8208894 78 100000
2013170 2013-06-26 4 7 8 2 0 8252746 23 100000
2013171 2013-06-27 0 2 7 3 0 8394032 35 100000
2013172 2013-06-28 2 1 9 9 6 8827078 15 100000
2013173 2013-06-29 3 8 4 0 7 8192486 48 100000
2013174 2013-06-30 2 6 1 0 4 8349854 6 100000
2013175 2013-07-01 6 5 2 2 9 8358724 75 100000
2013176 2013-07-02 6 4 1 0 4 8153358 16 100000
2013177 2013-07-03 3 9 6 9 2 8198440 27 100000
2013178 2013-07-04 6 2 4 8 0 8513756 31 100000
2013179 2013-07-05 5 1 1 3 0 9073388 25 100000
2013180 2013-07-06 6 6 9 9 3 7994532 56 100000
2013181 2013-07-07 1 5 3 6 2 7862058 51 100000
2013182 2013-07-08 6 5 8 9 5 8226468 13 100000
2013183 2013-07-09 4 5 2 0 8 8389736 48 100000
2013184 2013-07-10 8 2 9 0 5 8418936 12 100000
2013185 2013-07-11 2 8 6 3 7 8715482 58 100000
2013186 2013-07-12 5 9 2 5 5 17975694 18 100000
2013187 2013-07-13 2 6 6 6 4 7980160 10 100000
2013188 2013-07-14 6 5 4 4 3 7878016 168 100000
2013189 2013-07-15 2 9 5 7 6 8481508 40 100000
2013190 2013-07-16 1 5 7 0 5 8089366 9 100000
2013191 2013-07-17 4 7 3 4 4 8206320 39 100000
2013192 2013-07-18 5 5 6 6 5 8660948 74 100000
2013193 2013-07-19 7 7 5 4 5 9151604 28 100000
2013194 2013-07-20 5 0 8 2 3 7976920 65 100000
2013195 2013-07-21 5 0 0 9 8 8093768 11 100000
2013196 2013-07-22 6 6 6 8 9 8142516 202 100000
2013197 2013-07-23 2 8 0 4 1 7882112 5 100000
2013198 2013-07-24 5 5 3 6 7 8278000 47 100000
2013199 2013-07-25 6 6 1 2 7 8534506 128 100000
2013200 2013-07-26 4 6 8 8 8 8875292 54 100000
2013201 2013-07-27 2 2 8 4 7 8002322 22 100000
2013202 2013-07-28 1 3 7 0 8 8100224 65 100000
2013203 2013-07-29 0 3 1 8 3 8380634 12 100000
2013204 2013-07-30 4 9 9 4 0 7886892 14 100000
2013205 2013-07-31 8 4 3 0 3 8367556 406 100000
2013206 2013-08-01 1 7 3 8 5 8660590 167 100000
2013207 2013-08-02 9 5 9 8 0 9184718 44 100000
2013208 2013-08-03 4 2 1 9 9 8447746 26 100000
2013209 2013-08-04 5 6 2 5 1 8084330 95 100000
2013210 2013-08-05 5 3 9 0 4 8974320 11 100000
2013211 2013-08-06 7 3 4 0 0 8464830 22 100000
2013212 2013-08-07 1 4 3 4 1 8602634 25 100000
2013213 2013-08-08 3 3 8 8 0 8739706 46 100000
2013214 2013-08-09 7 7 9 8 8 9037894 34 100000
2013215 2013-08-10 5 4 1 3 5 8212014 72 100000
2013216 2013-08-11 0 0 5 6 2 8499988 17 100000
2013217 2013-08-12 8 9 8 5 8 8540844 75 100000
2013218 2013-08-13 1 4 7 8 2 8212212 23 100000
2013219 2013-08-14 5 2 7 9 3 9116778 56 100000
2013220 2013-08-15 3 0 0 3 1 9266576 40 100000
2013221 2013-08-16 6 0 9 5 6 9048112 59 100000
2013222 2013-08-17 6 0 5 6 2 8894916 30 100000
2013223 2013-08-18 5 7 1 0 2 8377402 19 100000
2013224 2013-08-19 0 0 0 0 9 9130744 67 100000
2013225 2013-08-20 9 5 2 2 1 7834952 28 100000
2013226 2013-08-21 0 8 3 8 2 8648100 6 100000
2013227 2013-08-22 5 5 9 0 3 8830090 38 100000
2013228 2013-08-23 7 5 6 6 8 9314890 29 100000
2013229 2013-08-24 2 9 0 6 7 8627206 12 100000
2013230 2013-08-25 4 5 2 6 2 8498330 7 100000
2013231 2013-08-26 0 5 9 3 5 8921154 20 100000
2013232 2013-08-27 6 4 7 9 5 8869212 21 100000
2013233 2013-08-28 4 2 2 0 3 8986136 30 100000
2013234 2013-08-29 5 6 5 1 1 9099242 54 100000
2013235 2013-08-30 9 0 9 8 4 9294370 15 100000
2013236 2013-08-31 5 5 7 8 0 8790182 104 100000
2013237 2013-09-01 6 8 2 6 3 8694550 67 100000
2013238 2013-09-02 6 9 5 7 8 9208078 36 100000
2013239 2013-09-03 6 9 2 6 0 9001748 5 100000
2013240 2013-09-04 7 5 1 0 8 9213480 42 100000
2013241 2013-09-05 8 6 6 8 6 9139744 114 100000
2013242 2013-09-06 5 1 1 2 4 9272660 82 100000
2013243 2013-09-07 4 8 1 8 9 8833754 28 100000
2013244 2013-09-08 6 4 2 4 7 8660960 63 100000
2013245 2013-09-09 3 0 4 3 7 9452684 27 100000
2013246 2013-09-10 2 7 4 5 5 8902328 49 100000
2013247 2013-09-11 6 7 3 0 8 9113358 77 100000
2013248 2013-09-12 4 7 7 7 3 9230266 32 100000
2013249 2013-09-13 6 9 0 5 5 9236060 8 100000
2013250 2013-09-14 7 1 4 2 3 8752254 24 100000
2013251 2013-09-15 6 5 9 1 3 8614496 33 100000
2013252 2013-09-16 9 7 8 2 4 9022742 16 100000
2013253 2013-09-17 6 8 7 5 6 8638916 34 100000
2013254 2013-09-18 8 3 8 9 8 8834098 40 100000
2013255 2013-09-19 0 1 5 5 1 7955524 6 100000
2013256 2013-09-20 2 8 6 7 0 8890090 41 100000
2013257 2013-09-21 6 2 7 6 2 8715314 55 100000
2013258 2013-09-22 9 3 0 7 3 8754962 64 100000
2013259 2013-09-23 0 4 4 2 0 9069292 7 100000
2013260 2013-09-24 8 5 4 2 4 8648098 26 100000
2013261 2013-09-25 5 6 3 4 8 8799526 121 100000
2013262 2013-09-26 4 3 3 2 0 9544686 27 100000
2013263 2013-09-27 5 2 1 9 4 9903320 25 100000
2013264 2013-09-28 0 3 5 3 6 8986706 11 100000
2013265 2013-09-29 8 2 1 3 4 8919744 14 100000
2013266 2013-09-30 9 2 6 2 9 8792068 85 100000
2013267 2013-10-01 9 1 5 0 3 7706666 32 100000
2013268 2013-10-02 8 3 1 2 1 7779914 94 100000
2013269 2013-10-03 3 0 5 7 8 8076376 21 100000
2013270 2013-10-04 2 5 3 9 2 8763420 39 100000
2013271 2013-10-05 7 9 1 6 9 8563160 44 100000
2013272 2013-10-06 6 9 0 8 6 8221494 13 100000
2013273 2013-10-07 4 1 8 6 5 8915234 39 100000
2013274 2013-10-08 6 9 5 8 0 9168498 14 100000
2013275 2013-10-09 1 6 5 1 0 9214008 52 100000
2013276 2013-10-10 8 4 5 5 5 8963336 97 100000
2013277 2013-10-11 4 5 3 8 7 9889114 24 100000
2013278 2013-10-12 3 9 3 8 3 9170922 51 100000
2013279 2013-10-13 9 0 0 6 3 8754362 9 100000
2013280 2013-10-14 5 7 5 0 8 8920770 43 100000
2013281 2013-10-15 9 9 7 5 9 8599914 29 100000
2013282 2013-10-16 9 0 1 1 2 8813886 34 100000
2013283 2013-10-17 3 1 4 3 1 8793624 50 100000
2013284 2013-10-18 8 5 4 8 8 9412000 36 100000
2013285 2013-10-19 5 7 1 5 6 8798368 146 100000
2013286 2013-10-20 2 4 7 5 4 9014462 32 100000
2013287 2013-10-21 9 0 9 7 3 9448916 22 100000
2013288 2013-10-22 9 2 6 8 8 9172074 25 100000
2013289 2013-10-23 6 0 7 7 4 9332136 20 100000
2013290 2013-10-24 6 6 3 0 0 9209686 11 100000
2013291 2013-10-25 5 5 6 6 4 9283820 37 100000
2013292 2013-10-26 9 4 9 4 2 8540186 18 100000
2013293 2013-10-27 4 2 1 8 6 8568296 24 100000
2013294 2013-10-28 7 3 2 6 1 9092138 32 100000
2013295 2013-10-29 8 2 0 5 3 8856132 26 100000
2013296 2013-10-30 5 5 7 1 2 9220826 19 100000
2013297 2013-10-31 3 8 9 9 5 9517582 124 100000
2013298 2013-11-01 3 3 7 5 3 10082994 12 100000
2013299 2013-11-02 0 8 7 6 6 9110910 15 100000
2013300 2013-11-03 1 9 2 4 1 8626158 54 100000
2013301 2013-11-04 3 7 6 4 1 9155998 11 100000
2013302 2013-11-05 3 1 6 0 1 8718028 22 100000
2013303 2013-11-06 8 2 0 0 2 9071592 9 100000
2013304 2013-11-07 0 1 4 8 4 8906386 9 100000
2013305 2013-11-08 2 3 8 1 7 9545854 72 100000
2013306 2013-11-09 1 2 0 6 5 8697382 19 100000
2013307 2013-11-10 5 9 8 8 1 8401658 18 100000
2013308 2013-11-11 2 5 7 3 1 8849752 22 100000
2013309 2013-11-12 3 0 8 9 4 9082336 24 100000
2013310 2013-11-13 8 7 3 7 3 9222512 56 100000
2013311 2013-11-14 6 9 4 2 0 9315368 36 100000
2013312 2013-11-15 4 6 9 6 1 10021480 36 100000
2013313 2013-11-16 7 1 3 4 8 8987882 59 100000
2013314 2013-11-17 7 0 0 7 7 9449844 28 100000
2013315 2013-11-18 4 9 7 9 9 8752746 25 100000
2013316 2013-11-19 8 3 2 4 0 8862232 17 100000
2013317 2013-11-20 4 5 5 2 1 9144374 20 100000
2013318 2013-11-21 7 8 0 0 5 9419048 36 100000
2013319 2013-11-22 9 1 8 3 0 9910064 49 100000
2013320 2013-11-23 3 8 8 7 4 8841420 23 100000
2013321 2013-11-24 8 0 0 9 0 8466926 33 100000
2013322 2013-11-25 1 5 7 9 7 9195978 15 100000
2013323 2013-11-26 5 2 5 7 2 9105472 98 100000
2013324 2013-11-27 1 6 9 6 6 9210522 43 100000
2013325 2013-11-28 7 7 5 9 3 9622128 9 100000
2013326 2013-11-29 3 3 1 0 9 9834956 43 100000
2013327 2013-11-30 7 7 5 1 5 8576840 14 100000
2013328 2013-12-01 9 0 1 9 2 9028478 18 100000
2013329 2013-12-02 3 5 8 1 9 9485326 50 100000
2013330 2013-12-03 8 9 3 5 5 9345668 346 100000
2013331 2013-12-04 1 8 9 4 4 9974648 79 100000
2013332 2013-12-05 7 2 6 6 7 10013714 138 100000
2013333 2013-12-06 6 6 5 1 9 10890190 57 100000
2013334 2013-12-07 4 3 9 4 5 9430678 57 100000
2013335 2013-12-08 8 5 2 2 8 9649870 85 100000
2013336 2013-12-09 1 6 6 8 1 9935426 34 100000
2013337 2013-12-10 3 2 6 5 2 9878360 68 100000
2013338 2013-12-11 5 4 9 2 6 10027868 119 100000
2013339 2013-12-12 9 5 8 3 9 10002442 35 100000
2013340 2013-12-13 4 1 4 0 5 10627640 81 100000
2013341 2013-12-14 1 5 6 4 1 9463204 48 100000
2013342 2013-12-15 2 5 4 0 4 9487016 81 100000
2013343 2013-12-16 6 6 1 5 9 10043420 83 100000
2013344 2013-12-17 1 1 0 0 6 9661390 41 100000
2013345 2013-12-18 0 6 7 8 8 9429122 20 100000
2013346 2013-12-19 7 6 7 4 6 9735456 11 100000
2013347 2013-12-20 7 9 7 1 0 10032752 23 100000
2013348 2013-12-21 5 6 6 6 1 8962388 26 100000
2013349 2013-12-22 8 3 3 7 6 8956060 46 100000
2013350 2013-12-23 0 5 2 1 1 9657328 27 100000
2013351 2013-12-24 2 1 1 7 8 9579320 38 100000
2013352 2013-12-25 4 5 4 2 8 9759388 15 100000
2013353 2013-12-26 5 8 9 4 4 9926252 52 100000
2013354 2013-12-27 9 9 7 9 7 10502594 89 100000
2013355 2013-12-28 0 3 0 9 1 9470022 13 100000
2013356 2013-12-29 8 0 0 5 7 9480464 110 100000
2013357 2013-12-30 1 5 4 7 4 9652476 50 100000
2013358 2013-12-31 9 8 8 0 2 10417854 24 100000
2014001 2014-01-01 9 6 3 4 9 9429318 8 100000
2014002 2014-01-02 3 7 5 9 1 9864952 68 100000
2014003 2014-01-03 6 1 2 9 9 10936992 22 100000
2014004 2014-01-04 9 2 9 0 9 10165538 24 100000
2014005 2014-01-05 1 2 1 5 4 9619626 17 100000
2014006 2014-01-06 3 4 4 5 9 9718334 16 100000
2014007 2014-01-07 4 2 4 8 0 9659264 35 100000
2014008 2014-01-08 1 3 4 7 5 9521086 32 100000
2014009 2014-01-09 6 1 8 5 6 9877404 37 100000
2014010 2014-01-10 4 1 6 4 2 10358502 24 100000
2014011 2014-01-11 5 3 7 3 3 9444018 150 100000
2014012 2014-01-12 9 0 2 3 9 9336734 20 100000
2014013 2014-01-13 6 0 0 8 7 9846878 14 100000
2014014 2014-01-14 5 3 5 0 9 9184014 41 100000
2014015 2014-01-15 1 7 5 0 8 9688050 41 100000
2014016 2014-01-16 9 8 2 4 3 9966428 17 100000
2014017 2014-01-17 0 7 1 5 4 10651892 33 100000
2014018 2014-01-18 0 2 1 6 8 9681596 19 100000
2014019 2014-01-19 4 3 0 7 3 9050252 21 100000
2014020 2014-01-20 1 8 2 0 2 9635008 16 100000
2014021 2014-01-21 3 5 4 6 0 9662992 27 100000
2014022 2014-01-22 6 0 3 4 4 9669024 24 100000
2014023 2014-01-23 6 4 9 8 1 9906602 38 100000
2014024 2014-01-24 2 2 4 8 3 10698596 69 100000
2014025 2014-01-25 2 0 7 4 7 9479556 11 100000
2014026 2014-01-26 1 0 7 4 7 9231586 22 100000
2014027 2014-01-27 7 2 7 1 8 9187608 88 100000
2014028 2014-01-28 4 4 0 1 2 8660438 9 100000
2014029 2014-01-29 6 0 5 7 8 8713718 34 100000
2014030 2014-02-07 4 0 5 8 4 9461920 17 100000
2014031 2014-02-08 8 9 1 8 4 7968542 13 100000
2014032 2014-02-09 2 6 6 6 9 7495494 16 100000
2014033 2014-02-10 9 4 9 1 9 8322840 15 100000
2014034 2014-02-11 5 1 8 6 6 8321956 119 100000
2014035 2014-02-12 4 6 7 0 4 8634492 47 100000
2014036 2014-02-13 1 0 4 5 0 9091498 15 100000
2014037 2014-02-14 1 8 5 7 1 9317574 15 100000
2014038 2014-02-15 2 9 1 5 9 8636804 8 100000
2014039 2014-02-16 9 2 2 2 8 8955516 40 100000
2014040 2014-02-17 9 0 1 8 9 8724800 84 100000
2014041 2014-02-18 7 2 5 4 7 8695860 79 100000
2014042 2014-02-19 3 6 3 8 3 9387448 75 100000
2014043 2014-02-20 5 0 1 0 4 9647638 16 100000
2014044 2014-02-21 3 5 4 2 8 10099066 17 100000
2014045 2014-02-22 7 4 7 2 9 9165456 52 100000
2014046 2014-02-23 5 8 4 2 1 9104646 27 100000
2014047 2014-02-24 8 9 8 6 9 9581084 43 100000
2014048 2014-02-25 8 6 1 1 5 9076044 50 100000
2014049 2014-02-26 9 0 8 9 4 9279974 12 100000
2014050 2014-02-27 4 2 4 3 9 9694892 14 100000
2014051 2014-02-28 5 3 6 4 2 9671846 60 100000
2014052 2014-03-01 0 3 2 5 7 9068202 13 100000
2014053 2014-03-02 8 1 2 3 6 8688656 22 100000
2014054 2014-03-03 7 2 5 8 2 9479308 19 100000
2014055 2014-03-04 8 0 7 3 7 9804792 15 100000
2014056 2014-03-05 6 7 8 2 9 9327420 57 100000
2014057 2014-03-06 5 0 1 5 9 10237434 14 100000
2014058 2014-03-07 3 2 2 6 9 10186344 12 100000
2014059 2014-03-08 4 2 9 4 0 8743972 59 100000
2014060 2014-03-09 9 3 2 3 8 9210166 16 100000
2014061 2014-03-10 2 2 5 0 5 9368430 30 100000
2014062 2014-03-11 3 8 2 3 2 9502554 42 100000
2014063 2014-03-12 4 7 8 2 8 9588692 120 100000
2014064 2014-03-13 2 1 8 1 4 10089972 25 100000
2014065 2014-03-14 2 9 0 3 1 10421936 11 100000
2014066 2014-03-15 0 0 3 3 4 8959288 9 100000
2014067 2014-03-16 3 1 8 0 3 8983120 19 100000
2014068 2014-03-17 1 0 2 3 8 9444876 26 100000
2014069 2014-03-18 0 6 4 4 0 9168706 18 100000
2014070 2014-03-19 1 1 9 2 1 9245002 231 100000
2014071 2014-03-20 2 9 2 4 0 9081424 44 100000
2014072 2014-03-21 4 8 8 7 4 10089302 122 100000
2014073 2014-03-22 0 4 2 6 8 8788930 19 100000
2014074 2014-03-23 5 0 0 0 1 8958812 14 100000
2014075 2014-03-24 4 1 4 7 5 8922054 11 100000
2014076 2014-03-25 3 8 2 7 0 9153942 48 100000
2014077 2014-03-26 7 4 7 6 5 9454366 31 100000
2014078 2014-03-27 4 6 7 6 1 9615802 19 100000
2014079 2014-03-28 7 9 4 1 9 10295908 38 100000
2014080 2014-03-29 5 8 7 4 6 8746398 60 100000
2014081 2014-03-30 2 0 6 3 9 8971654 26 100000
2014082 2014-03-31 3 2 4 1 8 9779642 70 100000
2014083 2014-04-01 0 9 3 2 1 9210136 25 100000
2014084 2014-04-02 9 8 7 0 3 9522082 35 100000
2014085 2014-04-03 2 4 3 1 5 9233812 39 100000
2014086 2014-04-04 7 9 5 2 5 9728618 18 100000
2014087 2014-04-05 8 4 4 1 9 8285722 24 100000
2014088 2014-04-06 5 7 1 9 4 8714552 79 100000
2014089 2014-04-07 6 6 0 9 3 9200586 35 100000
2014090 2014-04-08 8 3 8 9 6 8985928 9 100000
2014091 2014-04-09 4 9 6 7 9 9469060 36 100000
2014092 2014-04-10 5 0 8 3 8 9424590 136 100000
2014093 2014-04-11 1 9 6 1 0 10105490 29 100000
2014094 2014-04-12 1 8 9 1 9 8889576 34 100000
2014095 2014-04-13 7 7 5 7 3 8817846 25 100000
2014096 2014-04-14 2 1 6 4 3 9135022 13 100000
2014097 2014-04-15 7 7 4 7 5 9219542 7 100000
2014098 2014-04-16 1 3 9 4 8 9664480 283 100000
2014099 2014-04-17 4 6 4 4 5 9528754 16 100000
2014100 2014-04-18 2 6 9 5 2 10077954 43 100000
2014101 2014-04-19 1 0 9 9 4 8953616 7 100000
2014102 2014-04-20 7 5 0 9 4 9221846 3 100000
2014103 2014-04-21 8 3 2 4 2 9393540 14 100000
2014104 2014-04-22 5 7 6 2 0 9858770 52 100000
2014105 2014-04-23 4 9 0 3 1 9473180 13 100000
2014106 2014-04-24 0 8 2 1 0 10028398 24 100000
2014107 2014-04-25 6 3 9 2 9 9820818 84 100000
2014108 2014-04-26 1 6 8 5 1 9606840 159 100000
2014109 2014-04-27 6 5 2 9 0 9184878 17 100000
2014110 2014-04-28 4 7 5 5 0 9368380 37 100000
2014111 2014-04-29 9 0 5 4 3 9172302 25 100000
2014112 2014-04-30 0 1 3 9 1 9009768 6 100000
2014113 2014-05-01 7 5 8 4 0 8066458 15 100000
2014114 2014-05-02 2 1 4 3 3 9345322 25 100000
2014115 2014-05-03 1 6 5 7 4 8981908 70 100000
2014116 2014-05-04 9 0 6 3 1 9183706 33 100000
2014117 2014-05-05 8 9 5 1 8 9414750 44 100000
2014118 2014-05-06 1 9 4 3 8 9303652 20 100000
2014119 2014-05-07 9 0 4 9 5 9169496 25 100000
2014120 2014-05-08 2 4 4 4 6 9628772 46 100000
2014121 2014-05-09 5 8 0 7 1 9462236 40 100000
2014122 2014-05-10 2 0 3 9 6 8658274 33 100000
2014123 2014-05-11 8 3 1 7 2 8589746 35 100000
2014124 2014-05-12 3 9 5 8 2 9116536 26 100000
2014125 2014-05-13 1 4 7 4 0 8946870 34 100000
2014126 2014-05-14 8 4 8 4 2 9060562 18 100000
2014127 2014-05-15 2 2 7 8 8 9363080 74 100000
2014128 2014-05-16 2 1 5 1 3 9451086 29 100000
2014129 2014-05-17 0 8 8 4 8 8483700 18 100000
2014130 2014-05-18 0 1 4 2 4 8457520 4 100000
2014131 2014-05-19 5 9 4 1 7 8948624 45 100000
2014132 2014-05-20 3 5 1 6 5 8708432 182 100000
2014133 2014-05-21 0 0 6 2 9 8901688 29 100000
2014134 2014-05-22 6 3 3 1 7 8949984 40 100000
2014135 2014-05-23 1 4 4 6 5 9260400 55 100000
2014136 2014-05-24 2 6 8 3 4 8397742 68 100000
2014137 2014-05-25 5 5 8 2 6 8388692 77 100000
2014138 2014-05-26 3 8 7 5 1 9086138 70 100000
2014139 2014-05-27 1 3 8 8 4 9070602 72 100000
2014140 2014-05-28 7 6 6 3 2 9208286 119 100000
2014141 2014-05-29 8 1 0 2 1 9536984 36 100000
2014142 2014-05-30 6 5 6 4 0 9784118 39 100000
2014143 2014-05-31 6 7 5 8 6 7989654 17 100000
2014144 2014-06-01 8 6 5 7 1 7721788 23 100000
2014145 2014-06-02 4 1 5 3 8 7901826 30 100000
2014146 2014-06-03 8 1 8 8 1 8825892 47 100000
2014147 2014-06-04 1 4 2 8 4 8360494 53 100000
2014148 2014-06-05 2 9 5 0 8 9508090 98 100000
2014149 2014-06-06 6 8 9 7 1 9745404 49 100000
2014150 2014-06-07 0 2 8 0 2 8776772 70 100000
2014151 2014-06-08 9 8 7 2 1 8391838 76 100000
2014152 2014-06-09 0 2 8 0 6 8405350 18 100000
2014153 2014-06-10 3 0 8 9 0 8485102 6 100000
2014154 2014-06-11 2 6 8 9 2 8606152 7 100000
2014155 2014-06-12 2 1 3 4 1 8843156 29 100000
2014156 2014-06-13 1 5 9 8 5 9172754 78 100000
2014157 2014-06-14 0 7 9 9 0 8313670 22 100000
2014158 2014-06-15 3 7 0 9 2 8949082 15 100000
2014159 2014-06-16 0 9 0 6 0 9049332 52 100000
2014160 2014-06-17 9 2 8 5 2 8235722 21 100000
2014161 2014-06-18 5 5 0 9 4 8405902 18 100000
2014162 2014-06-19 7 2 9 1 9 8769114 86 100000
2014163 2014-06-20 3 0 2 8 3 9416038 46 100000
2014164 2014-06-21 9 9 3 4 9 8352976 28 100000
2014165 2014-06-22 1 5 2 9 0 8188946 27 100000
2014166 2014-06-23 0 9 9 3 3 8472026 26 100000
2014167 2014-06-24 7 6 5 0 7 8208300 24 100000
2014168 2014-06-25 1 9 8 6 3 8253174 20 100000
2014169 2014-06-26 1 0 4 6 2 8686950 8 100000
2014170 2014-06-27 2 5 7 4 7 9100928 80 100000
2014171 2014-06-28 6 3 0 9 1 8112174 61 100000
2014172 2014-06-29 9 5 9 8 1 8911060 18 100000
2014173 2014-06-30 8 8 8 8 7 8308852 70 100000
2014174 2014-07-01 4 0 9 7 5 7943754 30 100000
2014175 2014-07-02 6 9 1 0 9 8670104 21 100000
2014176 2014-07-03 0 3 4 6 4 8965142 45 100000
2014177 2014-07-04 5 8 0 4 3 8996814 26 100000
2014178 2014-07-05 9 0 9 1 1 8165356 39 100000
2014179 2014-07-06 2 6 4 9 9 8087686 10 100000
2014180 2014-07-07 7 5 9 1 4 8192756 20 100000
2014181 2014-07-08 7 2 7 5 9 8312398 23 100000
2014182 2014-07-09 7 5 3 8 0 8661874 11 100000
2014183 2014-07-10 7 7 4 9 6 9037234 14 100000
2014184 2014-07-11 5 2 3 3 5 9305322 41 100000
2014185 2014-07-12 4 5 2 5 1 7917494 18 100000
2014186 2014-07-13 6 0 5 7 2 8051012 37 100000
2014187 2014-07-14 3 2 6 5 8 8642908 66 100000
2014188 2014-07-15 3 0 2 2 1 8344544 17 100000
2014189 2014-07-16 5 5 0 3 7 8121558 26 100000
2014190 2014-07-17 5 3 7 6 6 8403468 37 100000
2014191 2014-07-18 7 5 7 0 5 8836910 62 100000
2014192 2014-07-19 5 3 9 1 5 7776254 17 100000
2014193 2014-07-20 5 1 3 6 6 7793886 18 100000
2014194 2014-07-21 0 4 6 4 8 8016392 66 100000
2014195 2014-07-22 8 4 0 6 8 8028922 8 100000
2014196 2014-07-23 4 6 0 1 8 7963350 8 100000
2014197 2014-07-24 9 7 4 2 8 8349388 16 100000
2014198 2014-07-25 8 9 3 8 8 8812346 7 100000
2014199 2014-07-26 2 5 1 3 7 7907730 55 100000
2014200 2014-07-27 0 2 5 7 4 14262264 43 100000
2014201 2014-07-28 8 3 4 7 3 8362040 23 100000
2014202 2014-07-29 4 7 5 5 3 8085964 8 100000
2014203 2014-07-30 4 1 1 8 3 8177548 14 100000
2014204 2014-07-31 5 6 4 7 4 8145536 37 100000
2014205 2014-08-01 9 0 7 7 3 8644206 50 100000
2014206 2014-08-02 9 0 6 4 8 7760656 18 100000
2014207 2014-08-03 1 4 7 3 2 7651448 28 100000
2014208 2014-08-04 7 7 8 8 9 7977344 87 100000
2014209 2014-08-05 7 1 2 2 0 7797420 84 100000
2014210 2014-08-06 4 0 5 8 5 8050870 24 100000
2014211 2014-08-07 2 0 5 7 4 8388154 16 100000
2014212 2014-08-08 0 5 6 1 0 8991262 15 100000
2014213 2014-08-09 7 7 5 9 5 7949404 21 100000
2014214 2014-08-10 2 1 4 3 0 7990456 15 100000
2014215 2014-08-11 6 0 9 8 1 8384924 21 100000
2014216 2014-08-12 0 3 3 3 4 8280812 4 100000
2014217 2014-08-13 1 3 7 7 1 8171128 29 100000
2014218 2014-08-14 8 0 8 8 3 8555358 25 100000
2014219 2014-08-15 2 9 5 1 1 8907214 9 100000
2014220 2014-08-16 4 4 9 1 9 8454572 27 100000
2014221 2014-08-17 2 7 2 3 7 8329484 16 100000
2014222 2014-08-18 5 0 4 5 2 8094936 37 100000
2014223 2014-08-19 8 0 4 5 5 8511638 39 100000
2014224 2014-08-20 6 9 6 7 3 8260266 59 100000
2014225 2014-08-21 7 9 2 1 7 8639360 84 100000
2014226 2014-08-22 1 9 3 6 8 9596206 61 100000
2014227 2014-08-23 3 2 6 7 4 8150614 62 100000
2014228 2014-08-24 2 4 3 4 6 8171292 18 100000
2014229 2014-08-25 4 7 4 5 8 8576746 97 100000
2014230 2014-08-26 0 8 3 0 5 9039856 14 200000
2014231 2014-08-27 4 6 3 2 6 9464080 14 200000
2014232 2014-08-28 6 1 4 6 0 9539570 12 200000
2014233 2014-08-29 9 2 1 6 9 10272300 46 143478
2014234 2014-08-30 0 7 1 3 7 8957962 31 148387
2014235 2014-08-31 7 4 8 0 2 9015906 56 126785
2014236 2014-09-01 8 4 1 4 6 9424256 21 171428
2014237 2014-09-02 6 8 5 8 6 9217932 47 131914
2014238 2014-09-03 4 1 9 7 7 9336896 179 108379
2014239 2014-09-04 7 2 4 7 7 9618864 64 123437
2014240 2014-09-05 8 6 4 5 7 10088406 29 151724
2014241 2014-09-06 8 5 8 5 9 8892196 52 128846
2014242 2014-09-07 2 4 5 4 0 8403974 27 155555
2014243 2014-09-08 7 9 9 0 3 8560216 13 200000
2014244 2014-09-09 3 0 2 1 8 9102214 112 115178
2014245 2014-09-10 6 1 9 2 3 9223202 53 128301
2014246 2014-09-11 2 2 2 3 3 9476974 144 110416
2014247 2014-09-12 2 2 9 1 2 9328778 64 123437
2014248 2014-09-13 4 4 1 2 6 8593592 35 142857
2014249 2014-09-14 8 1 0 8 3 8838596 32 146875
2014250 2014-09-15 1 7 7 3 9 9110252 76 119736
2014251 2014-09-16 4 2 1 4 2 9024110 23 165217
2014252 2014-09-17 5 5 7 8 2 9622314 23 165217
2014253 2014-09-18 4 4 1 3 0 9411788 20 175000
2014254 2014-09-19 9 2 4 7 1 10239082 53 128301
2014255 2014-09-20 6 9 1 4 3 9087314 25 160000
2014256 2014-09-21 7 7 1 4 0 9044960 23 165217
2014257 2014-09-22 6 6 6 0 4 9235112 0 171428
2014258 2014-09-23 4 5 2 3 3 8841172 33 145454
2014259 2014-09-24 1 1 0 4 4 9230562 34 144117
2014260 2014-09-25 3 6 6 7 7 9055808 23 100000
2014261 2014-09-26 4 1 2 6 2 9654020 32 100000
2014262 2014-09-27 2 1 9 2 0 8987518 56 100000
2014263 2014-09-28 8 5 7 5 2 8808504 21 100000
2014264 2014-09-29 1 0 7 5 5 8913858 40 100000
2014265 2014-09-30 4 5 9 2 5 8751198 53 100000
2014266 2014-10-01 5 0 6 9 5 7727586 16 100000
2014267 2014-10-02 1 4 9 3 5 7782964 7 100000
2014268 2014-10-03 7 4 0 6 7 8496908 15 100000
2014269 2014-10-04 0 3 2 5 6 8207356 21 100000
2014270 2014-10-05 6 5 8 5 5 7956324 16 100000
2014271 2014-10-06 7 7 0 5 7 8292682 22 100000
2014272 2014-10-07 4 1 7 3 3 9149224 31 100000
2014273 2014-10-08 5 8 5 3 2 9432116 22 100000
2014274 2014-10-09 4 7 5 3 2 9356684 36 100000
2014275 2014-10-10 2 8 6 1 3 10289168 0 100000
2014276 2014-10-11 4 9 7 2 7 8808420 163 100000
2014277 2014-10-12 5 1 3 3 1 8658188 41 100000
2014278 2014-10-13 7 3 9 4 7 9144620 30 100000
2014279 2014-10-14 5 9 2 9 9 9150564 114 100000
2014280 2014-10-15 1 3 1 7 4 8861600 40 100000
2014281 2014-10-16 7 9 4 4 6 9270310 46 100000
2014282 2014-10-17 5 9 0 7 4 10172784 5 100000
2014283 2014-10-18 3 4 3 9 2 8699090 75 100000
2014284 2014-10-19 0 1 8 6 5 8942838 52 100000
2014285 2014-10-20 8 2 6 4 4 8825160 9 100000
2014286 2014-10-21 9 8 8 0 0 9067400 64 100000
2014287 2014-10-22 2 7 5 9 5 8645430 48 100000
2014288 2014-10-23 2 4 5 2 9 9256104 17 100000
2014289 2014-10-24 0 4 8 4 5 9749044 32 100000
2014290 2014-10-25 4 3 3 2 7 8656128 55 100000
2014291 2014-10-26 4 8 8 0 7 8711198 46 100000
2014292 2014-10-27 8 4 1 8 2 8624456 21 100000
2014293 2014-10-28 3 5 9 9 5 8609476 45 100000
2014294 2014-10-29 8 1 5 6 2 8930192 473 100000
2014295 2014-10-30 7 9 4 6 9 9470824 20 100000
2014296 2014-10-31 3 9 9 7 9 10464308 76 100000
2014297 2014-11-01 8 8 8 1 1 9025228 39 100000
2014298 2014-11-02 2 8 0 5 2 8211552 12 100000
2014299 2014-11-03 5 3 2 5 3 9171126 105 100000
2014300 2014-11-04 2 9 0 1 7 9237614 25 100000
2014301 2014-11-05 5 2 4 2 2 9182880 31 100000
2014302 2014-11-06 8 6 2 5 3 9989920 25 100000
2014303 2014-11-07 0 7 8 1 5 10306108 69 100000
2014304 2014-11-08 7 5 0 2 5 9317002 29 100000
2014305 2014-11-09 0 0 4 8 7 9377062 7 100000
2014306 2014-11-10 1 3 1 0 6 9070562 27 100000
2014307 2014-11-11 2 9 6 3 9 8884834 67 100000
2014308 2014-11-12 1 8 0 9 1 9360304 34 100000
2014309 2014-11-13 3 8 2 8 8 9317222 36 100000
2014310 2014-11-14 4 8 9 1 8 9868756 60 100000
2014311 2014-11-15 2 9 6 8 1 8626940 29 100000
2014312 2014-11-16 3 7 7 5 5 9276894 22 100000
2014313 2014-11-17 4 0 2 0 3 9109900 9 100000
2014314 2014-11-18 7 9 5 3 3 9230378 12 100000
2014315 2014-11-19 1 5 3 4 2 9175538 36 100000
2014316 2014-11-20 3 7 1 5 9 9436700 73 100000
2014317 2014-11-21 0 5 9 1 1 10316042 60 100000
2014318 2014-11-22 5 9 4 5 1 8904058 20 100000
2014319 2014-11-23 6 9 6 5 7 8951162 25 100000
2014320 2014-11-24 2 3 6 0 7 8970420 16 100000
2014321 2014-11-25 6 5 2 9 7 8896410 25 100000
2014322 2014-11-26 9 6 9 8 3 9171458 30 100000
2014323 2014-11-27 8 2 6 1 2 9035204 127 100000
2014324 2014-11-28 5 8 9 1 8 10132500 104 100000
2014325 2014-11-29 0 3 7 6 6 8894612 27 100000
2014326 2014-11-30 8 8 1 5 3 8663796 16 100000
2014327 2014-12-01 3 5 4 4 3 8863860 89 100000
2014328 2014-12-02 5 4 3 2 0 8807756 29 100000
2014329 2014-12-03 3 5 9 7 6 8885018 2 100000
2014330 2014-12-04 7 8 0 0 6 9256826 23 100000
2014331 2014-12-05 7 1 3 5 0 10406812 25 100000
2014332 2014-12-06 6 6 6 9 2 9057886 91 100000
2014333 2014-12-07 6 9 5 6 4 8384546 23 100000
2014334 2014-12-08 3 9 4 4 0 8912262 8 100000
2014335 2014-12-09 9 0 1 2 8 9482318 109 100000
2014336 2014-12-10 7 5 3 5 6 8896468 89 100000
2014337 2014-12-11 6 6 2 2 2 9744214 30 100000
2014338 2014-12-12 3 9 8 5 0 9774294 65 100000
2014339 2014-12-13 5 8 9 8 9 8945322 93 100000
2014340 2014-12-14 1 2 9 2 3 8982956 24 100000
2014341 2014-12-15 7 1 1 7 3 9124124 13 100000
2014342 2014-12-16 9 7 6 8 9 8986954 5 100000
2014343 2014-12-17 6 8 7 8 6 9029252 97 100000
2014344 2014-12-18 0 9 7 4 2 9480836 27 100000
2014345 2014-12-19 5 1 2 4 9 10153528 59 100000
2014346 2014-12-20 2 0 4 4 4 9346736 25 100000
2014347 2014-12-21 9 8 2 3 1 8795690 32 100000
2014348 2014-12-22 1 6 8 4 8 9519008 59 100000
2014349 2014-12-23 6 6 1 6 2 9454686 42 100000
2014350 2014-12-24 2 6 6 5 7 9175682 102 100000
2014351 2014-12-25 6 8 8 4 7 9567860 90 100000
2014352 2014-12-26 0 6 0 0 8 10433770 8 100000
2014353 2014-12-27 3 5 5 6 5 9063432 51 100000
2014354 2014-12-28 0 6 9 5 8 9168476 6 100000
2014355 2014-12-29 9 5 0 0 0 9837816 62 100000
2014356 2014-12-30 7 8 6 8 9 9679836 22 100000
2014357 2014-12-31 3 6 2 8 5 9906890 38 100000
2015001 2015-01-01 3 9 7 4 0 8713118 14 100000
2015002 2015-01-02 7 4 9 8 4 9592328 34 100000
2015003 2015-01-03 5 2 4 7 2 9115080 92 100000
2015004 2015-01-04 1 4 2 8 2 9560430 44 100000
2015005 2015-01-05 6 9 3 9 6 10022278 225 100000
2015006 2015-01-06 9 4 7 8 6 9834624 50 100000
2015007 2015-01-07 0 3 9 3 3 9934904 16 100000
2015008 2015-01-08 6 1 3 8 2 9665900 26 100000
2015009 2015-01-09 5 7 4 9 1 10770124 114 100000
2015010 2015-01-10 8 6 2 2 6 9397088 33 100000
2015011 2015-01-11 3 1 8 2 6 10044874 86 100000
2015012 2015-01-12 8 6 4 9 6 9873752 16 100000
2015013 2015-01-13 4 1 2 0 7 9891728 14 100000
2015014 2015-01-14 4 0 3 7 2 9737956 14 100000
2015015 2015-01-15 8 4 5 4 1 10018462 13 100000
2015016 2015-01-16 2 9 0 8 4 10826582 33 100000
2015017 2015-01-17 8 8 0 0 5 9531208 87 100000
2015018 2015-01-18 8 3 1 1 6 9121784 27 100000
2015019 2015-01-19 9 1 4 8 6 9362584 35 100000
2015020 2015-01-20 2 1 6 6 2 9913960 19 100000
2015021 2015-01-21 3 3 9 5 2 10003136 80 100000
2015022 2015-01-22 7 5 8 9 4 9964128 121 100000
2015023 2015-01-23 4 9 6 8 4 10888330 24 100000
2015024 2015-01-24 6 0 6 1 0 10261528 39 100000
2015025 2015-01-25 3 8 1 1 9 9256510 52 100000
2015026 2015-01-26 8 3 3 2 7 10382752 437 100000
2015027 2015-01-27 2 8 1 1 8 10024574 69 100000
2015028 2015-01-28 3 5 7 4 4 10614466 76 100000
2015029 2015-01-29 9 2 7 5 9 10852310 50 100000
2015030 2015-01-30 8 2 0 6 4 10711156 14 100000
2015031 2015-01-31 5 2 4 3 0 9842668 30 100000
2015032 2015-02-01 4 1 3 4 3 9391078 70 100000
2015033 2015-02-02 9 8 6 3 7 10693234 27 100000
2015034 2015-02-03 0 4 9 3 5 11078912 17 100000
2015035 2015-02-04 6 7 4 5 3 9767700 53 100000
2015036 2015-02-05 8 7 1 1 5 10190678 29 100000
2015037 2015-02-06 1 5 1 9 6 10800682 31 100000
2015038 2015-02-07 9 2 2 3 1 9254680 35 100000
2015039 2015-02-08 5 4 8 5 8 10150614 41 100000
2015040 2015-02-09 4 6 6 9 7 9639838 54 100000
2015041 2015-02-10 5 3 8 4 2 9910374 50 100000
2015042 2015-02-11 2 3 2 7 1 10936866 33 100000
2015043 2015-02-12 7 5 1 3 5 9806512 103 100000
2015044 2015-02-13 7 2 5 4 5 11038622 320 100000
2015045 2015-02-14 5 7 7 0 9 11145410 49 100000
2015046 2015-02-15 3 0 5 3 3 9413632 22 100000
2015047 2015-02-16 8 0 0 4 5 9225986 30 100000
2015048 2015-02-17 0 8 5 2 9 8769684 19 100000
2015049 2015-02-25 2 5 1 4 6 8449238 13 100000
2015050 2015-02-26 0 3 9 1 9 8415860 13 100000
2015051 2015-02-27 9 5 1 7 9 9832970 23 100000
2015052 2015-02-28 5 9 8 1 1 8785254 40 100000
2015053 2015-03-01 7 4 7 1 9 9103028 17 100000
2015054 2015-03-02 0 6 3 3 3 8528326 7 100000
2015055 2015-03-03 9 6 9 9 6 9327600 35 100000
2015056 2015-03-04 8 1 3 0 7 8120922 17 100000
2015057 2015-03-05 7 7 9 6 0 9149952 19 100000
2015058 2015-03-06 8 8 9 2 9 8853960 14 100000
2015059 2015-03-07 0 2 4 5 5 8220212 27 100000
2015060 2015-03-08 4 4 7 2 7 8082880 39 100000
2015061 2015-03-09 9 1 8 1 6 8670096 93 100000
2015062 2015-03-10 0 6 8 5 7 8812022 9 100000
2015063 2015-03-11 1 3 8 5 3 8860664 18 100000
2015064 2015-03-12 5 2 7 5 8 10344074 90 100000
2015065 2015-03-13 6 9 6 2 6 10708254 38 100000
2015066 2015-03-14 2 0 8 2 7 8620078 27 100000
2015067 2015-03-15 7 1 8 5 7 8808916 20 100000
2015068 2015-03-16 5 5 9 7 1 10467914 27 100000
2015069 2015-03-17 9 8 6 1 8 8953300 48 100000
2015070 2015-03-18 4 1 8 7 6 10047438 57 100000
2015071 2015-03-19 7 5 9 0 9 9682222 38 100000
2015072 2015-03-20 7 9 3 4 6 10172426 18 100000
2015073 2015-03-21 9 4 2 1 0 8946654 16 100000
2015074 2015-03-22 4 4 1 6 2 8799158 58 100000
2015075 2015-03-23 4 2 3 0 1 10204956 13 100000
2015076 2015-03-24 9 3 7 6 1 8814368 9 100000
2015077 2015-03-25 9 6 5 9 6 8932300 87 100000
2015078 2015-03-26 1 1 4 8 3 9033038 75 100000
2015079 2015-03-27 5 2 8 0 6 9741632 43 100000
2015080 2015-03-28 3 2 0 1 4 8550156 163 100000
2015081 2015-03-29 6 0 3 1 8 8413192 63 100000
2015082 2015-03-30 2 5 5 1 5 8927988 20 100000
2015083 2015-03-31 0 1 3 1 7 8822800 7 100000
2015084 2015-04-01 9 4 1 5 5 8604402 21 100000
2015085 2015-04-02 4 1 6 5 2 9203842 46 100000
2015086 2015-04-03 9 3 0 0 9 10091742 27 100000
2015087 2015-04-04 0 1 3 4 4 8042472 30 100000
2015088 2015-04-05 1 0 8 1 0 7851170 55 100000
2015089 2015-04-06 6 5 4 8 9 8372350 34 100000
2015090 2015-04-07 6 8 4 8 3 8670644 22 100000
2015091 2015-04-08 7 9 5 1 5 8713956 27 100000
2015092 2015-04-09 7 0 3 1 0 9118722 18 100000
2015093 2015-04-10 6 0 2 4 5 9646010 53 100000
2015094 2015-04-11 5 4 6 2 9 8444902 81 100000
2015095 2015-04-12 2 3 7 8 8 8599492 48 100000
2015096 2015-04-13 2 1 8 2 9 8974672 34 100000
2015097 2015-04-14 6 8 8 3 1 8942158 39 100000
2015098 2015-04-15 4 1 3 1 2 8752876 45 100000
2015099 2015-04-16 7 7 1 5 8 9154126 114 100000
2015100 2015-04-17 5 3 6 6 8 10008536 47 100000
2015101 2015-04-18 6 3 3 2 8 8840774 19 100000
2015102 2015-04-19 3 9 5 3 0 8844236 20 100000
2015103 2015-04-20 4 9 9 0 1 9044758 25 100000
2015104 2015-04-21 9 8 6 5 6 8864544 56 100000
2015105 2015-04-22 7 0 0 4 1 9061580 29 100000
2015106 2015-04-23 6 8 8 9 8 9117456 34 100000
2015107 2015-04-24 7 1 0 6 1 9451172 7 100000
2015108 2015-04-25 8 6 5 3 8 8464198 99 100000
2015109 2015-04-26 6 4 9 7 9 8581508 24 100000
2015110 2015-04-27 8 2 4 5 4 8899496 67 100000
2015111 2015-04-28 9 7 2 1 4 9114658 15 100000
2015112 2015-04-29 9 7 1 8 8 8970996 33 100000
2015113 2015-04-30 7 7 7 2 4 8644112 54 100000
2015114 2015-05-01 3 1 0 7 0 7845440 17 100000
2015115 2015-05-02 6 2 3 0 2 7740068 53 100000
2015116 2015-05-03 7 6 8 7 4 8229434 24 100000
2015117 2015-05-04 7 6 0 9 8 8569810 7 100000
2015118 2015-05-05 2 7 3 5 5 8429850 21 100000
2015119 2015-05-06 6 1 4 4 0 8566772 19 100000
2015120 2015-05-07 8 7 4 9 3 9055722 45 100000
2015121 2015-05-08 6 4 0 3 7 9433362 31 100000
2015122 2015-05-09 6 7 5 4 8 8252470 36 100000
2015123 2015-05-10 5 9 0 4 2 8370252 8 100000
2015124 2015-05-11 5 1 3 3 3 8452536 62 100000
2015125 2015-05-12 5 4 4 0 0 8443900 44 100000
2015126 2015-05-13 2 1 1 2 5 8120460 92 100000
2015127 2015-05-14 0 8 1 8 1 8506982 16 100000
2015128 2015-05-15 8 9 2 3 3 9151628 19 100000
2015129 2015-05-16 2 3 2 7 1 8151700 24 100000
2015130 2015-05-17 5 1 2 2 8 8229004 168 100000
2015131 2015-05-18 7 7 4 7 2 8444100 36 100000
2015132 2015-05-19 3 9 3 9 6 8620008 74 100000
2015133 2015-05-20 9 5 6 2 6 8594104 34 100000
2015134 2015-05-21 1 5 6 9 1 9052462 61 100000
2015135 2015-05-22 0 2 7 5 6 9431764 3 100000
2015136 2015-05-23 8 8 4 3 8 8218812 28 100000
2015137 2015-05-24 2 2 9 8 4 8248796 45 100000
2015138 2015-05-25 4 7 3 2 0 8408842 71 100000
2015139 2015-05-26 8 1 1 1 2 8839880 28 100000
2015140 2015-05-27 6 7 7 9 3 8509188 20 100000
2015141 2015-05-28 9 2 9 2 7 8855698 71 100000
2015142 2015-05-29 2 9 6 6 3 9673824 45 100000
2015143 2015-05-30 2 4 0 4 0 8104938 26 100000
2015144 2015-05-31 0 5 4 5 8 8278734 43 100000
2015145 2015-06-01 6 2 7 0 1 8420522 17 100000
2015146 2015-06-02 3 1 8 8 4 8469568 20 100000
2015147 2015-06-03 0 7 5 0 6 8668504 9 100000
2015148 2015-06-04 1 6 1 5 6 8744912 15 100000
2015149 2015-06-05 0 8 4 4 0 9069620 30 100000
2015150 2015-06-06 7 7 5 8 2 8273686 71 100000
2015151 2015-06-07 4 5 5 1 8 8220868 58 100000
2015152 2015-06-08 6 8 1 7 6 8434934 55 100000
2015153 2015-06-09 0 8 8 0 3 8722220 14 100000
2015154 2015-06-10 2 2 4 4 5 8425696 23 100000
2015155 2015-06-11 4 0 5 3 9 8557428 39 100000
2015156 2015-06-12 9 7 3 7 1 9438960 31 100000
2015157 2015-06-13 0 8 4 3 2 8114346 53 100000
2015158 2015-06-14 7 6 3 9 2 8362160 27 100000
2015159 2015-06-15 7 2 2 0 2 8468998 12 100000
2015160 2015-06-16 1 7 3 1 0 8088796 21 100000
2015161 2015-06-17 6 6 2 7 8 8184940 34 100000
2015162 2015-06-18 0 7 6 8 5 8465442 18 100000
2015163 2015-06-19 6 4 6 3 2 8961318 7 100000
2015164 2015-06-20 3 9 2 9 0 7465746 47 100000
2015165 2015-06-21 3 8 9 8 4 7706458 13 100000
2015166 2015-06-22 5 3 3 9 7 8217742 40 100000
2015167 2015-06-23 3 5 6 9 2 8240172 118 100000
2015168 2015-06-24 7 4 4 0 9 8340502 25 100000
2015169 2015-06-25 1 6 0 4 0 8532792 29 100000
2015170 2015-06-26 9 0 0 2 5 9137942 54 100000
2015171 2015-06-27 4 1 0 5 1 7749012 21 100000
2015172 2015-06-28 4 0 6 0 5 7926350 17 100000
2015173 2015-06-29 5 3 7 9 5 8260536 18 100000
2015174 2015-06-30 9 3 4 7 5 8087322 18 100000
2015175 2015-07-01 6 1 6 1 1 8223028 71 100000
2015176 2015-07-02 7 6 2 0 7 8274090 52 100000
2015177 2015-07-03 0 7 0 1 1 9186458 14 100000
2015178 2015-07-04 7 2 0 1 5 7850458 38 100000
2015179 2015-07-05 5 3 5 9 6 7940314 17 100000
2015180 2015-07-06 0 2 0 2 0 8156916 128 100000
2015181 2015-07-07 8 6 8 0 1 7839296 36 100000
2015182 2015-07-08 7 8 4 5 1 7954072 23 100000
2015183 2015-07-09 6 5 3 6 4 8347866 70 100000
2015184 2015-07-10 2 9 1 1 3 9035874 107 100000
2015185 2015-07-11 7 9 8 5 9 7797718 34 100000
2015186 2015-07-12 7 8 5 2 9 7865408 20 100000
2015187 2015-07-13 0 5 8 7 9 8153824 5 100000
2015188 2015-07-14 3 1 9 4 2 8199018 74 100000
2015189 2015-07-15 7 6 2 9 9 8176810 29 100000
2015190 2015-07-16 6 8 8 9 6 8627160 21 100000
2015191 2015-07-17 5 1 4 3 3 9052044 35 100000
2015192 2015-07-18 6 6 6 8 1 7971044 32 100000
2015193 2015-07-19 7 0 2 0 1 7536516 65 100000
2015194 2015-07-20 2 7 7 4 8 8184244 76 100000
2015195 2015-07-21 9 4 6 6 1 7972226 67 100000
2015196 2015-07-22 8 6 2 5 2 8250334 56 100000
2015197 2015-07-23 4 0 2 1 2 8426782 38 100000
2015198 2015-07-24 3 1 3 3 6 8919342 37 100000
2015199 2015-07-25 8 6 7 9 7 7754048 16 100000
2015200 2015-07-26 9 3 4 8 0 7683070 19 100000
2015201 2015-07-27 0 6 3 8 2 8139508 4 100000
2015202 2015-07-28 3 9 5 0 2 8098978 31 100000
2015203 2015-07-29 6 4 7 2 8 8075442 66 100000
2015204 2015-07-30 0 6 8 4 4 8446530 18 100000
2015205 2015-07-31 2 1 2 2 8 8956870 35 100000
2015206 2015-08-01 8 8 1 8 4 7726600 15 100000
2015207 2015-08-02 3 3 8 5 7 7597088 39 100000
2015208 2015-08-03 3 5 3 4 3 7998766 23 100000
2015209 2015-08-04 7 2 7 9 5 7953114 91 100000
2015210 2015-08-05 7 2 8 9 9 8122420 18 100000
2015211 2015-08-06 9 5 1 4 2 8198890 13 100000
2015212 2015-08-07 6 1 4 3 1 8805764 46 100000
2015213 2015-08-08 0 5 5 5 5 7923930 103 100000
2015214 2015-08-09 1 9 0 9 0 7513584 73 100000
2015215 2015-08-10 1 5 4 7 9 7894626 19 100000
2015216 2015-08-11 2 5 4 5 8 7985830 63 100000
2015217 2015-08-12 2 4 2 6 8 8063208 15 100000
2015218 2015-08-13 2 3 2 5 4 8013024 22 100000
2015219 2015-08-14 1 9 2 8 6 8790392 26 100000
2015220 2015-08-15 3 2 8 7 5 7706962 55 100000
2015221 2015-08-16 7 8 1 6 3 7886204 55 100000
2015222 2015-08-17 4 3 8 6 4 8297486 25 100000
2015223 2015-08-18 3 8 7 2 6 8393526 54 100000
2015224 2015-08-19 6 4 1 4 6 8553418 30 100000
2015225 2015-08-20 8 5 9 4 4 8565092 6 100000
2015226 2015-08-21 4 4 0 2 6 9103660 21 100000
2015227 2015-08-22 4 4 2 8 7 8036262 11 100000
2015228 2015-08-23 3 1 2 1 8 7820128 25 100000
2015229 2015-08-24 9 9 1 4 0 8142564 39 100000
2015230 2015-08-25 7 2 7 5 3 8153338 40 100000
2015231 2015-08-26 5 0 9 9 8 8394788 95 100000
2015232 2015-08-27 5 3 2 0 2 8398686 13 100000
2015233 2015-08-28 9 8 3 6 5 9130118 22 100000
2015234 2015-08-29 4 3 6 0 4 8156900 9 100000
2015235 2015-08-30 4 6 5 4 3 8206696 31 100000
2015236 2015-08-31 9 1 0 7 8 8360826 43 100000
2015237 2015-09-01 3 0 4 2 7 8353254 34 100000
2015238 2015-09-02 1 2 7 5 5 8526516 59 100000
2015239 2015-09-03 9 3 1 9 8 7916896 24 100000
2015240 2015-09-04 6 8 9 1 8 8744826 179 100000
2015241 2015-09-05 6 5 1 2 7 8353712 73 100000
2015242 2015-09-06 6 7 8 0 0 8417768 67 100000
2015243 2015-09-07 0 0 8 8 6 8319024 64 100000
2015244 2015-09-08 3 5 0 8 2 8029372 41 100000
2015245 2015-09-09 9 8 7 4 7 8372660 30 100000
2015246 2015-09-10 7 7 8 9 5 8585716 33 100000
2015247 2015-09-11 0 6 5 8 6 9293736 11 100000
2015248 2015-09-12 2 5 1 3 9 8110800 29 100000
2015249 2015-09-13 4 6 1 2 3 8265900 44 100000
2015250 2015-09-14 7 1 3 2 8 8546128 107 100000
2015251 2015-09-15 4 9 4 3 4 8552084 24 100000
2015252 2015-09-16 4 5 1 1 9 8593860 29 100000
2015253 2015-09-17 2 9 2 4 8 8845642 148 100000
2015254 2015-09-18 3 4 3 6 3 9432104 60 100000
2015255 2015-09-19 4 3 0 3 3 8139624 12 100000
2015256 2015-09-20 1 5 6 6 0 8062744 38 100000
2015257 2015-09-21 0 2 3 0 2 8591360 46 100000
2015258 2015-09-22 3 7 4 6 5 8285376 32 100000
2015259 2015-09-23 9 5 2 9 7 8608188 44 100000
2015260 2015-09-24 2 5 8 2 8 8794626 85 100000
2015261 2015-09-25 8 3 3 8 9 9293002 105 100000
2015262 2015-09-26 2 5 2 6 1 8195976 71 100000
2015263 2015-09-27 2 1 6 4 4 7954990 30 100000
2015264 2015-09-28 1 7 3 8 0 8506778 20 100000
2015265 2015-09-29 9 2 5 4 8 8438130 53 100000
2015266 2015-09-30 0 8 4 5 7 8535300 36 100000
2015267 2015-10-01 6 5 2 5 2 7687382 81 100000
2015268 2015-10-02 8 0 8 0 7 8267430 42 100000
2015269 2015-10-03 2 5 8 3 6 7570256 74 100000
2015270 2015-10-04 1 1 5 6 4 7760944 45 100000
2015271 2015-10-05 9 7 9 2 8 8005838 34 100000
2015272 2015-10-06 4 1 9 5 9 8096054 31 100000
2015273 2015-10-07 2 5 4 7 7 8629960 36 100000
2015274 2015-10-08 3 0 6 6 0 9034142 76 100000
2015275 2015-10-09 9 3 4 8 4 9784572 30 100000
2015276 2015-10-10 8 9 1 6 2 8975258 31 100000
2015277 2015-10-11 4 8 3 8 2 8789274 38 100000
2015278 2015-10-12 0 1 1 7 2 9106586 7 100000
2015279 2015-10-13 2 1 7 7 2 8510094 26 100000
2015280 2015-10-14 9 8 8 7 5 8652620 12 100000
2015281 2015-10-15 0 9 0 4 3 8883296 29 100000
2015282 2015-10-16 4 9 2 0 9 9479682 19 100000
2015283 2015-10-17 2 3 4 9 5 8292346 21 100000
2015284 2015-10-18 6 3 2 0 2 8454628 38 100000
2015285 2015-10-19 4 2 1 9 5 8812532 80 100000
2015286 2015-10-20 0 7 4 9 1 8669040 16 100000
2015287 2015-10-21 0 5 0 8 0 8717684 33 100000
2015288 2015-10-22 8 4 2 4 3 8709966 38 100000
2015289 2015-10-23 5 2 9 0 0 9677894 86 100000
2015290 2015-10-24 0 6 4 9 3 8413232 18 100000
2015291 2015-10-25 1 2 0 1 5 8371182 18 100000
2015292 2015-10-26 2 9 6 8 4 8407300 36 100000
2015293 2015-10-27 4 3 2 1 4 8685118 14 100000
2015294 2015-10-28 0 4 1 2 6 8783564 13 100000
2015295 2015-10-29 3 0 5 4 3 8855856 63 100000
2015296 2015-10-30 9 0 5 4 1 9534594 21 100000
2015297 2015-10-31 4 4 0 5 8 8328760 45 100000
2015298 2015-11-01 5 9 4 4 2 8243830 29 100000
2015299 2015-11-02 6 2 7 5 2 8704362 31 100000
2015300 2015-11-03 8 4 5 8 3 8665526 129 100000
2015301 2015-11-04 4 4 9 2 2 8930868 30 100000
2015302 2015-11-05 6 4 2 8 4 8819964 7 100000
2015303 2015-11-06 4 4 1 0 5 9372376 25 100000
2015304 2015-11-07 2 7 1 2 7 8341244 37 100000
2015305 2015-11-08 5 4 9 2 8 8364190 33 100000
2015306 2015-11-09 2 1 7 3 3 8884832 23 100000
2015307 2015-11-10 0 6 9 2 8 8640204 14 100000
2015308 2015-11-11 3 7 9 5 0 8697814 23 100000
2015309 2015-11-12 0 0 3 7 1 8860882 15 100000
2015310 2015-11-13 2 5 7 8 0 9303930 35 100000
2015311 2015-11-14 2 3 3 2 0 8601724 10 100000
2015312 2015-11-15 4 3 5 5 6 8240576 41 100000
2015313 2015-11-16 5 5 5 0 2 8742284 55 100000
2015314 2015-11-17 0 6 5 3 0 8107450 5 100000
2015315 2015-11-18 7 5 0 4 2 8681336 17 100000
2015316 2015-11-19 0 2 1 7 8 8881386 9 100000
2015317 2015-11-20 8 1 2 1 9 9260810 153 100000
2015318 2015-11-21 3 4 9 1 5 8187480 17 100000
2015319 2015-11-22 6 1 9 9 8 8376830 23 100000
2015320 2015-11-23 8 8 4 3 4 8396372 58 100000
2015321 2015-11-24 8 3 6 3 5 8248582 56 100000
2015322 2015-11-25 6 4 4 9 4 8505042 34 100000
2015323 2015-11-26 1 6 9 7 8 8729318 51 100000
2015324 2015-11-27 7 9 3 6 6 9424440 71 100000
2015325 2015-11-28 9 2 9 6 5 8258010 34 100000
2015326 2015-11-29 8 7 5 6 2 8348548 15 100000
2015327 2015-11-30 4 2 9 8 3 8753346 79 100000
2015328 2015-12-01 4 9 7 0 3 9042552 65 100000
2015329 2015-12-02 6 7 5 5 2 8885150 31 100000
2015330 2015-12-03 0 5 6 5 4 9015966 17 100000
2015331 2015-12-04 7 8 0 2 4 9616470 10 100000
2015332 2015-12-05 6 9 0 4 8 8479340 10 100000
2015333 2015-12-06 3 8 8 8 0 8522724 24 100000
2015334 2015-12-07 0 5 2 3 3 8591612 43 100000
2015335 2015-12-08 5 6 2 4 1 8603190 26 100000
2015336 2015-12-09 6 5 8 1 2 8838972 52 100000
2015337 2015-12-10 9 1 3 9 4 9176456 17 100000
2015338 2015-12-11 9 0 9 2 2 9818526 40 100000
2015339 2015-12-12 9 9 7 3 7 8304438 21 100000
2015340 2015-12-13 8 2 8 1 9 8208824 62 100000
2015341 2015-12-14 6 6 4 1 9 8744556 7 100000
2015342 2015-12-15 5 9 6 3 8 8577396 100 100000
2015343 2015-12-16 5 8 0 7 2 8760776 21 100000
2015344 2015-12-17 2 5 3 7 6 8848036 39 100000
2015345 2015-12-18 2 9 3 4 7 9732304 13 100000
2015346 2015-12-19 7 0 1 9 5 8471202 42 100000
2015347 2015-12-20 1 4 5 7 6 8545398 18 100000
2015348 2015-12-21 8 7 8 7 5 9262836 15 100000
2015349 2015-12-22 7 5 0 2 2 8836550 51 100000
2015350 2015-12-23 8 1 3 5 7 9139020 61 100000
2015351 2015-12-24 9 7 4 5 1 9318044 62 100000
2015352 2015-12-25 9 1 8 1 9 10247014 100 100000
2015353 2015-12-26 3 4 9 7 6 8936664 12 100000
2015354 2015-12-27 3 9 1 4 7 9054388 57 100000
2015355 2015-12-28 8 7 1 3 7 9508076 22 100000
2015356 2015-12-29 3 9 7 6 5 9349672 46 100000
2015357 2015-12-30 4 3 2 2 3 9482128 70 100000
2015358 2015-12-31 0 0 9 8 3 9735486 45 100000
2016001 2016-01-01 8 2 8 1 3 9017422 48 100000
2016002 2016-01-02 5 6 7 0 6 8611506 31 100000
2016003 2016-01-03 5 7 3 9 2 8802680 48 100000
2016004 2016-01-04 5 4 3 2 1 9268624 205 100000
2016005 2016-01-05 4 3 9 8 4 9301262 11 100000
2016006 2016-01-06 1 0 1 1 8 9664774 63 100000
2016007 2016-01-07 1 7 4 1 0 9369206 15 100000
2016008 2016-01-08 9 6 7 9 3 10034760 126 100000
2016009 2016-01-09 6 4 8 4 7 9154978 78 100000
2016010 2016-01-10 8 2 3 7 9 9329002 60 100000
2016011 2016-01-11 4 6 1 7 4 9747730 23 100000
2016012 2016-01-12 5 3 0 5 9 9813158 10 100000
2016013 2016-01-13 0 1 9 8 7 9677448 73 100000
2016014 2016-01-14 9 2 5 8 2 9998860 32 100000
2016015 2016-01-15 6 8 6 2 6 10640888 124 100000
2016016 2016-01-16 8 4 1 3 4 9379146 37 100000
2016017 2016-01-17 8 6 1 6 9 9646344 69 100000
2016018 2016-01-18 6 4 6 5 6 9752412 54 100000
2016019 2016-01-19 8 8 3 6 6 9621364 30 100000
2016020 2016-01-20 6 9 3 6 5 9530780 48 100000
2016021 2016-01-21 4 0 2 4 6 9630666 9 100000
2016022 2016-01-22 7 4 4 8 2 10042688 30 100000
2016023 2016-01-23 0 4 1 5 6 9061644 3 100000
2016024 2016-01-24 0 9 1 7 7 8790780 15 100000
2016025 2016-01-25 5 0 0 5 4 9181586 28 100000
2016026 2016-01-26 4 0 3 3 4 9040304 25 100000
2016027 2016-01-27 7 2 9 7 5 9300586 51 100000
2016028 2016-01-28 2 6 2 8 7 9525878 47 100000
2016029 2016-01-29 2 2 5 2 0 10422064 24 100000
2016030 2016-01-30 9 8 8 5 1 9011360 45 100000
2016031 2016-01-31 4 5 7 9 3 8787558 74 100000
2016032 2016-02-01 5 5 5 7 1 9320498 26 100000
2016033 2016-02-02 0 0 2 5 6 8784264 31 100000
2016034 2016-02-03 1 0 2 2 2 9009700 162 100000
2016035 2016-02-04 0 5 1 7 8 9009910 30 100000
2016036 2016-02-05 2 5 8 2 6 9655818 67 100000
2016037 2016-02-06 6 2 4 1 6 8720968 33 100000
2016038 2016-02-14 8 2 3 8 9 7777980 27 100000
2016039 2016-02-15 5 0 3 2 1 7980054 56 100000
2016040 2016-02-16 0 4 7 2 8 8209846 28 100000
2016041 2016-02-17 7 2 0 5 5 8534778 38 100000
2016042 2016-02-18 7 2 9 7 7 8770352 27 100000
2016043 2016-02-19 9 4 4 6 6 9343290 79 100000
2016044 2016-02-20 0 1 2 8 6 8337180 3 100000
2016045 2016-02-21 6 1 2 6 0 8220066 29 100000
2016046 2016-02-22 1 2 6 2 1 8555068 37 100000
2016047 2016-02-23 1 3 2 9 3 8445198 15 100000
2016048 2016-02-24 3 3 7 2 7 8611716 16 100000
2016049 2016-02-25 6 1 8 8 4 8681308 32 100000
2016050 2016-02-26 1 4 0 7 8 9811390 18 100000
2016051 2016-02-27 1 0 2 1 3 8653076 34 100000
2016052 2016-02-28 7 9 2 6 7 8574304 14 100000
2016053 2016-02-29 4 4 7 0 8 8892128 35 100000
2016054 2016-03-01 7 3 6 7 8 8860176 15 100000
2016055 2016-03-02 3 2 3 5 8 8801558 32 100000
2016056 2016-03-03 6 6 5 4 1 9032124 32 100000
2016057 2016-03-04 7 6 4 7 7 9646750 6 100000
2016058 2016-03-05 1 1 9 3 3 8562954 59 100000
2016059 2016-03-06 0 7 8 1 8 8493048 121 100000
2016060 2016-03-07 6 8 6 8 0 8969212 22 100000
2016061 2016-03-08 6 7 5 7 2 8505918 20 100000
2016062 2016-03-09 4 7 7 2 5 8679434 35 100000
2016063 2016-03-10 4 9 1 4 6 8987780 40 100000
2016064 2016-03-11 4 5 5 0 6 9685576 61 100000
2016065 2016-03-12 0 1 6 9 5 8373674 20 100000
2016066 2016-03-13 4 5 5 6 1 8543408 16 100000
2016067 2016-03-14 4 4 5 5 0 8904768 51 100000
2016068 2016-03-15 0 1 3 5 6 8890698 23 100000
2016069 2016-03-16 9 9 5 3 6 8969634 22 100000
2016070 2016-03-17 7 8 9 3 1 13753544 16 100000
2016071 2016-03-18 5 3 0 8 0 9844152 61 100000
2016072 2016-03-19 2 9 9 8 8 8479880 27 100000
2016073 2016-03-20 9 7 2 1 3 8392698 15 100000
2016074 2016-03-21 9 5 1 7 3 8962206 47 100000
2016075 2016-03-22 6 3 7 2 1 9049608 50 100000
2016076 2016-03-23 6 0 6 0 6 9191628 136 100000
2016077 2016-03-24 7 8 2 5 9 8830320 36 100000
2016078 2016-03-25 4 6 7 9 3 9685396 23 100000
2016079 2016-03-26 3 9 0 0 8 8730488 25 100000
2016080 2016-03-27 6 7 0 2 0 8645468 28 100000
2016081 2016-03-28 1 5 0 9 8 9223236 18 100000
2016082 2016-03-29 7 4 8 2 2 9031168 68 100000
2016083 2016-03-30 2 3 4 1 3 9114056 27 100000
2016084 2016-03-31 0 2 3 6 7 9297792 96 100000
2016085 2016-04-01 9 9 7 6 3 9817124 41 100000
2016086 2016-04-02 0 6 5 9 9 8108098 19 100000
2016087 2016-04-03 9 1 7 2 7 7886678 38 100000
2016088 2016-04-04 5 4 7 4 8 8453826 36 100000
2016089 2016-04-05 9 8 3 3 7 8809682 18 100000
2016090 2016-04-06 8 6 7 7 2 8815692 18 100000
2016091 2016-04-07 1 3 3 2 3 9045370 17 100000
2016092 2016-04-08 2 7 3 1 3 9499798 36 100000
2016093 2016-04-09 9 8 2 8 6 8364254 25 100000
2016094 2016-04-10 9 6 0 7 1 8572000 22 100000
2016095 2016-04-11 8 6 9 7 8 8940884 25 100000
2016096 2016-04-12 4 1 0 9 2 8505792 12 100000
2016097 2016-04-13 1 1 1 6 5 8752066 149 100000
2016098 2016-04-14 9 8 2 9 7 8394044 35 100000
2016099 2016-04-15 3 3 2 9 7 9510282 15 100000
2016100 2016-04-16 0 3 7 4 7 7977974 8 100000
2016101 2016-04-17 6 0 3 4 7 8284772 13 100000
2016102 2016-04-18 8 8 5 2 1 8514892 101 100000
2016103 2016-04-19 7 6 2 9 7 8595182 24 100000
2016104 2016-04-20 2 1 9 5 8 8712802 199 100000
2016105 2016-04-21 6 1 1 3 9 9213898 88 100000
2016106 2016-04-22 0 3 7 5 4 9649022 10 100000
2016107 2016-04-23 2 4 0 7 6 8407952 12 100000
2016108 2016-04-24 2 3 6 8 9 8462844 93 100000
2016109 2016-04-25 0 7 1 6 3 8600444 41 100000
2016110 2016-04-26 7 7 2 5 6 8774758 51 100000
2016111 2016-04-27 4 7 6 5 2 8632522 25 100000
2016112 2016-04-28 6 1 1 1 0 8829634 53 100000
2016113 2016-04-29 2 9 7 8 6 9150130 52 100000
2016114 2016-04-30 2 1 8 2 8 7896826 71 100000
2016115 2016-05-01 0 0 2 1 8 7647648 12 100000
2016116 2016-05-02 4 8 8 3 1 7686736 55 100000
2016117 2016-05-03 9 4 5 5 0 8110442 34 100000
2016118 2016-05-04 3 6 9 8 7 8503730 103 100000
2016119 2016-05-05 1 3 9 1 3 8796300 30 100000
2016120 2016-05-06 8 7 7 3 5 9340638 34 100000
2016121 2016-05-07 5 6 4 5 0 8214682 21 100000
2016122 2016-05-08 4 3 6 2 0 8285902 12 100000
2016123 2016-05-09 1 4 7 0 1 8609496 33 100000
2016124 2016-05-10 8 5 6 7 2 8435960 27 100000
2016125 2016-05-11 2 0 1 7 3 8409662 12 100000
2016126 2016-05-12 0 6 3 9 2 8687684 25 100000
2016127 2016-05-13 9 9 7 0 5 9491512 35 100000
2016128 2016-05-14 7 4 4 6 1 7968504 34 100000
2016129 2016-05-15 4 0 5 4 2 8100292 23 100000
2016130 2016-05-16 2 4 7 6 1 8448568 35 100000
2016131 2016-05-17 6 6 5 1 9 8600606 64 100000
2016132 2016-05-18 4 9 1 0 2 8429592 31 100000
2016133 2016-05-19 7 1 1 1 1 8641536 46 100000
2016134 2016-05-20 9 2 3 0 8 8923388 84 100000
2016135 2016-05-21 1 4 4 2 8 7997038 39 100000
2016136 2016-05-22 6 6 5 3 0 8041500 39 100000
2016137 2016-05-23 9 6 6 7 8 8251960 106 100000
2016138 2016-05-24 1 3 3 1 2 8062110 45 100000
2016139 2016-05-25 1 8 8 7 6 8331254 35 100000
2016140 2016-05-26 6 5 6 6 3 8349250 17 100000
2016141 2016-05-27 7 2 0 7 7 9243738 13 100000
2016142 2016-05-28 3 4 7 7 9 8115652 24 100000
2016143 2016-05-29 1 1 2 7 8 8185500 39 100000
2016144 2016-05-30 5 6 8 2 4 8344068 126 100000
2016145 2016-05-31 0 1 4 4 1 8419242 16 100000
2016146 2016-06-01 1 4 5 8 1 8277406 11 100000
2016147 2016-06-02 9 7 6 4 3 8454568 26 100000
2016148 2016-06-03 7 8 7 6 5 9276708 302 100000
2016149 2016-06-04 7 5 7 9 4 8229858 9 100000
2016150 2016-06-05 1 1 4 8 9 8011558 27 100000
2016151 2016-06-06 6 1 6 0 7 8366232 50 100000
2016152 2016-06-07 1 2 5 1 4 8393388 57 100000
2016153 2016-06-08 6 2 2 3 8 8195834 29 100000
2016154 2016-06-09 7 1 2 7 4 7557536 28 100000
2016155 2016-06-10 9 9 9 6 3 8744436 107 100000
2016156 2016-06-11 3 1 6 3 5 7733788 50 100000
2016157 2016-06-12 6 0 3 1 2 8326106 99 100000
2016158 2016-06-13 6 1 7 8 5 8558362 35 100000
2016159 2016-06-14 8 3 5 6 2 8344696 34 100000
2016160 2016-06-15 6 5 7 3 2 8558394 17 100000
2016161 2016-06-16 8 4 5 3 0 8687830 29 100000
2016162 2016-06-17 7 0 8 8 4 9433298 45 100000
2016163 2016-06-18 9 7 0 7 1 8255984 18 100000
2016164 2016-06-19 7 2 3 2 3 8259072 65 100000
2016165 2016-06-20 5 7 1 3 7 8526008 47 100000
2016166 2016-06-21 4 1 2 4 1 8405712 80 100000
2016167 2016-06-22 9 6 9 0 9 8493036 43 100000
2016168 2016-06-23 9 0 0 4 5 8414380 37 100000
2016169 2016-06-24 1 9 6 0 3 9048062 42 100000
2016170 2016-06-25 4 0 9 7 7 8034642 11 100000
2016171 2016-06-26 0 5 8 1 7 8233954 58 100000
2016172 2016-06-27 7 6 0 8 9 8487762 69 100000
2016173 2016-06-28 2 6 2 3 4 8618626 20 100000
2016174 2016-06-29 1 1 1 5 3 8376552 60 100000
2016175 2016-06-30 6 3 0 8 1 8292166 30 100000
2016176 2016-07-01 7 6 5 7 3 9151112 25 100000
2016177 2016-07-02 5 8 5 1 7 8141846 81 100000
2016178 2016-07-03 9 0 0 2 7 8298752 30 100000
2016179 2016-07-04 4 5 6 8 7 8439410 38 100000
2016180 2016-07-05 6 3 2 6 6 8374838 56 100000
2016181 2016-07-06 4 3 7 1 3 8494130 28 100000
2016182 2016-07-07 2 0 0 3 3 8743184 18 100000
2016183 2016-07-08 5 7 3 4 2 8925844 62 100000
2016184 2016-07-09 3 5 9 9 8 8117544 32 100000
2016185 2016-07-10 5 4 2 3 7 8026472 10 100000
2016186 2016-07-11 8 1 1 7 6 8439422 79 100000
2016187 2016-07-12 3 0 7 4 0 8118918 29 100000
2016188 2016-07-13 8 4 2 8 8 8260804 18 100000
2016189 2016-07-14 1 3 1 6 6 8374236 20 100000
2016190 2016-07-15 0 2 6 9 0 9059518 25 100000
2016191 2016-07-16 2 0 8 4 7 8056172 56 100000
2016192 2016-07-17 3 2 5 1 4 8129232 66 100000
2016193 2016-07-18 7 8 3 7 0 8452728 100 100000
2016194 2016-07-19 5 5 7 2 5 8187736 412 100000
2016195 2016-07-20 0 2 4 2 6 8279994 7 100000
2016196 2016-07-21 3 3 9 8 6 8476708 45 100000
2016197 2016-07-22 3 0 0 6 9 9050146 41 100000
2016198 2016-07-23 2 8 9 4 4 7843126 14 100000
2016199 2016-07-24 5 1 0 3 1 7976382 13 100000
2016200 2016-07-25 5 8 3 5 9 8349102 16 100000
2016201 2016-07-26 3 7 4 6 2 8244074 57 100000
2016202 2016-07-27 5 8 4 6 6 8331448 27 100000
2016203 2016-07-28 0 4 4 8 1 8606114 92 100000
2016204 2016-07-29 2 4 4 2 4 8973450 44 100000
2016205 2016-07-30 4 3 5 4 8 7887486 58 100000
2016206 2016-07-31 7 8 8 2 0 7946532 21 100000
2016207 2016-08-01 7 7 5 9 0 8136094 8 100000
2016208 2016-08-02 2 8 4 1 4 8030620 32 100000
2016209 2016-08-03 2 9 9 5 9 8381934 26 100000
2016210 2016-08-04 3 0 5 3 1 8286038 24 100000
2016211 2016-08-05 4 6 3 1 6 9164220 185 100000
2016212 2016-08-06 6 9 3 8 3 8100882 27 100000
2016213 2016-08-07 6 5 8 6 5 8097690 39 100000
2016214 2016-08-08 7 0 9 5 3 8510164 18 100000
2016215 2016-08-09 7 8 7 2 9 8297286 4 100000
2016216 2016-08-10 3 9 8 0 3 8187724 20 100000
2016217 2016-08-11 4 4 9 9 3 8486300 17 100000
2016218 2016-08-12 9 0 0 5 0 9121482 23 100000
2016219 2016-08-13 0 4 7 1 2 7904414 26 100000
2016220 2016-08-14 0 7 3 7 4 7886906 31 100000
2016221 2016-08-15 6 1 2 3 5 8358854 45 100000
2016222 2016-08-16 4 2 5 8 7 8399712 78 100000
2016223 2016-08-17 0 6 3 4 9 8611460 30 100000
2016224 2016-08-18 6 5 6 9 2 8710236 32 100000
2016225 2016-08-19 6 3 6 0 2 9316546 16 100000
2016226 2016-08-20 0 1 6 8 9 7922050 28 100000
2016227 2016-08-21 3 9 7 2 1 7894766 17 100000
2016228 2016-08-22 8 6 5 2 6 8429214 32 100000
2016229 2016-08-23 0 4 2 7 7 8405096 25 100000
2016230 2016-08-24 5 6 6 5 1 8483270 16 100000
2016231 2016-08-25 2 8 5 5 2 8435638 23 100000
2016232 2016-08-26 9 1 6 5 6 9256318 22 100000
2016233 2016-08-27 5 6 8 9 0 8155988 56 100000
2016234 2016-08-28 9 7 6 1 3 8118402 59 100000
2016235 2016-08-29 4 5 0 4 8 8657488 56 100000
2016236 2016-08-30 2 6 3 0 5 8531978 37 100000
2016237 2016-08-31 2 8 4 7 3 8647086 51 100000
2016238 2016-09-01 5 4 3 9 0 8830560 16 100000
2016239 2016-09-02 5 8 5 9 9 9423970 38 100000
2016240 2016-09-03 6 3 9 4 2 8122384 38 100000
2016241 2016-09-04 3 2 0 4 0 8270688 7 100000
2016242 2016-09-05 7 5 2 6 1 8431798 121 100000
2016243 2016-09-06 4 1 6 0 5 8427640 33 100000
2016244 2016-09-07 1 5 3 9 5 8669836 9 100000
2016245 2016-09-08 3 8 9 4 8 8659586 72 100000
2016246 2016-09-09 7 8 2 7 1 9546634 15 100000
2016247 2016-09-10 8 8 2 6 2 8411550 16 100000
2016248 2016-09-11 7 2 7 1 3 7989728 46 100000
2016249 2016-09-12 9 7 3 5 6 8246932 56 100000
2016250 2016-09-13 1 6 2 6 9 8530296 24 100000
2016251 2016-09-14 3 0 6 7 6 8447818 8 100000
2016252 2016-09-15 4 5 9 1 9 7451056 32 100000
2016253 2016-09-16 6 9 1 9 2 8959230 99 100000
2016254 2016-09-17 6 5 2 9 4 8627304 24 100000
2016255 2016-09-18 3 3 5 0 5 8661418 88 100000
2016256 2016-09-19 1 3 7 0 1 8808502 32 100000
2016257 2016-09-20 3 8 9 0 9 8441980 33 100000
2016258 2016-09-21 9 6 1 0 6 8599814 39 100000
2016259 2016-09-22 3 9 6 9 0 8852580 35 100000
2016260 2016-09-23 0 3 8 3 7 9726260 56 100000
2016261 2016-09-24 9 9 4 1 3 8372352 22 100000
2016262 2016-09-25 3 5 8 4 6 8323212 46 100000
2016263 2016-09-26 1 1 0 9 2 8722808 24 100000
2016264 2016-09-27 6 7 1 1 7 8414744 30 100000
2016265 2016-09-28 6 9 5 0 0 8504346 41 100000
2016266 2016-09-29 6 4 0 2 5 8801080 22 100000
2016267 2016-09-30 1 4 1 0 0 9252114 6 100000
2016268 2016-10-01 0 7 6 2 4 7451832 14 100000
2016269 2016-10-02 2 2 1 1 7 7264784 18 100000
2016270 2016-10-03 0 4 2 4 9 7324038 8 100000
2016271 2016-10-04 8 7 5 5 0 7452768 7 100000
2016272 2016-10-05 1 9 6 9 6 7718254 79 100000
2016273 2016-10-06 5 8 3 6 0 8075714 21 100000
2016274 2016-10-07 9 0 5 9 7 9298512 15 100000
2016275 2016-10-08 8 2 0 4 7 8858418 9 100000
2016276 2016-10-09 9 6 4 5 4 8583936 21 100000
2016277 2016-10-10 5 8 4 7 1 8636058 82 100000
2016278 2016-10-11 2 3 2 8 4 8655236 20 100000
2016279 2016-10-12 5 0 6 2 5 8469442 44 100000
2016280 2016-10-13 8 0 2 0 0 8844208 62 100000
2016281 2016-10-14 1 3 6 9 7 9353968 68 100000
2016282 2016-10-15 8 2 8 2 4 8254092 24 100000
2016283 2016-10-16 0 0 4 7 1 8424272 16 100000
2016284 2016-10-17 4 6 7 0 2 8509148 10 100000
2016285 2016-10-18 7 2 8 3 9 8489614 26 100000
2016286 2016-10-19 6 2 3 3 2 8741956 13 100000
2016287 2016-10-20 8 9 0 1 7 8635238 55 100000
2016288 2016-10-21 4 3 0 3 5 9363616 27 100000
2016289 2016-10-22 7 3 6 1 2 8297976 137 100000
2016290 2016-10-23 6 3 1 0 6 8324690 20 100000
2016291 2016-10-24 1 9 6 4 9 8602252 49 100000
2016292 2016-10-25 2 4 0 0 2 8695094 13 100000
2016293 2016-10-26 8 0 4 7 0 8870984 15 100000
2016294 2016-10-27 6 1 2 4 4 8751836 30 100000
2016295 2016-10-28 3 9 2 1 6 9704450 51 100000
2016296 2016-10-29 4 7 9 5 5 8489600 118 100000
2016297 2016-10-30 8 5 3 5 6 8569690 69 100000
2016298 2016-10-31 7 3 3 2 6 8950894 108 100000
2016299 2016-11-01 5 1 7 3 0 8634134 72 100000
2016300 2016-11-02 1 8 9 7 2 8300000 83 100000
2016301 2016-11-03 8 8 8 6 5 9059882 39 100000
2016302 2016-11-04 5 1 8 3 9 9296852 54 100000
2016303 2016-11-05 7 5 1 0 2 8428538 28 100000
2016304 2016-11-06 4 7 0 9 3 8656698 23 100000
2016305 2016-11-07 3 6 8 0 0 8984102 31 100000
2016306 2016-11-08 7 4 0 9 1 8610170 7 100000
2016307 2016-11-09 5 8 6 0 2 8743190 100 100000
2016308 2016-11-10 1 2 6 8 9 8947228 39 100000
2016309 2016-11-11 2 2 5 1 4 10087088 23 100000
2016310 2016-11-12 7 9 4 6 6 8743808 26 100000
2016311 2016-11-13 8 4 1 4 9 8783936 48 100000
2016312 2016-11-14 6 6 4 6 2 9217876 14 100000
2016313 2016-11-15 3 1 4 6 0 9010166 8 100000
2016314 2016-11-16 2 3 5 2 0 9138866 51 100000
2016315 2016-11-17 4 9 7 2 3 9084646 22 100000
2016316 2016-11-18 2 1 4 7 9 10185528 29 100000
2016317 2016-11-19 8 8 6 9 4 8895544 21 100000
2016318 2016-11-20 1 4 2 0 2 8721464 17 100000
2016319 2016-11-21 4 1 9 8 2 9125000 22 100000
2016320 2016-11-22 3 4 9 3 2 8772962 3 100000
2016321 2016-11-23 6 0 6 3 9 8780632 35 100000
2016322 2016-11-24 2 7 1 0 3 8943650 29 100000
2016323 2016-11-25 8 4 0 2 4 9822286 17 100000
2016324 2016-11-26 1 7 3 7 4 8769826 14 100000
2016325 2016-11-27 6 6 8 9 0 8963410 28 100000
2016326 2016-11-28 3 6 3 1 8 9192398 50 100000
2016327 2016-11-29 6 5 6 8 5 8964260 37 100000
2016328 2016-11-30 8 6 5 9 5 9037702 22 100000
2016329 2016-12-01 9 5 1 0 3 9205914 81 100000
2016330 2016-12-02 5 6 4 9 2 10009374 23 100000
2016331 2016-12-03 6 7 3 1 1 8930776 80 100000
2016332 2016-12-04 4 4 5 1 5 8787632 21 100000
2016333 2016-12-05 9 7 5 0 1 9052218 31 100000
2016334 2016-12-06 3 5 5 5 3 8900026 36 100000
2016335 2016-12-07 5 3 8 4 3 8910880 42 100000
2016336 2016-12-08 1 5 0 7 2 9341506 32 100000
2016337 2016-12-09 5 2 8 8 3 10142338 43 100000
2016338 2016-12-10 4 0 1 2 1 8817448 50 100000
2016339 2016-12-11 5 4 8 3 3 8913670 95 100000
2016340 2016-12-12 6 4 8 2 0 9513342 45 100000
2016341 2016-12-13 0 3 9 7 0 9011670 9 100000
2016342 2016-12-14 6 3 3 2 1 9094746 43 100000
2016343 2016-12-15 8 0 7 4 0 9049918 36 100000
2016344 2016-12-16 1 0 3 1 7 10039496 14 100000
2016345 2016-12-17 5 6 2 7 6 8749988 34 100000
2016346 2016-12-18 1 0 0 3 9 8973160 51 100000
2016347 2016-12-19 5 8 9 0 9 8872124 38 100000
2016348 2016-12-20 7 5 7 2 7 8927458 104 100000
2016349 2016-12-21 1 5 4 4 4 9161992 31 100000
2016350 2016-12-22 5 1 9 4 7 9440244 52 100000
2016351 2016-12-23 4 7 5 2 8 10311440 201 100000
2016352 2016-12-24 4 2 4 1 2 9236218 23 100000
2016353 2016-12-25 4 5 3 1 3 8906282 19 100000
2016354 2016-12-26 5 3 3 6 8 9172296 24 100000
2016355 2016-12-27 7 1 9 6 4 9034704 27 100000
2016356 2016-12-28 1 8 0 8 0 9340014 80 100000
2016357 2016-12-29 2 2 2 1 7 9538386 120 100000
2016358 2016-12-30 1 4 3 9 6 9865398 12 100000
2016359 2016-12-31 8 9 6 5 7 9285090 70 100000
2017001 2017-01-01 0 9 2 3 1 8661696 21 100000
2017002 2017-01-02 7 5 8 5 5 9033268 25 100000
2017003 2017-01-03 3 7 4 0 4 9230188 196 100000
2017004 2017-01-04 6 1 6 6 0 9652330 30 100000
2017005 2017-01-05 3 4 2 3 0 9476036 11 100000
2017006 2017-01-06 4 2 6 7 0 10346700 14 100000
2017007 2017-01-07 6 9 2 8 7 9242142 17 100000
2017008 2017-01-08 5 9 7 0 3 9368452 108 100000
2017009 2017-01-09 3 1 7 8 4 9463810 37 100000
2017010 2017-01-10 2 6 1 5 8 9400702 130 100000
2017011 2017-01-11 4 8 6 8 7 9648282 94 100000
2017012 2017-01-12 0 5 9 9 5 9835850 39 100000
2017013 2017-01-13 0 3 9 6 4 10781964 16 100000
2017014 2017-01-14 4 2 8 3 6 9313702 48 100000
2017015 2017-01-15 6 8 6 0 1 9506388 60 100000
2017016 2017-01-16 7 9 6 3 5 9384782 37 100000
2017017 2017-01-17 8 9 7 6 2 9473472 71 100000
2017018 2017-01-18 3 9 7 9 5 9487192 23 100000
2017019 2017-01-19 8 4 4 9 9 9565298 15 100000
2017020 2017-01-20 5 2 6 1 9 10099474 103 100000
2017021 2017-01-21 8 7 4 9 1 9379838 16 100000
2017022 2017-01-22 6 7 7 5 5 9522322 35 100000
2017023 2017-01-23 2 3 7 5 2 9387466 48 100000
2017024 2017-01-24 0 4 3 9 0 9222296 40 100000
2017025 2017-01-25 2 7 7 9 1 9325208 29 100000
2017026 2017-01-26 0 8 1 4 5 8967464 15 100000
2017027 2017-02-03 3 2 5 3 2 9064372 54 100000
2017028 2017-02-04 9 5 5 0 4 8281770 56 100000
2017029 2017-02-05 8 0 4 7 8 8103810 34 100000
2017030 2017-02-06 8 9 6 3 1 8499088 21 100000
2017031 2017-02-07 5 0 2 0 5 8496540 70 100000
2017032 2017-02-08 7 3 8 7 4 8731684 61 100000
2017033 2017-02-09 7 8 5 6 6 9135182 89 100000
2017034 2017-02-10 8 9 5 7 6 9772586 42 100000
2017035 2017-02-11 8 9 0 7 7 8487664 16 100000
2017036 2017-02-12 4 7 2 8 0 8444990 32 100000
2017037 2017-02-13 3 8 0 8 0 9115214 84 100000
2017038 2017-02-14 8 2 3 5 2 8910690 36 100000
2017039 2017-02-15 5 9 8 8 1 9538412 29 100000
2017040 2017-02-16 3 9 5 0 7 9655060 18 100000
2017041 2017-02-17 9 8 2 8 2 10684326 111 100000
2017042 2017-02-18 1 4 9 9 2 9464420 36 100000
2017043 2017-02-19 5 0 8 3 4 9466244 82 100000
2017044 2017-02-20 1 3 8 5 0 9871826 41 100000
2017045 2017-02-21 7 3 5 1 7 9544348 49 100000
2017046 2017-02-22 8 8 7 6 6 9839658 47 100000
2017047 2017-02-23 2 8 3 6 0 9659744 27 100000
2017048 2017-02-24 1 6 4 2 2 10484900 16 100000
2017049 2017-02-25 6 6 5 3 8 9223822 111 100000
2017050 2017-02-26 3 0 7 8 0 9179568 21 100000
2017051 2017-02-27 4 4 4 8 8 9727774 96 100000
2017052 2017-02-28 1 5 9 5 0 9138792 40 100000
2017053 2017-03-01 9 2 1 8 3 9701052 36 100000
2017054 2017-03-02 7 0 2 4 4 9818698 17 100000
2017055 2017-03-03 3 6 6 5 0 10712174 30 100000
2017056 2017-03-04 2 3 2 7 2 9189216 13 100000
2017057 2017-03-05 9 2 1 6 8 9151940 59 100000
2017058 2017-03-06 7 3 0 0 1 9724360 5 100000
2017059 2017-03-07 6 6 2 9 9 9599466 35 100000
2017060 2017-03-08 5 4 6 7 6 9450830 22 100000
2017061 2017-03-09 1 9 8 8 5 9724598 158 100000
2017062 2017-03-10 8 8 7 5 7 10700664 79 100000
2017063 2017-03-11 7 6 8 9 5 9396278 59 100000
2017064 2017-03-12 1 6 5 9 4 9370594 67 100000
2017065 2017-03-13 5 5 2 3 6 9925598 87 100000
2017066 2017-03-14 8 4 8 8 5 9814840 13 100000
2017067 2017-03-15 3 8 2 8 1 9763766 49 100000
2017068 2017-03-16 2 1 7 9 4 10204780 24 100000
2017069 2017-03-17 9 4 6 6 6 11170774 36 100000
2017070 2017-03-18 3 3 3 6 1 9739492 31 100000
2017071 2017-03-19 8 4 2 5 3 8994042 24 100000
2017072 2017-03-20 9 4 8 3 2 10094436 35 100000
2017073 2017-03-21 0 3 1 2 7 9784250 49 100000
2017074 2017-03-22 6 5 6 9 3 9634882 54 100000
2017075 2017-03-23 9 0 0 0 5 9888738 25 100000
2017076 2017-03-24 3 8 9 6 0 10333190 238 100000
2017077 2017-03-25 6 3 4 3 4 9607362 103 100000
2017078 2017-03-26 6 3 3 6 3 9672480 62 100000
2017079 2017-03-27 4 8 5 7 0 9793936 25 100000
2017080 2017-03-28 1 8 8 4 2 9951380 23 100000
2017081 2017-03-29 2 1 0 9 0 10036546 19 100000
2017082 2017-03-30 5 5 3 2 0 9842690 23 100000
2017083 2017-03-31 5 6 4 7 9 10729184 72 100000
2017084 2017-04-01 8 3 6 9 7 9532618 42 100000
2017085 2017-04-02 7 2 2 1 7 8747346 28 100000
2017086 2017-04-03 9 4 4 1 9 8836450 26 100000
2017087 2017-04-04 2 3 7 0 6 8902166 17 100000
2017088 2017-04-05 5 6 1 3 8 9534652 60 100000
2017089 2017-04-06 3 8 9 1 8 9962882 127 100000
2017090 2017-04-07 2 8 3 8 3 10859340 160 100000
2017091 2017-04-08 6 7 6 5 7 9544480 80 100000
2017092 2017-04-09 7 5 9 8 9 9421064 47 100000
2017093 2017-04-10 5 8 0 0 2 9744432 13 100000
2017094 2017-04-11 0 9 8 4 8 9678588 21 100000
2017095 2017-04-12 3 2 3 1 5 9584736 77 100000
2017096 2017-04-13 8 0 9 2 5 9772440 131 100000
2017097 2017-04-14 8 0 6 7 0 10587902 34 100000
2017098 2017-04-15 2 2 8 3 0 9161760 17 100000
2017099 2017-04-16 9 9 6 1 6 9099056 39 100000
2017100 2017-04-17 8 1 3 1 6 9290348 48 100000
2017101 2017-04-18 3 9 0 5 2 9406294 18 100000
2017102 2017-04-19 0 5 9 3 1 9323068 14 100000
2017103 2017-04-20 0 4 4 5 1 9587862 14 100000
2017104 2017-04-21 7 8 2 0 0 10108320 40 100000
2017105 2017-04-22 8 4 6 6 9 8673878 13 100000
2017106 2017-04-23 4 0 2 5 7 8996144 20 100000
2017107 2017-04-24 9 5 1 3 9 9242182 15 100000
2017108 2017-04-25 7 2 7 1 5 9269876 64 100000
2017109 2017-04-26 0 3 0 4 1 9143346 8 100000
2017110 2017-04-27 8 1 5 6 0 9143258 48 100000
2017111 2017-04-28 6 5 8 0 1 10168566 42 100000
2017112 2017-04-29 6 8 6 3 7 8631474 33 100000
2017113 2017-04-30 1 5 7 6 7 8332726 37 100000
2017114 2017-05-01 6 8 1 3 7 8600388 74 100000
2017115 2017-05-02 5 6 7 9 9 9128112 58 100000
2017116 2017-05-03 2 1 3 1 1 9084632 14 100000
2017117 2017-05-04 2 9 9 8 5 9290372 22 100000
2017118 2017-05-05 4 9 9 8 8 10186164 85 100000
2017119 2017-05-06 5 2 2 8 0 8410482 7 100000
2017120 2017-05-07 4 5 8 8 3 8674704 10 100000
2017121 2017-05-08 0 5 4 2 2 9055544 11 100000
2017122 2017-05-09 4 8 6 9 2 8990648 26 100000
2017123 2017-05-10 4 9 2 0 5 9045332 32 100000
2017124 2017-05-11 0 8 1 8 7 9257124 26 100000
2017125 2017-05-12 2 5 5 2 0 10065592 58 100000
2017126 2017-05-13 2 5 8 9 2 8551706 130 100000
2017127 2017-05-14 7 3 9 4 9 8803246 46 100000
2017128 2017-05-15 4 5 2 2 4 9136716 16 100000
2017129 2017-05-16 3 6 5 4 1 9138714 31 100000
2017130 2017-05-17 5 8 9 2 0 9200328 31 100000
2017131 2017-05-18 9 1 9 7 5 9402318 92 100000
2017132 2017-05-19 3 0 5 8 8 10064768 44 100000
2017133 2017-05-20 1 6 6 5 7 8642186 44 100000
2017134 2017-05-21 6 9 7 4 1 8774158 27 100000
2017135 2017-05-22 5 2 5 3 3 8941398 48 100000
2017136 2017-05-23 5 1 0 2 2 8883486 21 100000
2017137 2017-05-24 1 2 2 9 0 8930496 19 100000
2017138 2017-05-25 0 2 0 6 2 9086908 4 100000
2017139 2017-05-26 3 6 0 0 2 9757062 57 100000
2017140 2017-05-27 2 0 4 5 4 8623210 43 100000
2017141 2017-05-28 6 0 4 8 8 8308738 4 100000
2017142 2017-05-29 0 1 3 3 5 8314692 15 100000
2017143 2017-05-30 1 7 7 5 6 8266520 63 100000
2017144 2017-05-31 2 3 9 9 9 8735576 41 100000
2017145 2017-06-01 5 9 1 0 7 8783830 56 100000
2017146 2017-06-02 9 4 2 5 8 10054876 51 100000
2017147 2017-06-03 3 3 1 9 8 8786358 24 100000
2017148 2017-06-04 1 5 2 6 3 8766524 225 100000
2017149 2017-06-05 9 8 7 7 3 9113616 23 100000
2017150 2017-06-06 5 2 9 3 0 9103674 120 100000
2017151 2017-06-07 0 7 8 1 7 9149786 43 100000
2017152 2017-06-08 8 0 2 5 1 9227034 41 100000
2017153 2017-06-09 8 8 5 9 3 10226810 44 100000
2017154 2017-06-10 2 1 5 9 2 8687960 50 100000
2017155 2017-06-11 0 0 4 7 1 9089784 11 100000
2017156 2017-06-12 0 0 7 2 4 8873038 4 100000
2017157 2017-06-13 8 1 8 5 4 8683490 28 100000
2017158 2017-06-14 0 8 3 2 3 8889292 28 100000
2017159 2017-06-15 1 2 3 8 6 9144622 30 100000
2017160 2017-06-16 9 4 6 4 1 9888494 64 100000
2017161 2017-06-17 8 3 0 2 8 8667678 47 100000
2017162 2017-06-18 8 1 4 6 0 8788124 33 100000
2017163 2017-06-19 7 5 9 3 2 9030364 72 100000
2017164 2017-06-20 4 4 7 2 9 9121204 53 100000
2017165 2017-06-21 3 3 0 4 6 9095784 28 100000
2017166 2017-06-22 6 4 4 9 5 9274534 33 100000
2017167 2017-06-23 7 9 5 1 1 10188064 42 100000
2017168 2017-06-24 1 7 5 6 1 8601438 14 100000
2017169 2017-06-25 6 4 4 5 9 8664906 36 100000
2017170 2017-06-26 5 4 4 1 8 8986642 72 100000
2017171 2017-06-27 1 9 0 1 6 8792994 45 100000
2017172 2017-06-28 4 9 6 3 0 8738556 12 100000
2017173 2017-06-29 7 1 2 6 6 9131056 202 100000
2017174 2017-06-30 9 6 0 3 4 10155946 23 100000
2017175 2017-07-01 3 7 6 8 5 8867096 60 100000
2017176 2017-07-02 6 0 2 1 8 8890162 38 100000
2017177 2017-07-03 6 7 0 1 0 9278108 23 100000
2017178 2017-07-04 3 0 3 6 2 8993374 33 100000
2017179 2017-07-05 0 6 6 5 7 8972810 48 100000
2017180 2017-07-06 5 8 6 0 7 9083900 39 100000
2017181 2017-07-07 4 8 4 1 9 9918742 19 100000
2017182 2017-07-08 9 7 5 1 5 8658940 53 100000
2017183 2017-07-09 4 0 9 5 0 8717798 92 100000
2017184 2017-07-10 1 2 9 6 7 8895332 26 100000
2017185 2017-07-11 3 7 0 1 6 8820434 27 100000
2017186 2017-07-12 9 6 7 8 8 8898060 20 100000
2017187 2017-07-13 8 3 1 1 0 9022854 51 100000
2017188 2017-07-14 2 0 9 5 8 10038654 118 100000
2017189 2017-07-15 9 6 0 8 6 8931760 14 100000
2017190 2017-07-16 4 4 6 7 0 9057198 23 100000
2017191 2017-07-17 9 7 8 7 2 9113164 8 100000
2017192 2017-07-18 2 7 9 7 5 9018064 7 100000
2017193 2017-07-19 8 8 0 4 2 8929526 30 100000
2017194 2017-07-20 6 2 5 0 8 9035012 73 100000
2017195 2017-07-21 3 1 9 8 9 10112436 48 100000
2017196 2017-07-22 4 3 6 1 5 8722346 38 100000
2017197 2017-07-23 5 9 4 1 7 8875706 68 100000
2017198 2017-07-24 7 5 4 6 0 9292160 26 100000
2017199 2017-07-25 3 3 0 9 1 9129994 15 100000
2017200 2017-07-26 9 3 5 1 5 9045544 25 100000
2017201 2017-07-27 4 4 5 1 4 9247222 37 100000
2017202 2017-07-28 4 6 1 1 1 10233742 33 100000
2017203 2017-07-29 2 4 3 6 6 8599134 7 100000
2017204 2017-07-30 2 3 2 3 2 8583478 126 100000
2017205 2017-07-31 6 4 9 4 3 8799176 26 100000
2017206 2017-08-01 3 7 5 4 6 9142172 109 100000
2017207 2017-08-02 6 9 7 1 0 9179170 23 100000
2017208 2017-08-03 1 0 8 8 5 9502896 62 100000
2017209 2017-08-04 3 9 1 2 7 10248784 28 100000
2017210 2017-08-05 9 1 1 1 6 8873236 67 100000
2017211 2017-08-06 1 1 6 7 1 8930492 76 100000
2017212 2017-08-07 0 0 2 3 6 9044334 24 100000
2017213 2017-08-08 7 2 7 0 4 8607140 36 100000
2017214 2017-08-09 4 2 3 4 2 8865294 58 100000
2017215 2017-08-10 2 1 2 9 5 9168890 34 100000
2017216 2017-08-11 8 7 1 9 9 10169260 37 100000
2017217 2017-08-12 7 9 6 3 2 8783836 23 100000
2017218 2017-08-13 5 7 3 6 1 8892420 62 100000
2017219 2017-08-14 4 9 3 0 7 9367942 10 100000
2017220 2017-08-15 6 4 3 6 3 9435646 86 100000
2017221 2017-08-16 4 4 7 9 4 9371890 26 100000
2017222 2017-08-17 7 0 7 4 1 9537134 32 100000
2017223 2017-08-18 4 9 6 0 1 10252354 57 100000
2017224 2017-08-19 6 3 4 7 7 8808538 16 100000
2017225 2017-08-20 4 8 8 3 8 8920288 43 100000
2017226 2017-08-21 3 3 5 5 3 9106934 31 100000
2017227 2017-08-22 2 4 7 4 4 9173234 71 100000
2017228 2017-08-23 3 8 9 9 0 9412810 19 100000
2017229 2017-08-24 4 8 7 6 2 9490492 38 100000
2017230 2017-08-25 6 7 4 3 2 10514456 72 100000
2017231 2017-08-26 4 2 0 9 7 9614218 8 100000
2017232 2017-08-27 8 4 4 5 4 9180188 24 100000
2017233 2017-08-28 1 8 7 4 4 9557396 16 100000
2017234 2017-08-29 4 6 6 3 4 9450454 33 100000
2017235 2017-08-30 1 5 6 0 4 9254730 59 100000
2017236 2017-08-31 5 1 5 5 6 9426580 79 100000
2017237 2017-09-01 2 1 0 4 5 10324264 35 100000
2017238 2017-09-02 9 2 1 0 2 9262906 29 100000
2017239 2017-09-03 6 0 5 8 0 8975100 26 100000
2017240 2017-09-04 5 1 7 0 3 9243878 35 100000
2017241 2017-09-05 9 3 9 5 6 9319024 38 100000
2017242 2017-09-06 8 9 3 5 0 9316496 47 100000
2017243 2017-09-07 3 3 5 8 9 9604816 108 100000
2017244 2017-09-08 8 3 2 4 3 10478356 42 100000
2017245 2017-09-09 6 2 3 0 8 9220864 48 100000
2017246 2017-09-10 1 1 1 1 8 9164304 114 100000
2017247 2017-09-11 9 4 5 3 2 8871168 57 100000
2017248 2017-09-12 8 4 9 7 7 9286428 22 100000
2017249 2017-09-13 3 6 1 8 5 9366044 32 100000
2017250 2017-09-14 8 5 6 0 8 9787722 66 100000
2017251 2017-09-15 1 5 1 1 3 11097652 30 100000
2017252 2017-09-16 1 7 8 8 9 9248772 22 100000
2017253 2017-09-17 7 7 8 9 9 9650960 183 100000
2017254 2017-09-18 9 1 5 9 9 9516810 24 100000
2017255 2017-09-19 9 4 8 4 4 9733480 17 100000
2017256 2017-09-20 1 3 2 0 7 9595690 36 100000
2017257 2017-09-21 2 2 3 1 4 9931730 98 100000
2017258 2017-09-22 8 7 1 5 9 10677774 53 100000
2017259 2017-09-23 4 8 7 3 5 9456850 93 100000
2017260 2017-09-24 9 2 9 8 4 9651874 58 100000
2017261 2017-09-25 6 3 5 2 2 9831048 48 100000
2017262 2017-09-26 3 9 1 7 8 9912302 96 100000
2017263 2017-09-27 3 3 5 4 6 10040524 31 100000
2017264 2017-09-28 6 8 0 5 0 10241982 57 100000
2017265 2017-09-29 3 0 9 1 2 11250376 28 100000
2017266 2017-09-30 1 5 1 5 5 9522286 54 100000
2017267 2017-10-01 7 1 4 7 0 8623210 18 100000
2017268 2017-10-02 3 1 7 1 2 8735540 22 100000
2017269 2017-10-03 0 4 5 4 8 8643902 69 100000
2017270 2017-10-04 1 4 1 1 9 8601382 32 100000
2017271 2017-10-05 5 5 0 3 1 8717648 59 100000
2017272 2017-10-06 9 2 1 3 9 10009640 32 100000
2017273 2017-10-07 3 8 0 3 3 9255454 15 100000
2017274 2017-10-08 9 4 6 3 1 9424614 19 100000
2017275 2017-10-09 9 6 5 8 3 9659298 20 100000
2017276 2017-10-10 0 9 3 8 1 9690038 24 100000
2017277 2017-10-11 0 7 6 0 3 9595516 11 100000
2017278 2017-10-12 0 5 7 9 2 9885216 10 100000
2017279 2017-10-13 2 6 2 5 1 10879054 49 100000
2017280 2017-10-14 7 9 7 3 1 9322696 47 100000
2017281 2017-10-15 8 0 8 2 0 9328404 130 100000
2017282 2017-10-16 3 0 2 2 2 9476506 28 100000
2017283 2017-10-17 1 5 4 0 7 9286920 41 100000
2017284 2017-10-18 6 1 8 5 9 9799674 63 100000
2017285 2017-10-19 9 7 7 3 2 10162304 23 100000
2017286 2017-10-20 4 8 1 6 5 11127296 246 100000
2017287 2017-10-21 0 9 4 4 1 10060498 86 100000
2017288 2017-10-22 7 5 6 9 4 9768608 83 100000
2017289 2017-10-23 7 4 4 8 1 10314854 38 100000
2017290 2017-10-24 4 2 3 6 3 10123506 42 100000
2017291 2017-10-25 6 9 4 7 5 10176542 35 100000
2017292 2017-10-26 9 4 6 0 4 10273232 12 100000
2017293 2017-10-27 7 8 7 1 0 11481980 37 100000
2017294 2017-10-28 4 1 8 7 3 9883578 45 100000
2017295 2017-10-29 5 5 4 3 4 9834170 31 100000
2017296 2017-10-30 3 1 8 9 9 10136076 86 100000
2017297 2017-10-31 8 1 0 2 2 9986884 26 100000
2017298 2017-11-01 0 9 9 6 9 9933192 42 100000
2017299 2017-11-02 6 8 5 4 6 9919756 45 100000
2017300 2017-11-03 7 5 4 1 3 11110056 147 100000
2017301 2017-11-04 6 1 6 2 5 9827404 53 100000
2017302 2017-11-05 9 0 2 2 7 9552454 47 100000
2017303 2017-11-06 4 5 8 8 8 9976354 74 100000
2017304 2017-11-07 4 4 4 1 3 9926238 49 100000
2017305 2017-11-08 0 0 5 0 6 9772648 25 100000
2017306 2017-11-09 1 2 5 8 7 9882764 64 100000
2017307 2017-11-10 6 2 3 7 6 10961406 43 100000
2017308 2017-11-11 8 9 1 9 9 9910392 29 100000
2017309 2017-11-12 2 6 2 1 9 9625854 46 100000
2017310 2017-11-13 7 6 1 8 4 9826738 41 100000
2017311 2017-11-14 9 0 0 6 9 9758570 18 100000
2017312 2017-11-15 5 9 8 8 1 9950704 63 100000
2017313 2017-11-16 3 0 6 4 9 10138094 79 100000
2017314 2017-11-17 5 8 0 9 4 11089268 68 100000
2017315 2017-11-18 2 4 3 0 5 9699476 36 100000
2017316 2017-11-19 2 0 2 5 3 9492348 107 100000
2017317 2017-11-20 1 0 3 9 7 9722876 27 100000
2017318 2017-11-21 8 8 3 6 9 9386368 67 100000
2017319 2017-11-22 9 3 9 5 4 9645290 22 100000
2017320 2017-11-23 0 3 6 3 7 9769064 15 100000
2017321 2017-11-24 4 3 5 0 2 10656442 28 100000
2017322 2017-11-25 1 7 3 8 3 9418768 40 100000
2017323 2017-11-26 5 7 2 3 6 9682506 41 100000
2017324 2017-11-27 8 2 8 5 8 10060860 80 100000
2017325 2017-11-28 5 0 9 0 8 9929548 15 100000
2017326 2017-11-29 7 2 3 1 4 9875924 52 100000
2017327 2017-11-30 1 4 5 4 3 10255452 87 100000
2017328 2017-12-01 6 2 1 2 1 11515278 93 100000
2017329 2017-12-02 5 3 5 7 6 10096794 41 100000
2017330 2017-12-03 3 8 5 7 8 10041056 148 100000
2017331 2017-12-04 0 9 8 5 9 10265244 71 100000
2017332 2017-12-05 3 2 1 5 8 10076176 82 100000
2017333 2017-12-06 4 2 7 4 9 10118946 26 100000
2017334 2017-12-07 1 8 1 6 1 10327548 45 100000
2017335 2017-12-08 6 6 1 2 8 11616346 79 100000
2017336 2017-12-09 3 4 0 9 8 9905214 13 100000
2017337 2017-12-10 9 1 0 5 6 9881488 32 100000
2017338 2017-12-11 2 7 9 5 4 10161924 53 100000
2017339 2017-12-12 1 3 1 9 2 10079562 24 100000
2017340 2017-12-13 1 1 2 4 0 10246714 116 100000
2017341 2017-12-14 7 2 2 4 3 10145536 47 100000
2017342 2017-12-15 3 8 6 2 4 11573510 149 100000
2017343 2017-12-16 7 5 2 0 9 10207010 58 100000
2017344 2017-12-17 3 6 5 3 0 10070722 33 100000
2017345 2017-12-18 3 4 4 2 8 10419616 40 100000
2017346 2017-12-19 1 0 3 9 0 10162490 14 100000
2017347 2017-12-20 0 3 7 1 0 10208132 13 100000
2017348 2017-12-21 0 8 7 3 4 10317396 10 100000
2017349 2017-12-22 1 5 6 2 8 11667010 83 100000
2017350 2017-12-23 1 2 8 9 5 10227376 213 100000
2017351 2017-12-24 2 6 0 2 9 10311064 26 100000
2017352 2017-12-25 9 9 4 7 7 10606144 82 100000
2017353 2017-12-26 3 0 4 5 6 10351026 25 100000
2017354 2017-12-27 1 8 7 5 6 10659132 27 100000
2017355 2017-12-28 3 8 4 9 2 10828616 16 100000
2017356 2017-12-29 9 5 2 9 6 11943352 12 100000
2017357 2017-12-30 8 0 9 2 9 10132112 59 100000
2017358 2017-12-31 9 5 1 3 8 10283910 47 100000
2018001 2018-01-01 1 7 7 3 4 10248184 14 100000
2018002 2018-01-02 6 4 4 1 2 10118222 38 100000
2018003 2018-01-03 1 4 5 0 7 10060894 25 100000
2018004 2018-01-04 4 1 6 8 3 10192350 278 100000
2018005 2018-01-05 3 9 1 2 6 11893302 93 100000
2018006 2018-01-06 8 6 9 3 2 10520212 33 100000
2018007 2018-01-07 0 8 0 9 7 10450498 87 100000
2018008 2018-01-08 4 4 7 8 5 10434060 111 100000
2018009 2018-01-09 4 9 6 6 5 10542830 46 100000
2018010 2018-01-10 1 6 7 8 2 10616478 32 100000
2018011 2018-01-11 9 7 2 3 1 10932756 39 100000
2018012 2018-01-12 4 3 7 7 3 11923128 17 100000
2018013 2018-01-13 6 0 6 6 7 10495456 30 100000
2018014 2018-01-14 1 6 1 2 4 10257384 52 100000
2018015 2018-01-15 7 3 9 6 5 10714178 31 100000
2018016 2018-01-16 3 7 4 6 1 10828602 25 100000
2018017 2018-01-17 9 9 0 4 7 11346898 27 100000
2018018 2018-01-18 1 7 4 1 1 11151640 37 100000
2018019 2018-01-19 7 6 0 4 6 12373094 36 100000
2018020 2018-01-20 9 2 1 7 5 10564418 30 100000
2018021 2018-01-21 7 2 6 2 4 10542448 37 100000
2018022 2018-01-22 6 5 6 6 7 10924100 48 100000
2018023 2018-01-23 9 3 6 0 0 10763306 32 100000
2018024 2018-01-24 5 0 6 8 8 10651140 42 100000
2018025 2018-01-25 5 4 3 6 9 10247970 33 100000
2018026 2018-01-26 4 7 6 1 4 11762716 63 100000
2018027 2018-01-27 4 8 9 3 7 10229010 32 100000
2018028 2018-01-28 3 1 3 4 7 10230992 19 100000
2018029 2018-01-29 7 9 0 8 9 10407540 33 100000
2018030 2018-01-30 7 5 3 7 7 10489470 15 100000
2018031 2018-01-31 5 2 5 7 4 10647770 41 100000
2018032 2018-02-01 8 6 0 9 3 10599324 55 100000
2018033 2018-02-02 8 7 0 8 1 11861292 28 100000
2018034 2018-02-03 2 6 3 3 8 10272130 35 100000
2018035 2018-02-04 7 5 2 5 3 10205836 35 100000
2018036 2018-02-05 6 9 3 5 8 10620894 34 100000
2018037 2018-02-06 7 6 8 3 2 10554260 30 100000
2018038 2018-02-07 9 4 7 5 3 10573636 36 100000
2018039 2018-02-08 1 2 5 9 0 10901512 98 100000
2018040 2018-02-09 4 7 8 1 5 12010496 99 100000
2018041 2018-02-10 4 1 1 5 2 10643294 22 100000
2018042 2018-02-11 5 3 7 6 9 10278162 52 100000
2018043 2018-02-12 0 7 9 0 4 10605654 75 100000
2018044 2018-02-13 2 3 7 2 5 10168134 32 100000
2018045 2018-02-14 0 0 9 1 7 10245784 11 100000
2018046 2018-02-22 5 5 1 6 8 9882194 190 100000
2018047 2018-02-23 0 8 8 5 5 10458116 38 100000
2018048 2018-02-24 4 4 4 5 4 9582380 50 100000
2018049 2018-02-25 8 1 8 2 7 9124316 90 100000
2018050 2018-02-26 7 8 0 2 3 10327184 57 100000
2018051 2018-02-27 4 2 4 2 8 9885966 24 100000
2018052 2018-02-28 9 5 8 4 8 10004772 51 100000
2018053 2018-03-01 8 2 7 4 9 10097952 54 100000
2018054 2018-03-02 6 6 3 9 9 11173490 63 100000
2018055 2018-03-03 0 4 3 7 8 9537056 11 100000
2018056 2018-03-04 4 4 6 2 4 9538718 21 100000
2018057 2018-03-05 2 5 2 3 4 10033178 37 100000
2018058 2018-03-06 4 9 7 7 5 9927024 26 100000
2018059 2018-03-07 7 5 5 6 8 10158412 60 100000
2018060 2018-03-08 7 7 4 8 3 10194724 111 100000
2018061 2018-03-09 1 3 4 8 5 11440492 30 100000
2018062 2018-03-10 8 3 6 5 7 9985980 86 100000
2018063 2018-03-11 8 2 0 3 9 10265832 26 100000
2018064 2018-03-12 2 3 4 2 9 10435042 27 100000
2018065 2018-03-13 2 3 8 9 6 10474642 26 100000
2018066 2018-03-14 2 2 6 1 6 10146962 31 100000
2018067 2018-03-15 1 7 1 4 0 9891154 24 100000
2018068 2018-03-16 9 1 1 2 8 11257018 262 100000
2018069 2018-03-17 1 4 1 1 4 9873410 31 100000
2018070 2018-03-18 8 9 0 9 1 9946820 43 100000
2018071 2018-03-19 5 0 3 4 0 10193646 115 100000
2018072 2018-03-20 4 1 2 2 9 10228810 30 100000
2018073 2018-03-21 7 4 8 1 9 10485564 112 100000
2018074 2018-03-22 9 4 1 6 4 10590944 37 100000
2018075 2018-03-23 3 4 2 8 8 11845720 39 100000
2018076 2018-03-24 3 2 8 8 1 9966246 52 100000
2018077 2018-03-25 1 3 7 9 9 10210152 26 100000
2018078 2018-03-26 2 9 4 2 0 10543436 19 100000
2018079 2018-03-27 7 3 8 8 0 10405398 19 100000
2018080 2018-03-28 7 4 9 6 5 10461890 51 100000
2018081 2018-03-29 9 4 8 4 8 10507592 60 100000
2018082 2018-03-30 5 7 4 3 7 11787394 55 100000
2018083 2018-03-31 7 5 2 5 7 10176740 78 100000
2018084 2018-04-01 5 5 4 0 6 10382198 65 100000
2018085 2018-04-02 3 3 4 2 5 10164842 34 100000
2018086 2018-04-03 3 9 1 6 9 10214728 29 100000
2018087 2018-04-04 8 2 7 8 6 10048804 78 100000
2018088 2018-04-05 2 1 2 7 9 9369842 64 100000
2018089 2018-04-06 7 7 3 6 0 10884364 37 100000
2018090 2018-04-07 9 4 2 5 1 10170824 42 100000
2018091 2018-04-08 0 7 1 6 6 10544894 22 100000
2018092 2018-04-09 1 5 3 5 0 10326618 14 100000
2018093 2018-04-10 5 5 3 0 7 10228338 33 100000
2018094 2018-04-11 7 3 4 2 1 10027158 96 100000
2018095 2018-04-12 8 9 4 2 9 10848826 18 100000
2018096 2018-04-13 4 7 5 9 3 11502852 111 100000
2018097 2018-04-14 3 0 4 2 1 10038042 11 100000
2018098 2018-04-15 3 9 4 4 0 10077024 31 100000
2018099 2018-04-16 3 3 2 8 5 9982770 29 100000
2018100 2018-04-17 8 3 0 5 9 10186906 44 100000
2018101 2018-04-18 7 9 8 3 9 10150854 38 100000
2018102 2018-04-19 9 3 8 3 3 10609528 24 100000
2018103 2018-04-20 7 9 6 0 7 11393488 29 100000
2018104 2018-04-21 7 6 7 4 6 9881810 26 100000
2018105 2018-04-22 8 4 5 8 8 9819686 50 100000
2018106 2018-04-23 9 6 0 4 5 10301140 54 100000
2018107 2018-04-24 9 4 7 0 7 10304164 26 100000
2018108 2018-04-25 0 1 0 5 6 10379904 31 100000
2018109 2018-04-26 3 3 1 2 3 10006790 46 100000
2018110 2018-04-27 7 4 6 5 5 11519008 40 100000
2018111 2018-04-28 8 1 7 0 7 10191772 403 100000
2018112 2018-04-29 2 5 6 9 1 9993258 47 100000
2018113 2018-04-30 7 9 8 3 8 9726660 53 100000
2018114 2018-05-01 8 8 7 8 9 10033498 95 100000
2018115 2018-05-02 1 8 0 7 9 10122668 39 100000
2018116 2018-05-03 8 2 0 0 2 10554524 53 100000
2018117 2018-05-04 8 3 6 8 1 11224528 33 100000
2018118 2018-05-05 7 8 6 1 7 9971018 33 100000
2018119 2018-05-06 5 0 5 4 0 9994878 38 100000
2018120 2018-05-07 4 4 2 7 5 9909886 66 100000
2018121 2018-05-08 5 1 4 9 5 10064436 40 100000
2018122 2018-05-09 1 3 7 7 2 10180336 77 100000
2018123 2018-05-10 8 3 0 4 3 10637774 13 100000
2018124 2018-05-11 1 4 1 7 0 11739838 18 100000
2018125 2018-05-12 3 2 8 5 7 9965000 92 100000
2018126 2018-05-13 4 7 8 5 2 9661712 43 100000
2018127 2018-05-14 2 9 7 0 5 10086974 137 100000
2018128 2018-05-15 2 2 9 7 8 10376258 54 100000
2018129 2018-05-16 9 8 2 4 3 9853564 75 100000
2018130 2018-05-17 9 8 9 5 9 10430518 37 100000
2018131 2018-05-18 5 4 8 9 1 11189882 60 100000
2018132 2018-05-19 4 7 0 0 4 9924716 27 100000
2018133 2018-05-20 4 1 4 8 2 10015902 28 100000
2018134 2018-05-21 2 9 9 6 9 10174324 28 100000
2018135 2018-05-22 0 8 6 5 5 9956396 22 100000
2018136 2018-05-23 0 6 4 0 9 9937588 11 100000
2018137 2018-05-24 1 7 7 0 0 10096098 15 100000
2018138 2018-05-25 1 5 3 3 3 11063134 88 100000
2018139 2018-05-26 8 2 8 1 3 9518262 52 100000
2018140 2018-05-27 6 8 0 9 7 9843816 25 100000
2018141 2018-05-28 2 7 9 4 6 9943174 24 100000
2018142 2018-05-29 9 4 9 0 8 10096444 21 100000
2018143 2018-05-30 3 2 2 7 8 10116910 27 100000
2018144 2018-05-31 0 1 9 0 1 10128850 13 100000
2018145 2018-06-01 5 2 3 1 8 10644558 139 100000
2018146 2018-06-02 6 2 3 8 2 9483278 39 100000
2018147 2018-06-03 0 3 8 9 6 9735330 29 100000
2018148 2018-06-04 8 1 9 7 0 9873526 57 100000
2018149 2018-06-05 8 7 1 1 4 9895092 34 100000
2018150 2018-06-06 6 7 5 1 8 9906252 94 100000
2018151 2018-06-07 6 9 4 1 0 9937632 17 100000
2018152 2018-06-08 4 6 9 0 1 11111002 61 100000
2018153 2018-06-09 0 8 3 5 4 9719264 15 100000
2018154 2018-06-10 0 3 1 1 5 9740222 5 100000
2018155 2018-06-11 1 6 0 6 5 9906220 46 100000
2018156 2018-06-12 3 2 2 3 4 9682444 26 100000
2018157 2018-06-13 2 0 9 9 6 8186834 95 100000
2018158 2018-06-14 3 0 0 1 8 10114744 53 100000
2018159 2018-06-15 2 9 4 6 1 10676712 17 100000
2018160 2018-06-16 1 0 8 3 4 9314306 49 100000
2018161 2018-06-17 4 7 3 7 1 9292840 54 100000
2018162 2018-06-18 2 6 0 2 7 9591988 17 100000
2018163 2018-06-19 5 7 0 3 5 9831622 20 100000
2018164 2018-06-20 6 1 0 3 2 9748994 8 100000
2018165 2018-06-21 3 0 2 5 7 9647964 29 100000
2018166 2018-06-22 0 6 1 0 4 10692474 33 100000
2018167 2018-06-23 1 3 2 7 4 9286130 15 100000
2018168 2018-06-24 2 7 5 2 3 9440388 35 100000
2018169 2018-06-25 7 1 6 9 0 9603086 120 100000
2018170 2018-06-26 1 2 7 8 8 9655354 58 100000
2018171 2018-06-27 2 9 7 8 9 9604416 40 100000
2018172 2018-06-28 2 4 7 4 7 9707936 40 100000
2018173 2018-06-29 2 4 2 8 4 10982328 22 100000
2018174 2018-06-30 0 1 9 2 1 9230570 31 100000
2018175 2018-07-01 6 1 2 9 3 9202674 29 100000
2018176 2018-07-02 2 0 7 8 4 9629808 55 100000
2018177 2018-07-03 2 2 2 5 7 9755158 126 100000
2018178 2018-07-04 5 2 8 7 5 9363472 117 100000
2018179 2018-07-05 7 1 3 3 1 9827910 11 100000
2018180 2018-07-06 4 3 3 1 8 10986896 54 100000
2018181 2018-07-07 5 7 3 8 8 9629914 33 100000
2018182 2018-07-08 4 0 0 1 1 9697968 47 100000
2018183 2018-07-09 8 4 4 0 5 9477610 22 100000
2018184 2018-07-10 2 6 1 6 2 9648466 49 100000
2018185 2018-07-11 6 9 6 8 8 9746158 16 100000
2018186 2018-07-12 3 5 0 0 0 9880788 84 100000
2018187 2018-07-13 5 0 7 7 0 11061224 23 100000
2018188 2018-07-14 0 6 8 1 1 9493570 29 100000
2018189 2018-07-15 2 6 9 1 1 9632070 64 100000
2018190 2018-07-16 0 3 1 5 9 9647888 40 100000
2018191 2018-07-17 3 4 0 4 5 9734516 23 100000
2018192 2018-07-18 9 3 9 3 1 9858856 26 100000
2018193 2018-07-19 3 8 2 3 9 9600958 29 100000
2018194 2018-07-20 6 0 5 8 9 10858542 29 100000
2018195 2018-07-21 4 8 4 0 8 9512168 30 100000
2018196 2018-07-22 3 3 2 4 4 9483340 30 100000
2018197 2018-07-23 1 3 3 8 2 9675688 25 100000
2018198 2018-07-24 8 9 3 6 3 9533750 175 100000
2018199 2018-07-25 4 4 2 9 0 9616072 18 100000
2018200 2018-07-26 5 9 8 6 3 9876560 56 100000
2018201 2018-07-27 6 2 9 6 8 11017902 40 100000
2018202 2018-07-28 2 2 4 7 2 9438084 17 100000
2018203 2018-07-29 2 1 6 6 9 9398628 41 100000
2018204 2018-07-30 7 1 3 7 4 9836836 29 100000
2018205 2018-07-31 2 9 8 2 7 9673724 50 100000
2018206 2018-08-01 2 6 7 2 8 9871132 34 100000
2018207 2018-08-02 0 0 6 0 9 10023988 74 100000
2018208 2018-08-03 1 7 5 3 0 10740304 119 100000
2018209 2018-08-04 1 0 0 7 6 9869994 41 100000
2018210 2018-08-05 9 5 6 6 8 9393922 62 100000
2018211 2018-08-06 8 9 3 5 9 9931396 78 100000
2018212 2018-08-07 5 1 5 2 2 9956268 26 100000
2018213 2018-08-08 3 5 5 2 3 9952564 45 100000
2018214 2018-08-09 8 1 7 9 0 10026720 45 100000
2018215 2018-08-10 9 3 9 4 3 11454826 48 100000
2018216 2018-08-11 8 9 0 1 8 9953696 60 100000
2018217 2018-08-12 8 5 6 0 6 9807752 24 100000
2018218 2018-08-13 8 7 7 7 4 10037072 11 100000
2018219 2018-08-14 8 7 1 5 2 9688314 21 100000
2018220 2018-08-15 2 0 8 2 3 9960280 50 100000
2018221 2018-08-16 5 9 8 5 6 10263004 12 100000
2018222 2018-08-17 3 2 3 2 8 11386626 105 100000
2018223 2018-08-18 1 9 7 0 1 9855774 73 100000
2018224 2018-08-19 7 9 1 2 7 9816748 35 100000
2018225 2018-08-20 6 4 8 8 4 10041176 78 100000
2018226 2018-08-21 9 2 9 4 1 10071002 29 100000
2018227 2018-08-22 0 8 8 7 3 10066560 20 100000
2018228 2018-08-23 8 2 9 9 2 10303682 41 100000
2018229 2018-08-24 4 4 3 7 9 11370188 25 100000
2018230 2018-08-25 7 6 4 6 5 9871214 208 100000
2018231 2018-08-26 5 1 6 6 3 9901158 47 100000
2018232 2018-08-27 5 3 1 4 2 10191486 31 100000
2018233 2018-08-28 1 1 1 1 9 10024714 157 100000
2018234 2018-08-29 5 0 5 0 9 9324534 25 100000
2018235 2018-08-30 5 8 4 6 8 9944040 16 100000
2018236 2018-08-31 7 0 3 0 5 11427638 64 100000
2018237 2018-09-01 1 5 7 0 1 10015994 37 100000
2018238 2018-09-02 3 9 2 3 1 9904674 86 100000
2018239 2018-09-03 8 3 7 5 2 10289218 121 100000
2018240 2018-09-04 4 9 2 1 5 10180262 58 100000
2018241 2018-09-05 1 7 0 0 2 10525402 38 100000
2018242 2018-09-06 0 9 7 5 1 10482936 14 100000
2018243 2018-09-07 7 9 0 3 0 11607710 30 100000
2018244 2018-09-08 6 4 9 8 5 9940844 183 100000
2018245 2018-09-09 0 5 1 0 6 10421622 30 100000
2018246 2018-09-10 9 1 6 1 0 10411348 35 100000
2018247 2018-09-11 3 0 3 6 5 10296752 115 100000
2018248 2018-09-12 9 3 9 9 1 10238474 29 100000
2018249 2018-09-13 2 8 9 8 6 10306180 22 100000
2018250 2018-09-14 9 1 7 3 8 11629290 30 100000
2018251 2018-09-15 0 3 0 6 1 10281730 57 100000
2018252 2018-09-16 5 7 8 2 9 9592556 155 100000
2018253 2018-09-17 8 5 2 8 2 10397612 56 100000
2018254 2018-09-18 0 2 1 5 2 10574726 18 100000
2018255 2018-09-19 7 1 0 7 5 10223326 58 100000
2018256 2018-09-20 1 4 7 1 7 10642104 184 100000
2018257 2018-09-21 6 0 3 5 5 11886720 43 100000
2018258 2018-09-22 0 4 5 8 1 10156356 25 100000
2018259 2018-09-23 1 4 9 0 8 9949156 24 100000
2018260 2018-09-24 6 6 4 5 4 9961928 92 100000
2018261 2018-09-25 3 5 2 3 9 10306158 71 100000
2018262 2018-09-26 3 6 7 0 4 10764104 21 100000
2018263 2018-09-27 4 5 2 6 0 10675474 27 100000
2018264 2018-09-28 1 9 0 2 2 11795940 32 100000
2018265 2018-09-29 1 8 0 3 6 10681346 42 100000
2018266 2018-09-30 6 9 7 6 6 9923198 15 100000
2018267 2018-10-01 1 0 5 4 9 9047006 58 100000
2018268 2018-10-02 1 8 7 7 1 9008216 53 100000
2018269 2018-10-03 4 2 6 7 5 9303538 10 100000
2018270 2018-10-04 9 5 9 7 8 9430724 24 100000
2018271 2018-10-05 7 7 5 7 1 10444062 15 100000
2018272 2018-10-06 0 7 8 0 1 9700400 23 100000
2018273 2018-10-07 6 2 4 1 5 9706922 65 100000
2018274 2018-10-08 6 5 6 1 6 10271562 87 100000
2018275 2018-10-09 3 9 3 5 6 10097750 40 100000
2018276 2018-10-10 4 1 8 8 8 10225404 63 100000
2018277 2018-10-11 0 2 5 2 7 10587178 22 100000
2018278 2018-10-12 8 1 2 8 8 11654248 67 100000
2018279 2018-10-13 6 4 5 6 5 10085520 52 100000
2018280 2018-10-14 9 5 1 2 9 10306506 32 100000
2018281 2018-10-15 1 0 6 0 8 10609688 97 100000
2018282 2018-10-16 7 8 0 4 4 10525172 48 100000
2018283 2018-10-17 8 9 9 8 6 10830392 19 100000
2018284 2018-10-18 8 5 8 2 4 10489964 7 100000
2018285 2018-10-19 0 8 0 2 3 11731264 15 100000
2018286 2018-10-20 9 3 1 3 5 9871690 46 100000
2018287 2018-10-21 0 5 1 8 3 9981780 12 100000
2018288 2018-10-22 2 7 4 4 7 10318558 74 100000
2018289 2018-10-23 9 1 3 0 1 10236882 29 100000
2018290 2018-10-24 5 3 5 3 2 10466468 22 100000
2018291 2018-10-25 6 3 9 8 6 10360182 59 100000
2018292 2018-10-26 4 5 9 3 2 2700000 27 100000
2018293 2018-10-27 1 5 1 2 5 10100896 40 100000
2018294 2018-10-28 8 3 2 0 8 9936174 38 100000
2018295 2018-10-29 1 6 8 0 7 10344010 56 100000
2018296 2018-10-30 0 3 0 7 6 10144304 7 100000
2018297 2018-10-31 4 6 1 7 1 10057134 67 100000
2018298 2018-11-01 2 5 3 2 3 10181356 41 100000
2018299 2018-11-02 4 8 9 9 7 11838690 29 100000
2018300 2018-11-03 0 9 4 8 0 9987864 34 100000
2018301 2018-11-04 9 0 1 7 5 10200210 95 100000
2018302 2018-11-05 1 9 9 4 0 10282588 24 100000
2018303 2018-11-06 6 0 8 9 5 9839416 66 100000
2018304 2018-11-07 0 2 0 4 1 10144660 15 100000
2018305 2018-11-08 1 9 0 6 0 10198586 20 100000
2018306 2018-11-09 0 0 0 5 8 11421844 222 100000
2018307 2018-11-10 6 4 8 4 4 9385810 25 100000
2018308 2018-11-11 4 1 2 7 2 9947548 49 100000
2018309 2018-11-12 7 4 3 0 4 10482660 23 100000
2018310 2018-11-13 3 6 7 4 9 10327570 56 100000
2018311 2018-11-14 8 6 4 5 0 10611546 13 100000
2018312 2018-11-15 1 1 5 0 0 10757238 69 100000
2018313 2018-11-16 3 8 3 2 7 11320656 87 100000
2018314 2018-11-17 8 6 7 6 5 9990582 40 100000
2018315 2018-11-18 7 7 3 9 9 10059630 33 100000
2018316 2018-11-19 7 3 1 4 2 10314574 39 100000
2018317 2018-11-20 2 9 9 8 6 10246996 235 100000
2018318 2018-11-21 3 4 6 6 3 10512146 31 100000
2018319 2018-11-22 4 0 8 1 5 10700768 102 100000
2018320 2018-11-23 3 2 9 4 4 11934664 27 100000
2018321 2018-11-24 8 2 9 1 8 10243764 77 100000
2018322 2018-11-25 4 3 4 0 9 10207434 67 100000
2018323 2018-11-26 2 6 5 0 9 10407170 12 100000
2018324 2018-11-27 0 3 4 1 7 10350006 34 100000
2018325 2018-11-28 6 4 4 0 7 10420150 40 100000
2018326 2018-11-29 5 3 1 8 5 10443742 20 100000
2018327 2018-11-30 0 6 8 2 1 11844318 21 100000
2018328 2018-12-01 6 2 9 1 6 10400064 98 100000
2018329 2018-12-02 6 0 1 9 7 10173048 23 100000
2018330 2018-12-03 2 3 6 7 8 10384092 115 100000
2018331 2018-12-04 4 5 8 7 7 10352568 24 100000
2018332 2018-12-05 9 6 5 4 6 10578166 34 100000
2018333 2018-12-06 8 3 6 2 4 10523776 72 100000
2018334 2018-12-07 4 5 4 3 8 11583356 64 100000
2018335 2018-12-08 3 5 9 1 1 10265652 50 100000
2018336 2018-12-09 2 1 0 7 1 10259694 85 100000
2018337 2018-12-10 5 5 8 5 3 10332498 49 100000
2018338 2018-12-11 5 7 5 6 3 10161538 28 100000
2018339 2018-12-12 8 4 1 2 3 10439368 69 100000
2018340 2018-12-13 6 9 5 9 6 10547810 37 100000
2018341 2018-12-14 0 3 0 6 2 11952658 28 100000
2018342 2018-12-15 0 7 8 7 9 10314166 26 100000
2018343 2018-12-16 9 7 4 1 5 10504330 51 100000
2018344 2018-12-17 8 8 7 7 5 10852804 35 100000
2018345 2018-12-18 4 7 8 3 4 10442262 39 100000
2018346 2018-12-19 5 9 6 1 8 10917442 127 100000
2018347 2018-12-20 4 7 1 9 5 11362376 41 100000
2018348 2018-12-21 1 4 4 9 8 12521098 49 100000
2018349 2018-12-22 4 9 4 5 6 10411904 87 100000
2018350 2018-12-23 8 9 2 8 9 10704986 25 100000
2018351 2018-12-24 3 1 8 4 7 10992988 224 100000
2018352 2018-12-25 0 6 8 6 3 11068306 11 100000
2018353 2018-12-26 6 9 1 2 9 11023332 66 100000
2018354 2018-12-27 4 6 9 7 9 11108364 28 100000
2018355 2018-12-28 3 7 8 2 7 12571002 54 100000
2018356 2018-12-29 1 8 8 9 8 11171446 85 100000
2018357 2018-12-30 9 2 2 3 3 10283012 60 100000
2018358 2018-12-31 3 2 9 1 9 10699200 68 100000
2019001 2019-01-01 3 2 2 3 3 10733838 115 100000
2019002 2019-01-02 7 5 4 8 1 10630128 130 100000
2019003 2019-01-03 5 4 2 9 3 11231848 24 100000
2019004 2019-01-04 2 4 1 7 8 12721734 36 100000
2019005 2019-01-05 0 6 2 9 7 11014900 23 100000
2019006 2019-01-06 1 4 8 3 3 11189188 28 100000
2019007 2019-01-07 7 5 1 1 5 11156544 103 100000
2019008 2019-01-08 9 8 7 4 4 11043106 26 100000
2019009 2019-01-09 6 6 8 5 6 11168750 102 100000
2019010 2019-01-10 4 2 5 1 5 11473104 36 100000
2019011 2019-01-11 4 9 2 1 4 12781210 30 100000
2019012 2019-01-12 5 4 1 1 2 11219622 51 100000
2019013 2019-01-13 2 2 3 3 5 11032156 106 100000
2019014 2019-01-14 0 2 3 4 6 11495046 24 100000
2019015 2019-01-15 4 2 4 7 2 11120308 53 100000
2019016 2019-01-16 5 9 1 8 1 11167640 66 100000
2019017 2019-01-17 1 4 7 0 1 11591550 152 100000
2019018 2019-01-18 1 7 0 2 8 12955618 56 100000
2019019 2019-01-19 9 9 9 2 0 11145094 45 100000
2019020 2019-01-20 8 2 1 7 2 10364248 107 100000
2019021 2019-01-21 6 6 2 4 5 11203954 87 100000
2019022 2019-01-22 0 7 4 2 6 11381158 12 100000
2019023 2019-01-23 6 6 1 5 3 11412560 22 100000
2019024 2019-01-24 5 8 8 0 6 11447578 55 100000
2019025 2019-01-25 1 6 2 5 9 12719216 29 100000
2019026 2019-01-26 1 8 5 3 8 11243076 62 100000
2019027 2019-01-27 6 1 3 5 8 11214202 89 100000
2019028 2019-01-28 5 0 1 3 2 11310618 27 100000
2019029 2019-01-29 2 5 3 9 7 11200276 23 100000
2019030 2019-01-30 8 3 8 1 5 11326626 149 100000
2019031 2019-01-31 7 1 2 2 9 11417500 35 100000
2019032 2019-02-01 8 4 8 9 0 12458058 30 100000
2019033 2019-02-02 3 4 2 6 0 11112570 25 100000
2019034 2019-02-03 8 0 8 9 8 10555816 108 100000
2019035 2019-02-11 5 7 5 6 0 10468048 16 100000
2019036 2019-02-12 5 0 7 4 0 9450240 29 100000
2019037 2019-02-13 6 9 9 3 6 10117116 39 100000
2019038 2019-02-14 0 4 8 5 3 10061332 24 100000
2019039 2019-02-15 0 6 6 0 2 11426468 7 100000
2019040 2019-02-16 3 0 1 2 4 10065724 28 100000
2019041 2019-02-17 1 3 0 8 8 9927612 34 100000
2019042 2019-02-18 3 2 8 2 9 10136862 77 100000
2019043 2019-02-19 6 0 3 1 6 10274860 72 100000
2019044 2019-02-20 1 0 5 7 4 10291642 34 100000
2019045 2019-02-21 3 7 7 8 3 10607424 61 100000
2019046 2019-02-22 2 3 1 8 2 11817558 50 100000
2019047 2019-02-23 3 6 3 7 1 10086792 38 100000
2019048 2019-02-24 1 6 1 7 0 10243672 71 100000
2019049 2019-02-25 6 3 2 0 0 10440114 21 100000
2019050 2019-02-26 8 1 1 3 1 10457142 28 100000
2019051 2019-02-27 3 3 7 6 8 10585378 110 100000
2019052 2019-02-28 5 7 7 3 8 11003596 52 100000
2019053 2019-03-01 3 6 4 4 2 12138280 29 100000
2019054 2019-03-02 3 7 4 2 9 10642398 18 100000
2019055 2019-03-03 1 8 2 0 5 10570538 82 100000
2019056 2019-03-04 2 5 2 5 4 10960700 49 100000
2019057 2019-03-05 8 6 8 7 9 10702260 72 100000
2019058 2019-03-06 4 1 7 5 8 10727552 72 100000
2019059 2019-03-07 1 0 4 1 7 11225546 25 100000
2019060 2019-03-08 2 3 9 5 9 12313102 35 100000
2019061 2019-03-09 2 8 8 1 2 10673152 21 100000
2019062 2019-03-10 8 4 8 4 8 10591818 112 100000
2019063 2019-03-11 2 1 1 8 7 10916186 30 100000
2019064 2019-03-12 7 5 2 2 2 10846216 54 100000
2019065 2019-03-13 4 3 2 6 2 10927664 53 100000
2019066 2019-03-14 2 5 7 9 2 11256978 35 100000
2019067 2019-03-15 5 7 9 0 8 12658864 63 100000
2019068 2019-03-16 5 5 0 9 6 10758274 47 100000
2019069 2019-03-17 7 9 3 2 3 10537412 52 100000
2019070 2019-03-18 7 5 5 4 0 10941998 16 100000
2019071 2019-03-19 2 0 5 2 6 10838956 29 100000
2019072 2019-03-20 9 2 1 9 8 10837074 100 100000
2019073 2019-03-21 7 0 9 9 4 11002508 59 100000
2019074 2019-03-22 8 4 2 5 4 12085428 14 100000
2019075 2019-03-23 4 2 9 6 6 10476700 32 100000
2019076 2019-03-24 2 1 4 0 8 10773636 18 100000
2019077 2019-03-25 5 1 4 4 6 10864182 25 100000
2019078 2019-03-26 2 3 9 2 6 10962674 45 100000
2019079 2019-03-27 0 8 7 2 5 11101240 62 100000
2019080 2019-03-28 3 1 6 5 4 11098296 27 100000
2019081 2019-03-29 9 5 4 0 1 12185804 30 100000
2019082 2019-03-30 5 9 5 6 1 10411542 49 100000
2019083 2019-03-31 0 5 8 3 9 10384924 79 100000
2019084 2019-04-01 3 0 2 3 3 11050256 52 100000
2019085 2019-04-02 6 1 2 5 8 10536562 67 100000
2019086 2019-04-03 3 4 9 3 0 10833104 12 100000
2019087 2019-04-04 0 5 8 0 6 10776160 151 100000
2019088 2019-04-05 3 8 1 6 0 10945468 29 100000
2019089 2019-04-06 3 8 2 3 9 10105320 27 100000
2019090 2019-04-07 7 8 5 1 9 10265176 51 100000
2019091 2019-04-08 0 3 5 4 4 10556948 13 100000
2019092 2019-04-09 5 1 2 6 5 10383710 56 100000
2019093 2019-04-10 5 2 5 1 7 10793808 103 100000
2019094 2019-04-11 0 8 8 7 4 10765114 23 100000
2019095 2019-04-12 1 1 4 5 3 12073116 97 100000
2019096 2019-04-13 9 1 2 5 0 10364474 12 100000
2019097 2019-04-14 0 7 1 4 5 10315500 19 100000
2019098 2019-04-15 5 4 9 6 2 10589848 59 100000
2019099 2019-04-16 4 6 1 8 8 10757446 65 100000
2019100 2019-04-17 3 8 8 8 6 10709888 55 100000
2019101 2019-04-18 5 6 1 3 4 10861096 23 100000
2019102 2019-04-19 0 5 6 3 8 12353068 24 100000
2019103 2019-04-20 3 4 5 6 5 10411490 98 100000
2019104 2019-04-21 4 6 1 4 0 10607788 36 100000
2019105 2019-04-22 4 5 8 6 2 11092352 31 100000
2019106 2019-04-23 3 8 4 2 0 10950704 37 100000
2019107 2019-04-24 2 1 4 6 4 10966740 29 100000
2019108 2019-04-25 3 0 9 3 1 11319126 16 100000
2019109 2019-04-26 9 8 3 0 0 12305778 8 100000
2019110 2019-04-27 3 0 3 0 5 10433768 30 100000
2019111 2019-04-28 4 8 6 0 2 10495036 21 100000
2019112 2019-04-29 5 4 5 9 9 10587324 40 100000
2019113 2019-04-30 4 7 2 7 7 10216624 35 100000
2019114 2019-05-01 9 4 9 3 8 9494742 74 100000
2019115 2019-05-02 0 0 8 1 2 9629632 22 100000
2019116 2019-05-03 8 2 4 4 7 10945840 61 100000
2019117 2019-05-04 3 5 8 6 8 10291126 98 100000
2019118 2019-05-05 6 2 0 9 9 10886494 36 100000
2019119 2019-05-06 2 1 1 5 5 10693754 50 100000
2019120 2019-05-07 9 1 1 2 5 10432046 20 100000
2019121 2019-05-08 8 8 2 4 7 10261032 32 100000
2019122 2019-05-09 6 9 2 1 3 10911824 56 100000
2019123 2019-05-10 4 7 1 8 3 12047036 49 100000
2019124 2019-05-11 2 7 0 9 1 10386466 18 100000
2019125 2019-05-12 4 8 5 3 5 10220324 60 100000
2019126 2019-05-13 1 8 9 1 9 10714880 228 100000
2019127 2019-05-14 2 8 0 2 3 10750180 24 100000
2019128 2019-05-15 0 6 4 0 3 10643956 38 100000
2019129 2019-05-16 5 4 0 5 2 10995506 25 100000
2019130 2019-05-17 7 2 5 3 3 12140948 52 100000
2019131 2019-05-18 6 2 7 7 1 10509912 33 100000
2019132 2019-05-19 5 9 3 2 1 10431580 40 100000
2019133 2019-05-20 1 9 7 3 2 10673412 56 100000
2019134 2019-05-21 4 1 9 1 1 10618064 59 100000
2019135 2019-05-22 0 9 4 5 5 10627050 18 100000
2019136 2019-05-23 9 3 9 8 7 10901656 18 100000
2019137 2019-05-24 7 7 6 1 9 11710780 80 100000
2019138 2019-05-25 0 0 7 4 9 9938964 24 100000
2019139 2019-05-26 4 0 6 1 3 9957148 13 100000
2019140 2019-05-27 1 5 4 0 2 10291330 30 100000
2019141 2019-05-28 0 0 4 0 8 10554764 12 100000
2019142 2019-05-29 0 8 3 0 7 9855792 21 100000
2019143 2019-05-30 5 8 1 9 8 10406762 101 100000
2019144 2019-05-31 4 8 9 5 9 11748830 84 100000
2019145 2019-06-01 0 8 8 3 2 10168746 8 100000
2019146 2019-06-02 3 7 4 2 5 9926326 103 100000
2019147 2019-06-03 5 3 4 6 2 10410836 34 100000
2019148 2019-06-04 1 9 1 5 7 10315316 41 100000
2019149 2019-06-05 8 8 0 5 2 10145166 19 100000
2019150 2019-06-06 9 6 6 3 7 10344550 122 100000
2019151 2019-06-07 5 7 5 8 1 10517142 40 100000
2019152 2019-06-08 2 8 5 6 1 19978132 36 100000
2019153 2019-06-09 0 6 0 4 5 10220350 26 100000
2019154 2019-06-10 3 7 8 3 8 10313792 226 100000
2019155 2019-06-11 0 8 1 1 6 10555046 61 100000
2019156 2019-06-12 6 5 9 2 2 10468896 93 100000
2019157 2019-06-13 3 1 2 6 2 10781844 45 100000
2019158 2019-06-14 7 2 1 0 3 12039794 30 100000
2019159 2019-06-15 1 9 6 3 2 10197292 36 100000
2019160 2019-06-16 4 6 5 9 6 10497454 50 100000
2019161 2019-06-17 9 9 7 3 6 10523678 23 100000
2019162 2019-06-18 6 1 0 2 3 10167094 43 100000
2019163 2019-06-19 4 9 3 9 0 10521624 10 100000
2019164 2019-06-20 7 9 7 1 9 10521054 31 100000
2019165 2019-06-21 1 1 2 0 3 11562362 34 100000
2019166 2019-06-22 8 6 5 6 0 9877644 58 100000
2019167 2019-06-23 3 0 7 5 9 10073790 37 100000
2019168 2019-06-24 7 0 3 2 9 10440916 27 100000
2019169 2019-06-25 0 4 1 5 1 10239312 90 100000
2019170 2019-06-26 3 6 4 7 5 10450574 56 100000
2019171 2019-06-27 4 4 3 7 2 10861946 13 100000
2019172 2019-06-28 7 5 2 5 4 11768458 66 100000
2019173 2019-06-29 8 8 4 7 6 10179484 13 100000
2019174 2019-06-30 3 9 9 1 5 10152368 25 100000
2019175 2019-07-01 3 8 9 5 8 10174352 161 100000
2019176 2019-07-02 0 9 6 4 6 10324770 27 100000
2019177 2019-07-03 2 3 2 6 7 10162408 64 100000
2019178 2019-07-04 7 7 4 6 2 10522456 23 100000
2019179 2019-07-05 7 6 1 3 2 11625282 16 100000
2019180 2019-07-06 2 4 8 5 7 9990514 46 100000
2019181 2019-07-07 3 0 6 0 9 10152356 70 100000
2019182 2019-07-08 7 6 1 5 5 10339436 73 100000
2019183 2019-07-09 8 3 2 6 2 10265630 76 100000
2019184 2019-07-10 4 4 9 5 3 10265630 50 100000
2019185 2019-07-11 4 3 6 9 5 10892356 14 100000
2019186 2019-07-12 5 4 7 6 0 11987912 22 100000
2019187 2019-07-13 8 9 9 8 5 10059850 27 100000
2019188 2019-07-14 3 1 6 2 3 10011566 37 100000
2019189 2019-07-15 8 9 0 9 1 10601276 11 100000
2019190 2019-07-16 1 7 0 2 3 10418058 20 100000
2019191 2019-07-17 2 5 0 3 4 10379280 24 100000
2019192 2019-07-18 7 2 9 4 7 10504650 94 100000
2019193 2019-07-19 6 5 2 0 1 11904110 41 100000
2019194 2019-07-20 3 1 8 4 9 10239552 40 100000
2019195 2019-07-21 6 8 9 1 5 10415260 50 100000
2019196 2019-07-22 6 4 5 2 8 10602024 25 100000
2019197 2019-07-23 6 2 2 5 2 10480750 24 100000
2019198 2019-07-24 2 5 7 3 0 10159334 41 100000
2019199 2019-07-25 4 7 6 2 8 10706416 64 100000
2019200 2019-07-26 4 7 1 7 0 12351168 16 100000
2019201 2019-07-27 2 3 2 0 4 10127292 9 100000
2019202 2019-07-28 8 2 3 9 4 10329806 26 100000
2019203 2019-07-29 1 0 3 9 6 10196272 78 100000
2019204 2019-07-30 5 6 2 1 6 10143952 79 100000
2019205 2019-07-31 1 8 7 1 2 10370058 25 100000
2019206 2019-08-01 9 1 7 8 4 10542736 28 100000
2019207 2019-08-02 1 1 7 7 9 11785374 16 100000
2019208 2019-08-03 8 5 7 4 8 9734250 33 100000
2019209 2019-08-04 8 6 5 1 3 9928840 97 100000
2019210 2019-08-05 7 7 3 6 0 10193756 37 100000
2019211 2019-08-06 5 9 0 0 6 10042214 38 100000
2019212 2019-08-07 7 7 2 5 3 10099786 161 100000
2019213 2019-08-08 7 2 8 6 2 10533858 41 100000
2019214 2019-08-09 9 2 1 1 0 11834458 47 100000
2019215 2019-08-10 8 7 6 8 6 9807208 33 100000
2019216 2019-08-11 6 5 8 0 9 10024404 93 100000
2019217 2019-08-12 1 2 3 2 5 10435322 63 100000
2019218 2019-08-13 6 4 9 2 5 10423548 26 100000
2019219 2019-08-14 3 8 2 0 2 10369588 36 100000
2019220 2019-08-15 3 2 9 7 6 10880168 25 100000
2019221 2019-08-16 7 9 6 1 6 11975682 51 100000
2019222 2019-08-17 9 0 9 8 0 10368894 63 100000
2019223 2019-08-18 5 3 4 7 4 10107644 47 100000
2019224 2019-08-19 0 9 3 1 0 10614744 5 100000
2019225 2019-08-20 3 9 1 6 6 10446546 25 100000
2019226 2019-08-21 3 9 6 1 8 10613432 70 100000
2019227 2019-08-22 8 2 3 9 8 10916438 29 100000
2019228 2019-08-23 9 7 8 9 4 12133812 12 100000
2019229 2019-08-24 9 4 8 5 4 10263012 41 100000
2019230 2019-08-25 6 3 0 5 2 10198520 25 100000
2019231 2019-08-26 9 3 5 7 0 10649074 13 100000
2019232 2019-08-27 7 7 2 7 4 10659874 24 100000
2019233 2019-08-28 5 3 1 1 0 10652504 146 100000
2019234 2019-08-29 2 4 5 6 0 11095766 51 100000
2019235 2019-08-30 4 2 2 2 2 12343148 47 100000
2019236 2019-08-31 0 2 1 4 7 10095704 25 100000
2019237 2019-09-01 8 0 8 2 6 10265672 33 100000
2019238 2019-09-02 4 1 0 3 1 10317366 58 100000
2019239 2019-09-03 4 9 1 6 1 10334126 21 100000
2019240 2019-09-04 8 9 4 1 1 10330388 33 100000
2019241 2019-09-05 3 8 5 1 0 10563460 44 100000
2019242 2019-09-06 8 9 2 4 8 11980194 55 100000
2019243 2019-09-07 5 1 1 6 9 10294698 43 100000
2019244 2019-09-08 0 9 0 1 4 10349270 25 100000
2019245 2019-09-09 5 9 5 8 5 10390994 42 100000
2019246 2019-09-10 4 2 7 5 0 10268754 61 100000
2019247 2019-09-11 4 8 9 1 8 10573492 107 100000
2019248 2019-09-12 3 1 1 0 1 10774320 17 100000
2019249 2019-09-13 6 2 9 8 2 10454816 46 100000
2019250 2019-09-14 1 7 1 6 3 10134616 70 100000
2019251 2019-09-15 2 7 2 5 1 10521254 19 100000
2019252 2019-09-16 4 1 6 7 1 10634138 134 100000
2019253 2019-09-17 6 3 9 0 6 10624800 26 100000
2019254 2019-09-18 6 1 8 6 6 10487366 41 100000
2019255 2019-09-19 2 7 2 2 6 10755500 24 100000
2019256 2019-09-20 4 7 4 1 2 12146938 61 100000
2019257 2019-09-21 8 7 1 1 4 10561858 73 100000
2019258 2019-09-22 5 1 1 9 7 10608288 24 100000
2019259 2019-09-23 4 3 2 2 7 10698500 21 100000
2019260 2019-09-24 1 6 2 0 2 10847182 25 100000
2019261 2019-09-25 8 6 5 4 6 10709796 9 100000
2019262 2019-09-26 7 8 5 7 3 11079500 56 100000
2019263 2019-09-27 9 8 4 0 6 12567458 11 100000
2019264 2019-09-28 6 6 9 7 8 10821444 52 100000
2019265 2019-09-29 5 9 0 6 3 10651212 24 100000
2019266 2019-09-30 4 6 1 9 1 11413354 52 100000
2019267 2019-10-08 0 3 5 4 4 11976502 21 100000
2019268 2019-10-09 0 8 1 2 6 10313088 37 100000
2019269 2019-10-10 8 5 4 0 3 10840108 66 100000
2019270 2019-10-11 6 0 1 8 8 12209550 22 100000
2019271 2019-10-12 9 5 1 7 6 10512468 55 100000
2019272 2019-10-13 0 1 4 1 6 10450204 30 100000
2019273 2019-10-14 8 2 2 7 5 10583580 20 100000
2019274 2019-10-15 1 0 2 0 7 10205500 54 100000
2019275 2019-10-16 2 8 7 6 1 10566350 46 100000
2019276 2019-10-17 8 1 8 5 0 10937534 51 100000
2019277 2019-10-18 7 3 7 9 7 11843372 12 100000
2019278 2019-10-19 1 9 4 0 9 9970414 50 100000
2019279 2019-10-20 1 7 7 5 1 10080844 18 100000
2019280 2019-10-21 2 9 4 0 6 10303904 13 100000
2019281 2019-10-22 0 0 5 2 3 10535218 26 100000
2019282 2019-10-23 6 2 6 1 4 10178666 43 100000
2019283 2019-10-24 0 4 9 4 4 10551458 14 100000
2019284 2019-10-25 9 9 2 9 6 11474928 35 100000
2019285 2019-10-26 0 7 1 4 9 9875172 21 100000
2019286 2019-10-27 7 7 4 7 1 10089614 42 100000
2019287 2019-10-28 3 3 7 2 3 10430642 49 100000
2019288 2019-10-29 7 8 9 1 1 10387608 125 100000
2019289 2019-10-30 2 4 9 7 2 10364578 29 100000
2019290 2019-10-31 4 8 5 1 6 10941196 55 100000
2019291 2019-11-01 6 7 6 3 6 12435658 64 100000
2019292 2019-11-02 4 8 6 8 8 10329084 19 100000
2019293 2019-11-03 5 9 9 7 9 10288188 97 100000
2019294 2019-11-04 7 5 8 3 7 10455452 73 100000
2019295 2019-11-05 3 3 5 2 3 10722734 151 100000
2019296 2019-11-06 8 7 0 2 0 10781736 16 100000
2019297 2019-11-07 5 2 5 2 4 11019314 21 100000
2019298 2019-11-08 5 5 5 0 3 12351920 78 100000
2019299 2019-11-09 5 7 8 2 3 9895556 42 100000
2019300 2019-11-10 5 3 7 2 4 10482136 50 100000
2019301 2019-11-11 3 7 9 1 5 11032976 89 100000
2019302 2019-11-12 7 4 4 9 6 11078124 32 100000
2019303 2019-11-13 6 6 9 1 6 10960246 44 100000
2019304 2019-11-14 6 6 3 6 6 11196310 128 100000
2019305 2019-11-15 4 8 2 8 8 12080166 100 100000
2019306 2019-11-16 6 4 7 4 9 10721968 28 100000
2019307 2019-11-17 0 2 7 8 6 10726960 35 100000
2019308 2019-11-18 6 7 5 6 7 10816410 93 100000
2019309 2019-11-19 3 5 4 1 1 10891626 30 100000
2019310 2019-11-20 7 5 4 0 0 11169660 11 100000
2019311 2019-11-21 1 1 4 2 7 11157810 34 100000
2019312 2019-11-22 5 7 6 1 1 12500178 45 100000
2019313 2019-11-23 2 4 1 0 9 10812670 33 100000
2019314 2019-11-24 2 0 0 3 4 10725122 13 100000
2019315 2019-11-25 4 5 1 6 0 10494350 58 100000
2019316 2019-11-26 4 8 1 7 9 10644356 29 100000
2019317 2019-11-27 4 2 3 3 8 10722682 19 100000
2019318 2019-11-28 3 1 9 6 9 11062184 36 100000
2019319 2019-11-29 3 3 1 6 5 12759094 69 100000
2019320 2019-11-30 7 8 7 8 3 10702612 109 100000
2019321 2019-12-01 5 9 3 0 5 10646854 6 100000
2019322 2019-12-02 9 7 2 2 5 11040642 72 100000
2019323 2019-12-03 8 3 0 7 1 10926262 68 100000
2019324 2019-12-04 3 7 3 6 1 11046552 24 100000
2019325 2019-12-05 7 4 4 2 9 11299414 71 100000
2019326 2019-12-06 2 0 9 1 3 12857148 47 100000
2019327 2019-12-07 7 7 0 3 0 11069914 35 100000
2019328 2019-12-08 5 9 6 1 2 10681000 61 100000
2019329 2019-12-09 4 1 2 2 7 11171788 157 100000
2019330 2019-12-10 3 9 7 1 7 11381306 33 100000
2019331 2019-12-11 8 6 0 2 0 11397108 18 100000
2019332 2019-12-12 2 5 4 7 5 11790430 36 100000
2019333 2019-12-13 3 8 3 2 9 13073374 76 100000
2019334 2019-12-14 9 7 2 4 0 11136946 9 100000
2019335 2019-12-15 3 6 9 6 4 11342564 110 100000
2019336 2019-12-16 2 3 4 5 4 11562158 35 100000
2019337 2019-12-17 4 0 7 5 3 11449294 40 100000
2019338 2019-12-18 5 4 7 6 9 11334562 35 100000
2019339 2019-12-19 9 0 1 2 6 11946194 111 100000
2019340 2019-12-20 3 8 3 9 7 12950896 21 100000
2019341 2019-12-21 0 3 0 6 0 11065990 64 100000
2019342 2019-12-22 1 7 8 4 9 10785358 50 100000
2019343 2019-12-23 9 5 2 0 5 11373640 23 100000
2019344 2019-12-24 0 8 7 0 9 11728924 30 100000
2019345 2019-12-25 8 7 4 0 8 11498076 64 100000
2019346 2019-12-26 5 8 9 4 0 12031398 40 100000
2019347 2019-12-27 5 4 9 4 8 13487706 45 100000
2019348 2019-12-28 0 5 5 5 3 11286492 37 100000
2019349 2019-12-29 3 3 8 8 8 11149072 28 100000
2019350 2019-12-30 8 1 8 1 0 11467910 81 100000
2019351 2019-12-31 9 7 7 5 7 11832960 45 100000
2020001 2020-01-01 2 0 2 2 8 11231640 138 100000
2020002 2020-01-02 1 6 1 3 6 11925306 98 100000
2020003 2020-01-03 8 9 3 6 9 13534122 97 100000
2020004 2020-01-04 4 9 8 9 9 11883840 25 100000
2020005 2020-01-05 5 6 9 0 3 11444558 61 100000
2020006 2020-01-06 0 8 3 6 0 12223700 13 100000
2020007 2020-01-07 3 0 9 7 4 11930818 12 100000
2020008 2020-01-08 1 8 8 3 4 11968480 25 100000
2020009 2020-01-09 2 0 8 1 2 12265120 85 100000
2020010 2020-01-10 0 1 1 1 1 13182676 140 100000
2020011 2020-01-11 4 5 9 5 1 10904652 10 100000
2020012 2020-01-12 3 1 3 9 9 11353414 37 100000
2020013 2020-01-13 0 8 1 0 7 11828916 24 100000
2020014 2020-01-14 1 6 1 5 0 11795798 37 100000
2020015 2020-01-15 3 2 2 7 3 11698088 20 100000
2020016 2020-01-16 4 0 2 5 8 11895948 58 100000
2020017 2020-01-17 7 2 8 4 8 13458762 39 100000
2020018 2020-01-18 5 8 5 1 1 11688970 65 100000
2020019 2020-01-19 9 7 3 3 9 11854102 115 100000
2020020 2020-01-20 1 6 6 2 7 12721952 112 100000
2020021 2020-01-21 9 6 4 6 2 12894636 26 100000
2020022 2020-03-12 6 3 4 2 8 6671932 65 100000
2020023 2020-03-13 0 6 1 4 1 6025202 3 100000
2020024 2020-03-14 6 1 4 1 0 5469026 24 100000
2020025 2020-03-15 4 2 4 0 5 5738878 19 100000
2020026 2020-03-16 7 0 5 6 5 6968178 28 100000
2020027 2020-03-17 2 3 9 6 9 7057726 18 100000
2020028 2020-03-18 5 1 3 2 2 7370052 46 100000
2020029 2020-03-19 3 9 5 1 5 7947326 19 100000
2020030 2020-03-20 7 1 9 9 7 9045612 12 100000
2020031 2020-03-21 9 3 7 8 6 8010730 38 100000
2020032 2020-03-22 6 8 8 7 1 8220346 234 100000
2020033 2020-03-23 7 6 7 8 7 8566376 58 100000
2020034 2020-03-24 4 7 3 9 8 8806222 34 100000
2020035 2020-03-25 3 2 8 1 6 9040072 226 100000
2020036 2020-03-26 3 0 1 5 1 9939578 41 100000
2020037 2020-03-27 1 2 0 2 7 10832798 62 100000
2020038 2020-03-28 7 3 9 2 9 9410068 42 100000
2020039 2020-03-29 8 4 6 1 9 9528468 32 100000
2020040 2020-03-30 3 8 9 2 3 10090498 37 100000
2020041 2020-03-31 7 0 5 1 0 10518736 17 100000
2020042 2020-04-01 2 7 4 3 6 10789384 130 100000
2020043 2020-04-02 0 7 0 8 9 11350846 37 100000
2020044 2020-04-03 1 2 0 7 5 11943494 55 100000
2020045 2020-04-04 0 3 1 6 5 10452058 26 100000
2020046 2020-04-05 3 2 4 1 9 10264444 26 100000
2020047 2020-04-06 8 0 9 9 6 10721312 34 100000
2020048 2020-04-07 8 5 4 0 3 10923300 15 100000
2020049 2020-04-08 7 1 0 7 2 10961352 60 100000
2020050 2020-04-09 5 9 3 5 4 11127056 80 100000
2020051 2020-04-10 7 5 3 5 0 13049338 18 100000
2020052 2020-04-11 2 2 3 3 0 10713790 13 100000
2020053 2020-04-12 5 8 8 4 6 10461410 31 100000
2020054 2020-04-13 0 8 7 1 6 10987132 14 100000
2020055 2020-04-14 6 5 9 3 1 11136220 29 100000
2020056 2020-04-15 5 7 8 3 4 11193392 34 100000
2020057 2020-04-16 0 5 7 0 8 11668150 22 100000
2020058 2020-04-17 2 2 8 0 2 13110040 24 100000
2020059 2020-04-18 0 1 9 6 5 10906800 40 100000
2020060 2020-04-19 4 9 0 4 1 11376398 60 100000
2020061 2020-04-20 1 5 2 7 9 11364446 101 100000
2020062 2020-04-21 3 1 8 8 9 11685988 52 100000
2020063 2020-04-22 5 3 1 6 4 11553396 24 100000
2020064 2020-04-23 3 5 2 0 3 12346534 26 100000
2020065 2020-04-24 1 9 9 8 7 13556862 55 100000
2020066 2020-04-25 2 6 2 6 3 11424312 26 100000
2020067 2020-04-26 4 7 7 0 4 11820634 36 100000
2020068 2020-04-27 4 1 0 7 5 11812096 19 100000
2020069 2020-04-28 7 8 8 4 3 11665304 23 100000
2020070 2020-04-29 8 0 4 6 3 11197646 30 100000
2020071 2020-04-30 3 8 4 0 3 11805998 33 100000
2020072 2020-05-01 7 9 0 5 1 12391558 87 100000
2020073 2020-05-02 6 6 9 1 2 10829356 257 100000
2020074 2020-05-03 2 2 4 6 3 11344080 56 100000
2020075 2020-05-04 5 8 5 5 0 11191774 23 100000
2020076 2020-05-05 8 6 4 3 6 11788330 12 100000
2020077 2020-05-06 2 1 3 4 8 11844406 37 100000
2020078 2020-05-07 3 5 6 6 3 12183656 88 100000
2020079 2020-05-08 1 0 3 9 8 14269986 39 100000
2020080 2020-05-09 3 8 4 7 9 11736960 27 100000
2020081 2020-05-10 2 6 2 0 2 11840822 16 100000
2020082 2020-05-11 8 8 9 5 5 11870072 57 100000
2020083 2020-05-12 0 9 6 5 9 11787756 18 100000
2020084 2020-05-13 5 6 7 5 4 11579368 25 100000
2020085 2020-05-14 8 3 5 0 2 12026160 75 100000
2020086 2020-05-15 9 7 2 5 0 14210376 26 100000
2020087 2020-05-16 3 4 3 3 6 11432316 59 100000
2020088 2020-05-17 5 5 1 6 3 11756642 93 100000
2020089 2020-05-18 0 8 7 2 1 11854194 31 100000
2020090 2020-05-19 5 5 9 7 2 12140604 38 100000
2020091 2020-05-20 5 9 9 8 0 12153362 31 100000
2020092 2020-05-21 6 1 6 1 8 12121822 76 100000
2020093 2020-05-22 7 3 0 5 2 13465500 57 100000
2020094 2020-05-23 3 2 8 7 5 11402070 90 100000
2020095 2020-05-24 4 2 5 8 8 12103280 51 100000
2020096 2020-05-25 7 1 8 5 3 12076338 112 100000
2020097 2020-05-26 9 3 5 6 4 12158644 25 100000
2020098 2020-05-27 4 4 9 6 3 12097536 66 100000
2020099 2020-05-28 7 9 8 9 7 12540804 53 100000
2020100 2020-05-29 0 6 4 3 8 13989534 36 100000
2020101 2020-05-30 2 6 7 7 6 11679240 27 100000
2020102 2020-05-31 8 7 7 9 4 11828216 38 100000
2020103 2020-06-01 9 0 4 9 1 11725850 32 100000
2020104 2020-06-02 2 9 5 9 5 11834444 53 100000
2020105 2020-06-03 5 9 8 4 3 11611584 38 100000
2020106 2020-06-04 4 4 0 2 0 12233744 49 100000
2020107 2020-06-05 1 9 8 4 3 13541512 61 100000
2020108 2020-06-06 2 6 7 7 7 11604086 128 100000
2020109 2020-06-07 3 1 7 4 0 11870832 30 100000
2020110 2020-06-08 2 8 2 3 6 11831712 65 100000
2020111 2020-06-09 6 7 5 0 6 12117540 44 100000
2020112 2020-06-10 4 2 1 6 3 11712574 40 100000
2020113 2020-06-11 0 7 5 0 1 12464282 20 100000
2020114 2020-06-12 0 6 5 5 5 13589582 22 100000
2020115 2020-06-13 5 5 2 8 2 11149632 162 100000
2020116 2020-06-14 9 3 4 0 2 11512920 14 100000
2020117 2020-06-15 8 3 4 4 8 11551730 20 100000
2020118 2020-06-16 2 0 4 6 3 11596452 26 100000
2020119 2020-06-17 1 6 0 4 6 11471254 51 100000
2020120 2020-06-18 2 4 2 6 1 12101108 48 100000
2020121 2020-06-19 7 1 8 4 1 13620442 24 100000
2020122 2020-06-20 6 3 9 9 2 11434236 89 100000
2020123 2020-06-21 2 4 8 0 4 11839938 12 100000
2020124 2020-06-22 6 2 9 6 6 11797880 45 100000
2020125 2020-06-23 6 6 0 0 8 11795240 51 100000
2020126 2020-06-24 4 9 4 2 4 11282320 22 100000
2020127 2020-06-25 3 2 5 2 0 10919402 31 100000
2020128 2020-06-26 0 8 6 8 7 13164154 47 100000
2020129 2020-06-27 0 1 1 9 8 11442940 10 100000
2020130 2020-06-28 9 6 8 1 5 11225334 77 100000
2020131 2020-06-29 3 5 8 4 4 11486170 15 100000
2020132 2020-06-30 8 7 9 5 8 11592964 115 100000
2020133 2020-07-01 0 7 7 0 1 11562334 20 100000
2020134 2020-07-02 7 5 3 2 5 11696430 57 100000
2020135 2020-07-03 6 0 3 3 6 13665956 64 100000
2020136 2020-07-04 5 5 2 8 7 11457328 169 100000
2020137 2020-07-05 1 0 2 9 1 11524812 87 100000
2020138 2020-07-06 0 0 4 1 8 11493380 69 100000
2020139 2020-07-07 9 5 6 9 6 11392520 49 100000
2020140 2020-07-08 5 1 5 2 7 11747742 65 100000
2020141 2020-07-09 8 3 3 2 1 12086162 20 100000
2020142 2020-07-10 7 1 3 1 6 13885458 77 100000
2020143 2020-07-11 8 5 4 6 4 11526778 14 100000
2020144 2020-07-12 6 1 0 7 2 11823478 45 100000
2020145 2020-07-13 8 4 6 2 4 11833022 23 100000
2020146 2020-07-14 8 8 0 5 0 11782388 196 100000
2020147 2020-07-15 0 7 9 6 4 11453642 18 100000
2020148 2020-07-16 9 6 4 1 3 11952916 97 100000
2020149 2020-07-17 3 3 4 9 4 13740824 11 100000
2020150 2020-07-18 3 7 3 5 8 11400466 34 100000
2020151 2020-07-19 8 0 0 4 5 11254146 15 100000
2020152 2020-07-20 6 9 8 8 0 11444866 46 100000
2020153 2020-07-21 0 6 6 5 8 11476776 35 100000
2020154 2020-07-22 8 1 0 6 2 11637736 60 100000
2020155 2020-07-23 0 1 2 3 7 11945148 38 100000
2020156 2020-07-24 0 9 8 9 3 13165678 56 100000
2020157 2020-07-25 7 6 4 9 9 11217836 18 100000
2020158 2020-07-26 2 6 6 2 4 10998690 36 100000
2020159 2020-07-27 4 8 1 1 7 11299224 159 100000
2020160 2020-07-28 9 2 0 8 7 11871302 71 100000
2020161 2020-07-29 7 0 4 4 1 11383244 22 100000
2020162 2020-07-30 6 2 8 1 6 11779836 651 100000
2020163 2020-07-31 2 3 0 3 2 13925644 54 100000
2020164 2020-08-01 4 8 4 2 0 11422598 30 100000
2020165 2020-08-02 0 5 9 6 4 11416082 39 100000
2020166 2020-08-03 3 4 3 3 8 11753708 39 100000
2020167 2020-08-04 8 4 1 8 8 11564468 42 100000
2020168 2020-08-05 7 8 6 9 2 11542308 46 100000
2020169 2020-08-06 1 2 2 4 1 11936196 19 100000
2020170 2020-08-07 6 5 0 5 5 13230256 47 100000
2020171 2020-08-08 2 4 3 8 4 11607858 153 100000
2020172 2020-08-09 6 0 3 8 7 11508318 26 100000
2020173 2020-08-10 3 1 7 8 1 11602218 30 100000
2020174 2020-08-11 2 9 4 9 5 11640250 33 100000
2020175 2020-08-12 9 4 4 4 4 11870436 48 100000
2020176 2020-08-13 9 6 2 5 7 11780494 52 100000
2020177 2020-08-14 4 8 1 0 6 13982712 96 100000
2020178 2020-08-15 3 3 7 4 7 12000266 19 100000
2020179 2020-08-16 0 6 9 7 2 11689824 20 100000
2020180 2020-08-17 1 2 7 8 7 12095834 55 100000
2020181 2020-08-18 2 9 3 7 5 11812846 35 100000
2020182 2020-08-19 9 1 3 8 2 11869914 40 100000
2020183 2020-08-20 8 6 6 6 7 12398894 27 100000
2020184 2020-08-21 5 5 5 5 7 13899422 216 100000
2020185 2020-08-22 1 9 7 8 3 11365668 97 100000
2020186 2020-08-23 5 4 7 8 8 11556310 25 100000
2020187 2020-08-24 1 4 3 1 3 11917872 96 100000
2020188 2020-08-25 2 9 4 1 5 12031736 53 100000
2020189 2020-08-26 9 1 7 2 1 11958084 65 100000
2020190 2020-08-27 7 3 3 6 3 12570478 114 100000
2020191 2020-08-28 9 3 6 6 7 14386980 33 100000
2020192 2020-08-29 8 4 9 8 8 11894734 50 100000
2020193 2020-08-30 3 0 9 6 6 11943834 52 100000
2020194 2020-08-31 4 3 6 9 8 12193554 48 100000
2020195 2020-09-01 8 3 9 9 5 12230440 136 100000
2020196 2020-09-02 8 4 1 6 0 12405942 16 100000
2020197 2020-09-03 4 2 9 9 2 12555100 17 100000
2020198 2020-09-04 6 1 2 2 3 14370328 58 100000
2020199 2020-09-05 7 0 8 5 5 12154852 107 100000
2020200 2020-09-06 0 2 3 1 7 12076230 21 100000
2020201 2020-09-07 8 1 6 6 8 12219006 99 100000
2020202 2020-09-08 2 6 0 4 9 12611524 85 100000
2020203 2020-09-09 6 7 7 8 3 12628284 79 100000
2020204 2020-09-10 0 7 4 8 9 12339062 15 100000
2020205 2020-09-11 6 8 1 1 2 14351612 177 100000
2020206 2020-09-12 6 1 1 3 0 11928692 37 100000
2020207 2020-09-13 3 7 8 1 7 11668050 26 100000
2020208 2020-09-14 8 1 1 0 3 12142066 90 100000
2020209 2020-09-15 2 0 7 3 2 11928512 36 100000
2020210 2020-09-16 3 2 6 0 4 12195264 43 100000
2020211 2020-09-17 4 6 3 6 1 12391898 110 100000
2020212 2020-09-18 5 5 9 7 4 14059272 81 100000
2020213 2020-09-19 7 3 6 2 4 11659258 70 100000
2020214 2020-09-20 8 6 0 7 2 11822246 34 100000
2020215 2020-09-21 7 9 7 0 3 12409746 38 100000
2020216 2020-09-22 6 2 3 8 6 11994312 54 100000
2020217 2020-09-23 7 1 9 0 3 12279412 177 100000
2020218 2020-09-24 6 4 8 3 8 12825018 47 100000
2020219 2020-09-25 0 2 0 5 2 14396486 24 100000
2020220 2020-09-26 2 9 3 4 9 11778038 58 100000
2020221 2020-09-27 4 4 2 6 4 12174870 48 100000
2020222 2020-09-28 5 2 8 8 1 12123600 179 100000
2020223 2020-09-29 2 3 1 8 6 12267752 35 100000
2020224 2020-09-30 9 3 9 6 9 12553066 47 100000
2020225 2020-10-05 0 2 7 1 3 11733298 38 100000
2020226 2020-10-06 2 0 0 2 5 10916758 25 100000
2020227 2020-10-07 1 8 8 0 5 11249376 45 100000
2020228 2020-10-08 4 3 0 4 3 11681558 55 100000
2020229 2020-10-09 9 1 1 0 6 14028216 59 100000
2020230 2020-10-10 5 7 3 9 8 12109746 36 100000
2020231 2020-10-11 1 1 5 9 5 11821640 33 100000
2020232 2020-10-12 0 5 6 2 3 11919412 18 100000
2020233 2020-10-13 3 9 3 3 8 11562952 19 100000
2020234 2020-10-14 6 1 0 3 1 11854100 79 100000
2020235 2020-10-15 2 8 4 6 6 12200264 41 100000
2020236 2020-10-16 9 9 8 5 3 13306512 46 100000
2020237 2020-10-17 5 2 4 9 0 13306512 46 100000
2020238 2020-10-18 2 7 5 3 4 11672436 16 100000
2020239 2020-10-19 8 2 1 0 9 19176594 68 100000
2020240 2020-10-20 8 6 1 4 5 11672436 16 100000
2020241 2020-10-21 0 4 9 3 7 12102392 73 100000
2020242 2020-10-22 8 2 8 0 7 12475074 72 100000
2020243 2020-10-23 0 8 2 3 9 13571324 51 100000
2020244 2020-10-24 9 7 8 9 5 11752844 40 100000
2020245 2020-10-25 8 9 5 2 0 11600800 247 100000
2020246 2020-10-26 5 2 5 9 2 12129300 69 100000
2020247 2020-10-27 9 8 0 8 5 11959646 47 100000
2020248 2020-10-28 9 6 2 1 6 12056168 53 100000
2020249 2020-10-29 7 0 0 5 8 12446896 37 100000
2020250 2020-10-30 8 3 9 5 1 13153404 32 100000
2020251 2020-10-31 2 5 2 3 4 11479342 43 100000
2020252 2020-11-01 7 6 1 6 4 11411122 15 100000
2020253 2020-11-02 8 5 8 5 7 11910538 76 100000
2020254 2020-11-03 1 2 0 1 5 11707420 46 100000
2020255 2020-11-04 4 6 0 8 1 11719804 40 100000
2020256 2020-11-05 2 0 8 2 1 12143084 42 100000
2020257 2020-11-06 2 5 8 4 6 13233448 48 100000
2020258 2020-11-07 4 6 8 2 6 11394996 25 100000
2020259 2020-11-08 2 3 0 0 5 11341584 34 100000
2020260 2020-11-09 2 7 8 6 1 11883556 31 100000
2020261 2020-11-10 8 3 3 3 2 11833916 39 100000
2020262 2020-11-11 6 6 5 7 0 11793154 150 100000
2020263 2020-11-12 8 0 9 7 2 12138002 40 100000
2020264 2020-11-13 1 6 0 6 7 13709784 29 100000
2020265 2020-11-14 7 7 0 4 3 11655748 29 100000
2020266 2020-11-15 1 1 0 8 7 11417692 55 100000
2020267 2020-11-16 6 2 5 8 1 11703890 85 100000
2020268 2020-11-17 6 3 5 8 0 11809346 31 100000
2020269 2020-11-18 6 9 3 7 6 11693546 38 100000
2020270 2020-11-19 4 1 4 4 1 11894270 77 100000
2020271 2020-11-20 9 2 9 5 5 12975634 37 100000
2020272 2020-11-21 2 4 3 8 2 11292694 34 100000
2020273 2020-11-22 1 7 4 8 8 11331122 18 100000
2020274 2020-11-23 5 9 5 6 3 11807158 55 100000
2020275 2020-11-24 7 1 6 3 4 11486838 36 100000
2020276 2020-11-25 9 9 4 8 8 11994692 41 100000
2020277 2020-11-26 5 6 7 8 8 12086838 78 100000
2020278 2020-11-27 2 7 4 8 1 13602454 70 100000
2020279 2020-11-28 9 3 2 9 1 12195514 16 100000
2020280 2020-11-29 1 6 0 6 4 11831536 45 100000
2020281 2020-11-30 9 5 1 7 9 12439974 47 100000
2020282 2020-12-01 2 5 7 4 5 12156574 72 100000
2020283 2020-12-02 5 7 0 9 8 12524116 64 100000
2020284 2020-12-03 3 3 7 8 7 12772850 53 100000
2020285 2020-12-04 1 4 4 0 9 13658006 40 100000
2020286 2020-12-05 5 1 9 8 8 11931404 185 100000
2020287 2020-12-06 2 7 6 3 0 12348048 64 100000
2020288 2020-12-07 6 9 3 4 6 12740820 109 100000
2020289 2020-12-08 5 9 3 7 2 12776932 23 100000
2020290 2020-12-09 8 4 6 5 9 12852194 49 100000
2020291 2020-12-10 4 6 8 8 4 13226660 100 100000
2020292 2020-12-11 7 6 7 2 9 14487050 14 100000
2020293 2020-12-12 2 0 3 4 9 12371206 12 100000
2020294 2020-12-13 6 3 0 3 4 11959168 64 100000
2020295 2020-12-14 8 3 9 8 5 12500206 26 100000
2020296 2020-12-15 2 5 1 8 2 12429528 36 100000
2020297 2020-12-16 7 4 5 7 3 12565582 97 100000
2020298 2020-12-17 2 9 0 2 7 13117364 40 100000
2020299 2020-12-18 3 2 3 2 9 14278842 44 100000
2020300 2020-12-19 4 1 2 4 7 12028206 135 100000
2020301 2020-12-20 4 1 8 5 1 12243798 44 100000
2020302 2020-12-21 1 0 8 0 8 12395884 179 100000
2020303 2020-12-22 9 0 6 2 9 12305736 58 100000
2020304 2020-12-23 6 2 7 0 5 12739424 37 100000
2020305 2020-12-24 3 7 3 5 8 13573728 481 100000
2020306 2020-12-25 4 3 8 6 2 15280632 63 100000
2020307 2020-12-26 6 9 5 5 5 13607512 36 100000
2020308 2020-12-27 5 7 4 3 0 13251286 28 100000
2020309 2020-12-28 2 7 2 5 8 13705544 78 100000
2020310 2020-12-29 5 0 3 5 6 13181664 88 100000
2020311 2020-12-30 5 8 0 0 2 13284114 43 100000
2020312 2020-12-31 6 1 4 8 6 13893336 37 100000
2021001 2021-01-01 3 2 6 4 3 14065750 44 100000
2021002 2021-01-02 3 5 5 2 2 12789912 33 100000
2021003 2021-01-03 8 8 0 4 9 12749114 77 100000
2021004 2021-01-04 5 0 1 5 3 13249286 41 100000
2021005 2021-01-05 6 3 3 7 8 12991382 84 100000
2021006 2021-01-06 9 0 8 4 7 12989926 32 100000
2021007 2021-01-07 9 0 1 2 2 13197188 78 100000
2021008 2021-01-08 6 4 7 8 2 13978072 22 100000
2021009 2021-01-09 2 3 1 8 9 12671608 48 100000
2021010 2021-01-10 7 4 3 9 6 12789838 91 100000
2021011 2021-01-11 9 6 0 4 2 13000072 18 100000
2021012 2021-01-12 9 0 6 4 1 12991944 16 100000
2021013 2021-01-13 8 8 7 2 6 13114992 43 100000
2021014 2021-01-14 7 9 0 3 6 13285668 58 100000
2021015 2021-01-15 6 5 9 9 7 14514390 45 100000
2021016 2021-01-16 2 2 3 4 1 12564668 42 100000
2021017 2021-01-17 0 0 1 0 1 12552288 168 100000
2021018 2021-01-18 4 6 8 2 6 12161986 145 100000
2021019 2021-01-19 2 5 2 5 9 12823096 57 100000
2021020 2021-01-20 3 9 8 0 3 13359960 70 100000
2021021 2021-01-21 9 7 2 8 0 14242602 41 100000
2021022 2021-01-22 9 6 3 9 6 15751970 179 100000
2021023 2021-01-23 8 4 0 6 7 14022640 58 100000
2021024 2021-01-24 3 4 2 8 9 13799410 34 100000
2021025 2021-01-25 8 5 9 6 6 13885906 79 100000
2021026 2021-01-26 4 2 6 7 0 13686562 69 100000
2021027 2021-01-27 0 2 3 6 5 14091624 45 100000
2021028 2021-01-28 7 9 0 7 5 14212554 36 100000
2021029 2021-01-29 8 6 5 9 8 15564826 79 100000
2021030 2021-01-30 2 2 5 5 2 13969682 130 100000
2021031 2021-01-31 7 1 4 2 8 13735898 144 100000
2021032 2021-02-01 3 7 3 1 9 14423116 66 100000
2021033 2021-02-02 4 5 2 7 0 13901920 29 100000
2021034 2021-02-03 5 3 4 3 2 13928316 62 100000
2021035 2021-02-04 5 4 6 3 8 14322288 37 100000
2021036 2021-02-05 9 5 6 8 9 15892788 89 100000
2021037 2021-02-06 1 6 1 1 6 14502084 138 100000
2021038 2021-02-07 4 9 2 6 5 14431338 86 100000
2021039 2021-02-08 6 7 5 7 3 16494402 77 100000
2021040 2021-02-19 3 4 1 9 9 17120524 23 100000
2021041 2021-02-20 9 9 2 8 2 12954862 50 100000
2021042 2021-02-21 9 5 6 4 8 12670400 46 100000
2021043 2021-02-22 0 5 4 0 8 13564264 15 100000
2021044 2021-02-23 2 6 9 7 1 12843136 225 100000
2021045 2021-02-24 2 5 2 5 4 13368372 26 100000
2021046 2021-02-25 0 4 7 7 8 13346282 36 100000
2021047 2021-02-26 6 2 6 8 8 14467992 79 100000
2021048 2021-02-27 9 4 5 6 7 12908120 204 100000
2021049 2021-02-28 6 0 3 9 3 13071752 37 100000
2021050 2021-03-01 4 6 0 7 2 13727488 56 100000
2021051 2021-03-02 7 3 0 0 3 13692480 18 100000
2021052 2021-03-03 9 8 6 5 9 13616590 108 100000
2021053 2021-03-04 9 5 4 8 8 14277842 448 100000
2021054 2021-03-05 1 2 5 4 5 16364654 91 100000
2021055 2021-03-06 6 0 7 8 6 14281844 36 100000
2021056 2021-03-07 6 2 2 4 7 14309340 49 100000
2021057 2021-03-08 2 5 7 1 8 14556582 143 100000
2021058 2021-03-09 9 7 2 1 4 14794808 33 100000
2021059 2021-03-10 6 3 6 2 0 14767726 84 100000
2021060 2021-03-11 6 5 5 6 0 15268860 38 100000
2021061 2021-03-12 3 6 8 6 7 16217948 88 100000
2021062 2021-03-13 4 4 6 8 6 14245714 66 100000
2021063 2021-03-14 6 7 3 3 3 14528702 57 100000
2021064 2021-03-15 6 2 6 0 5 14658448 47 100000
2021065 2021-03-16 6 4 2 9 4 14638164 7 100000
2021066 2021-03-17 5 2 3 0 6 14361102 89 100000
2021067 2021-03-18 1 7 0 1 3 14967628 82 100000
2021068 2021-03-19 0 4 5 5 8 16054184 29 100000
2021069 2021-03-20 7 1 9 0 7 14117396 29 100000
2021070 2021-03-21 9 8 8 7 9 13933046 128 100000
2021071 2021-03-22 6 5 5 9 6 14218706 403 100000
2021072 2021-03-23 5 6 2 1 8 15380314 99 100000
2021073 2021-03-24 1 7 3 4 3 15391270 121 100000
2021074 2021-03-25 2 7 9 9 6 16038354 30 100000
2021075 2021-03-26 0 6 8 4 3 17057430 27 100000
2021076 2021-03-27 0 1 8 8 2 14869968 16 100000
2021077 2021-03-28 7 1 0 2 2 14202214 116 100000
2021078 2021-03-29 6 8 6 3 6 14758092 66 100000
2021079 2021-03-30 9 5 9 3 2 14616740 30 100000
2021080 2021-03-31 6 4 5 4 3 14834150 72 100000
2021081 2021-04-01 2 4 1 6 5 15750402 69 100000
2021082 2021-04-02 2 2 7 8 4 16055876 51 100000
2021083 2021-04-03 6 7 6 8 3 13558038 80 100000
2021084 2021-04-04 4 9 3 9 6 13219938 194 100000
2021085 2021-04-05 9 9 6 1 5 14233272 47 100000
2021086 2021-04-06 2 6 3 9 1 14478182 16 100000
2021087 2021-04-07 8 6 6 6 4 14516922 26 100000
2021088 2021-04-08 3 0 4 2 8 14713348 106 100000
2021089 2021-04-09 2 4 5 5 5 15879254 104 100000
2021090 2021-04-10 6 7 8 4 1 13686048 46 100000
2021091 2021-04-11 4 7 2 5 6 14007902 68 100000
2021092 2021-04-12 8 7 0 0 5 14271238 26 100000
2021093 2021-04-13 4 3 1 8 6 13940078 118 100000
2021094 2021-04-14 5 6 9 8 4 14106088 49 100000
2021095 2021-04-15 9 5 2 8 1 15134592 61 100000
2021096 2021-04-16 5 9 3 7 3 16536068 52 100000
2021097 2021-04-17 8 1 6 6 0 14090982 29 100000
2021098 2021-04-18 3 0 2 4 3 14292172 23 100000
2021099 2021-04-19 4 9 1 8 6 14426966 50 100000
2021100 2021-04-20 2 7 6 1 6 14815576 72 100000
2021101 2021-04-21 7 8 6 7 1 14634402 42 100000
2021102 2021-04-22 1 1 6 8 9 15147808 34 100000
2021103 2021-04-23 8 3 3 2 5 15840708 182 100000
2021104 2021-04-24 9 0 6 4 3 13914868 101 100000
2021105 2021-04-25 6 3 8 9 2 14434962 80 100000
2021106 2021-04-26 7 3 3 2 0 14443002 20 100000
2021107 2021-04-27 2 6 4 8 0 13963368 62 100000
2021108 2021-04-28 5 5 3 0 2 14313558 66 100000
2021109 2021-04-29 1 7 2 3 7 14569730 94 100000
2021110 2021-04-30 2 3 4 3 4 15472332 77 100000
2021111 2021-05-01 8 3 8 4 7 12780278 36 100000
2021112 2021-05-02 4 5 1 3 5 12476548 27 100000
2021113 2021-05-03 0 3 2 1 5 12710758 24 100000
2021114 2021-05-04 7 1 3 8 9 12708536 210 100000
2021115 2021-05-05 8 3 4 3 3 13587908 72 100000
2021116 2021-05-06 4 1 4 3 2 14633632 41 100000
2021117 2021-05-07 9 2 3 7 1 16001488 110 100000
2021118 2021-05-08 6 9 4 4 8 13855072 26 100000
2021119 2021-05-09 1 3 6 9 6 13613354 37 100000
2021120 2021-05-10 6 8 6 9 8 14003820 52 100000
2021121 2021-05-11 0 8 0 5 6 13767260 24 100000
2021122 2021-05-12 8 5 3 6 9 13393506 220 100000
2021123 2021-05-13 8 2 2 1 4 14208862 51 100000
2021124 2021-05-14 4 9 2 1 7 15484018 48 100000
2021125 2021-05-15 9 1 9 8 8 13415322 81 100000
2021126 2021-05-16 8 1 3 1 0 13504088 22 100000
2021127 2021-05-17 4 4 9 4 5 13478742 33 100000
2021128 2021-05-18 6 8 9 3 1 13687526 37 100000
2021129 2021-05-19 7 9 3 5 5 13834302 50 100000
2021130 2021-05-20 1 7 2 8 9 14269488 112 100000
2021131 2021-05-21 2 2 3 9 3 15625634 47 100000
2021132 2021-05-22 7 4 1 7 8 13270020 35 100000
2021133 2021-05-23 5 3 2 0 6 13549438 45 100000
2021134 2021-05-24 2 1 6 9 9 13840316 69 100000
2021135 2021-05-25 5 0 5 2 4 13972300 70 100000
2021136 2021-05-26 4 6 9 8 0 13670666 25 100000
2021137 2021-05-27 6 8 5 2 1 14494714 46 100000
2021138 2021-05-28 9 2 8 3 3 15806836 58 100000
2021139 2021-05-29 6 4 9 9 6 13581374 23 100000
2021140 2021-05-30 1 3 2 5 0 13672734 48 100000
2021141 2021-05-31 1 0 3 2 8 13912502 45 100000
2021142 2021-06-01 1 9 7 3 3 13638666 49 100000
2021143 2021-06-02 3 8 6 7 6 13426940 81 100000
2021144 2021-06-03 0 7 4 8 2 14162196 66 100000
2021145 2021-06-04 2 4 5 1 0 15353680 74 100000
2021146 2021-06-05 9 0 1 4 8 13638170 57 100000
2021147 2021-06-06 2 5 7 2 3 13737006 30 100000
2021148 2021-06-07 2 1 5 6 1 13820948 32 100000
2021149 2021-06-08 8 7 8 1 2 13806488 55 100000
2021150 2021-06-09 3 0 1 1 7 13711356 15 100000
2021151 2021-06-10 8 2 6 9 8 14042714 46 100000
2021152 2021-06-11 3 4 8 0 9 15253642 145 100000
2021153 2021-06-12 3 6 8 1 7 13039084 57 100000
2021154 2021-06-13 5 9 1 9 8 12861454 100 100000
2021155 2021-06-14 2 1 7 5 8 13262958 117 100000
2021156 2021-06-15 7 3 2 8 2 14022562 113 100000
2021157 2021-06-16 2 1 9 1 0 14591576 74 100000
2021158 2021-06-17 9 0 5 9 7 14926318 90 100000
2021159 2021-06-18 2 3 7 9 3 16037334 12 100000
2021160 2021-06-19 9 5 8 7 0 13894010 53 100000
2021161 2021-06-20 7 6 2 4 4 13977590 37 100000
2021162 2021-06-21 7 9 3 9 8 14352282 64 100000
2021163 2021-06-22 6 1 1 7 3 14243506 53 100000
2021164 2021-06-23 1 3 7 6 2 14093740 42 100000
2021165 2021-06-24 5 0 6 4 6 14808132 41 100000
2021166 2021-06-25 8 1 0 4 4 16088134 30 100000
2021167 2021-06-26 6 6 5 3 6 13780230 132 100000
2021168 2021-06-27 9 4 6 1 2 13487896 35 100000
2021169 2021-06-28 1 1 6 8 0 14339924 66 100000
2021170 2021-06-29 4 9 9 6 6 13889292 24 100000
2021171 2021-06-30 4 6 5 6 5 13995522 27 100000
2021172 2021-07-01 7 5 7 2 7 14531814 279 100000
2021173 2021-07-02 0 9 7 6 9 15579460 15 100000
2021174 2021-07-03 2 4 3 1 6 13347566 55 100000
2021175 2021-07-04 1 1 7 4 5 13769632 152 100000
2021176 2021-07-05 8 6 5 5 5 14101956 59 100000
2021177 2021-07-06 0 1 7 8 0 13895764 31 100000
2021178 2021-07-07 9 0 0 8 7 13807800 34 100000
2021179 2021-07-08 8 6 6 2 7 13804764 14 100000
2021180 2021-07-09 9 3 0 9 7 15604916 66 100000
2021181 2021-07-10 5 4 9 5 0 13418362 70 100000
2021182 2021-07-11 2 2 9 9 1 13462796 36 100000
2021183 2021-07-12 3 5 0 1 5 13368894 77 100000
2021184 2021-07-13 8 1 1 4 4 13406330 61 100000
2021185 2021-07-14 6 9 5 2 2 13668382 69 100000
2021186 2021-07-15 6 9 1 1 0 14375348 44 100000
2021187 2021-07-16 3 7 5 4 7 15451904 80 100000
2021188 2021-07-17 6 0 8 8 7 13631288 36 100000
2021189 2021-07-18 8 1 0 5 7 13362622 55 100000
2021190 2021-07-19 4 2 8 3 3 14137474 108 100000
2021191 2021-07-20 0 4 9 2 3 13484466 30 100000
2021192 2021-07-21 7 4 0 7 0 13470472 109 100000
2021193 2021-07-22 9 5 1 3 0 13851718 37 100000
2021194 2021-07-23 5 2 3 7 2 15741928 114 100000
2021195 2021-07-24 6 0 2 5 8 13687584 117 100000
2021196 2021-07-25 8 6 6 1 0 13309352 40 100000
2021197 2021-07-26 0 6 4 3 5 13696988 10 100000
2021198 2021-07-27 1 8 5 7 5 13546656 117 100000
2021199 2021-07-28 4 8 3 7 4 13809992 42 100000
2021200 2021-07-29 4 0 9 7 1 14182052 21 100000
2021201 2021-07-30 2 4 5 1 0 15548298 215 100000
2021202 2021-07-31 4 8 8 2 5 13909908 54 100000
2021203 2021-08-01 9 5 9 7 1 13184550 36 100000
2021204 2021-08-02 5 0 6 3 8 13485054 99 100000
2021205 2021-08-03 0 8 2 0 9 13515490 232 100000
2021206 2021-08-04 4 6 9 5 9 13602644 24 100000
2021207 2021-08-05 0 7 0 3 5 14029294 22 100000
2021208 2021-08-06 5 2 0 7 7 15218532 103 100000
2021209 2021-08-07 6 5 4 9 2 13423434 79 100000
2021210 2021-08-08 5 8 2 4 0 13585672 49 100000
2021211 2021-08-09 6 7 5 8 2 13694120 38 100000
2021212 2021-08-10 0 1 2 2 3 13841830 39 100000
2021213 2021-08-11 1 2 0 1 6 13806834 43 100000
2021214 2021-08-12 2 8 1 9 9 14103212 127 100000
2021215 2021-08-13 7 1 2 1 8 15278034 180 100000
2021216 2021-08-14 4 5 4 1 3 13911570 40 100000
2021217 2021-08-15 5 4 7 2 5 13601008 183 100000
2021218 2021-08-16 5 3 0 6 5 14220322 35 100000
2021219 2021-08-17 3 2 9 5 3 13751132 62 100000
2021220 2021-08-18 1 2 7 0 2 14117442 189 100000
2021221 2021-08-19 1 8 5 3 3 14525138 81 100000
2021222 2021-08-20 0 2 8 2 6 15775270 55 100000
2021223 2021-08-21 8 2 3 4 1 14036034 101 100000
2021224 2021-08-22 9 3 7 3 4 13832266 26 100000
2021225 2021-08-23 8 2 4 0 9 14500334 53 100000
2021226 2021-08-24 5 0 9 4 3 14186976 36 100000
2021227 2021-08-25 3 5 7 5 4 14397470 54 100000
2021228 2021-08-26 5 5 2 8 9 14753478 58 100000
2021229 2021-08-27 3 5 9 5 6 15339974 49 100000
2021230 2021-08-28 7 7 5 1 7 13893360 55 100000
2021231 2021-08-29 7 6 2 9 8 13587960 45 100000
2021232 2021-08-30 7 7 9 4 2 14072880 45 100000
2021233 2021-08-31 0 2 2 3 1 13931314 55 100000
2021234 2021-09-01 1 6 3 0 8 13625072 102 100000
2021235 2021-09-02 3 3 2 4 0 14285428 37 100000
2021236 2021-09-03 7 1 4 2 7 15491720 108 100000
2021237 2021-09-04 2 0 3 8 9 13792262 53 100000
2021238 2021-09-05 1 3 4 1 5 13840940 109 100000
2021239 2021-09-06 3 1 9 4 6 14180694 50 100000
2021240 2021-09-07 0 1 3 9 2 14165800 51 100000
2021241 2021-09-08 8 4 8 7 3 14247702 193 100000
2021242 2021-09-09 9 7 3 1 3 14605848 32 100000
2021243 2021-09-10 0 9 7 4 2 15832808 147 100000
2021244 2021-09-11 4 0 1 5 7 14111116 60 100000
2021245 2021-09-12 9 2 6 2 4 13935974 73 100000
2021246 2021-09-13 9 8 0 2 0 14525678 20 100000
2021247 2021-09-14 5 2 5 3 1 13916056 259 100000
2021248 2021-09-15 3 0 8 5 8 14613874 276 100000
2021249 2021-09-16 2 9 0 9 7 15439186 68 100000
2021250 2021-09-17 4 4 8 7 7 16504840 37 100000
2021251 2021-09-18 9 4 1 3 6 14487190 75 100000
2021252 2021-09-19 9 7 5 0 4 13608166 62 100000
2021253 2021-09-20 5 6 8 3 2 13807698 103 100000
2021254 2021-09-21 9 4 9 0 1 13882234 13 100000
2021255 2021-09-22 9 1 7 2 2 14406076 66 100000
2021256 2021-09-23 5 0 3 3 6 15173112 55 100000
2021257 2021-09-24 9 1 4 8 9 16489996 22 100000
2021258 2021-09-25 7 5 1 9 7 14614020 57 100000
2021259 2021-09-26 1 1 5 2 4 14735772 75 100000
2021260 2021-09-27 1 8 6 0 8 14852786 52 100000
2021261 2021-09-28 1 9 5 4 1 14547482 43 100000
2021262 2021-09-29 4 1 4 3 3 15040990 37 100000
2021263 2021-09-30 2 4 4 0 6 15559892 31 100000
2021264 2021-10-05 9 5 6 8 5 13835214 47 100000
2021265 2021-10-06 0 9 5 6 5 13146908 41 100000
2021266 2021-10-07 0 5 5 4 4 14011368 219 100000
2021267 2021-10-08 7 0 0 7 2 15352090 91 100000
2021268 2021-10-09 1 8 3 5 9 13783900 60 100000
2021269 2021-10-10 1 3 4 8 9 13809226 101 100000
2021270 2021-10-11 6 7 1 3 8 14402770 126 100000
2021271 2021-10-12 5 3 0 6 0 14154636 22 100000
2021272 2021-10-13 0 2 8 2 1 14144872 99 100000
2021273 2021-10-14 3 1 6 0 3 14653932 232 100000
2021274 2021-10-15 8 1 2 7 1 16031612 40 100000
2021275 2021-10-16 2 7 6 5 1 13801314 55 100000
2021276 2021-10-17 5 0 4 0 7 13950392 33 100000
2021277 2021-10-18 7 0 0 4 8 14312414 82 100000
2021278 2021-10-19 1 5 7 0 9 13920726 68 100000
2021279 2021-10-20 1 1 1 1 4 14021812 267 100000
2021280 2021-10-21 8 6 8 3 9 13955938 137 100000
2021281 2021-10-22 5 9 7 8 7 15839244 44 100000
2021282 2021-10-23 4 7 0 7 3 14268322 23 100000
2021283 2021-10-24 8 0 6 4 8 14269096 54 100000
2021284 2021-10-25 5 0 4 1 2 14690694 42 100000
2021285 2021-10-26 7 8 0 0 5 14948370 107 100000
2021286 2021-10-27 8 5 3 0 5 15119608 67 100000
2021287 2021-10-28 7 7 0 8 1 15232756 81 100000
2021288 2021-10-29 5 6 6 4 1 16855382 19 100000
2021289 2021-10-30 3 2 1 0 9 14285968 57 100000
2021290 2021-10-31 4 8 9 8 3 14328202 34 100000
2021291 2021-11-01 0 4 4 3 6 14600006 335 100000
2021292 2021-11-02 5 2 1 2 9 14314318 60 100000
2021293 2021-11-03 4 2 0 3 9 14513512 16 100000
2021294 2021-11-04 4 8 8 0 1 14901798 16 100000
2021295 2021-11-05 2 3 5 5 6 15959814 126 100000
2021296 2021-11-06 4 6 8 3 2 14172520 64 100000
2021297 2021-11-07 5 1 2 0 4 13739242 23 100000
2021298 2021-11-08 5 8 9 8 1 14432720 35 100000
2021299 2021-11-09 8 8 8 5 9 14547028 175 100000
2021300 2021-11-10 1 4 0 6 2 13947984 20 100000
2021301 2021-11-11 6 2 2 8 1 14744542 164 100000
2021302 2021-11-12 9 2 5 6 1 16123038 34 100000
2021303 2021-11-13 1 4 3 2 1 14327608 24 100000
2021304 2021-11-14 9 0 0 6 9 14329552 37 100000
2021305 2021-11-15 1 5 6 6 2 4100000 41 100000
2021306 2021-11-16 2 3 3 9 8 14072752 36 100000
2021307 2021-11-17 1 8 3 4 9 14545504 33 100000
2021308 2021-11-18 8 3 8 7 4 14951348 90 100000
2021309 2021-11-19 4 5 7 2 7 16482804 262 100000
2021310 2021-11-20 1 4 8 8 0 14738576 49 100000
2021311 2021-11-21 8 0 5 5 8 14289424 191 100000
2021312 2021-11-22 0 0 8 5 1 14726538 35 100000
2021313 2021-11-23 5 9 3 9 2 14383144 106 100000
2021314 2021-11-24 1 9 4 0 3 14835502 66 100000
2021315 2021-11-25 4 8 4 8 5 15202416 36 100000
2021316 2021-11-26 6 8 8 0 1 16582244 19 100000
2021317 2021-11-27 3 5 5 3 2 14281726 60 100000
2021318 2021-11-28 7 3 1 5 9 14357250 185 100000
2021319 2021-11-29 0 8 6 2 1 15140702 131 100000
2021320 2021-11-30 9 4 0 3 3 15183448 40 100000
2021321 2021-12-01 9 7 7 7 4 15156890 27 100000
2021322 2021-12-02 1 7 0 3 0 15039164 30 100000
2021323 2021-12-03 4 5 4 5 6 16824522 62 100000
2021324 2021-12-04 9 3 1 1 0 14542528 57 100000
2021325 2021-12-05 6 1 2 9 7 14768746 122 100000
2021326 2021-12-06 4 6 1 9 1 15185282 90 100000
2021327 2021-12-07 3 2 8 0 5 14969962 189 100000
2021328 2021-12-08 3 3 6 5 1 15421660 34 100000
2021329 2021-12-09 1 3 1 5 4 15304944 52 100000
2021330 2021-12-10 2 0 4 1 9 16891132 89 100000
2021331 2021-12-11 9 4 9 7 9 14766750 17 100000
2021332 2021-12-12 9 3 4 3 9 14354040 92 100000
2021333 2021-12-13 4 0 4 5 2 15147934 32 100000
2021334 2021-12-14 7 9 2 7 1 14789418 110 100000
2021335 2021-12-15 1 1 0 5 6 15342970 59 100000
2021336 2021-12-16 4 5 5 2 5 15256214 37 100000
2021337 2021-12-17 7 2 2 7 1 17069478 155 100000
2021338 2021-12-18 2 4 4 8 7 14963728 61 100000
2021339 2021-12-19 1 8 9 6 2 14893060 38 100000
2021340 2021-12-20 3 2 1 1 6 15575290 53 100000
2021341 2021-12-21 7 0 3 3 5 15094674 50 100000
2021342 2021-12-22 6 7 6 4 5 15607870 84 100000
2021343 2021-12-23 8 8 0 8 5 15628190 22 100000
2021344 2021-12-24 0 4 6 0 1 17175444 75 100000
2021345 2021-12-25 5 0 8 6 5 14864624 41 100000
2021346 2021-12-26 3 4 3 9 9 14629336 23 100000
2021347 2021-12-27 8 3 9 8 7 15104580 70 100000
2021348 2021-12-28 2 4 1 7 1 15313950 32 100000
2021349 2021-12-29 2 9 0 4 1 15832484 60 100000
2021350 2021-12-30 1 3 5 6 2 16057428 54 100000
2021351 2021-12-31 2 6 4 5 6 18201020 41 100000
2022001 2022-01-01 3 7 8 3 2 14952960 90 100000
2022002 2022-01-02 2 8 7 6 7 14655758 96 100000
2022003 2022-01-03 5 5 8 7 6 15456204 132 100000
2022004 2022-01-04 0 9 9 4 2 15719054 36 100000
2022005 2022-01-05 8 7 1 7 6 15530352 59 100000
2022006 2022-01-06 4 3 8 9 5 16109210 64 100000
2022007 2022-01-07 5 2 3 1 4 18080234 99 100000
2022008 2022-01-08 8 4 2 9 8 15694974 36 100000
2022009 2022-01-09 8 5 6 8 3 15550348 61 100000
2022010 2022-01-10 6 4 8 0 4 15927724 25 100000
2022011 2022-01-11 0 7 3 3 4 15705998 20 100000
2022012 2022-01-12 5 0 5 4 1 15585216 252 100000
2022013 2022-01-13 0 8 6 5 1 16067304 33 100000
2022014 2022-01-14 7 8 8 4 6 17355966 136 100000
2022015 2022-01-15 9 9 3 8 2 15087596 98 100000
2022016 2022-01-16 9 4 7 9 1 15222658 65 100000
2022017 2022-01-17 5 1 5 3 1 15859784 43 100000
2022018 2022-01-18 7 2 9 9 2 15614534 35 100000
2022019 2022-01-19 8 5 5 3 8 15860446 38 100000
2022020 2022-01-20 5 1 5 3 0 16343004 40 100000
2022021 2022-01-21 4 9 2 8 2 17248662 182 100000
2022022 2022-01-22 9 7 4 5 8 15802596 92 100000
2022023 2022-01-23 4 8 9 1 2 15780864 42 100000
2022024 2022-01-24 5 0 3 8 0 16320426 100 100000
2022025 2022-01-25 9 7 4 1 9 16184624 37 100000
2022026 2022-01-26 6 1 8 7 0 16442418 78 100000
2022027 2022-01-27 9 2 4 2 2 17431192 47 100000
2022028 2022-01-28 9 6 1 0 9 20643360 58 100000
2022029 2022-02-08 1 3 4 1 7 16701680 80 100000
2022030 2022-02-09 4 6 0 8 9 14154274 43 100000
2022031 2022-02-10 6 0 5 1 3 14931338 51 100000
2022032 2022-02-11 7 0 3 2 5 15997974 56 100000
2022033 2022-02-12 3 5 8 3 2 14502130 241 100000
2022034 2022-02-13 9 2 2 6 5 14646546 66 100000
2022035 2022-02-14 4 0 2 4 5 14882216 25 100000
2022036 2022-02-15 0 8 7 4 3 14518332 44 100000
2022037 2022-02-16 3 4 1 6 3 14550474 15 100000
2022038 2022-02-17 3 9 3 4 2 15028250 45 100000
2022039 2022-02-18 4 7 5 0 9 16275300 69 100000
2022040 2022-02-19 5 9 1 0 8 14361390 62 100000
2022041 2022-02-20 5 3 3 6 2 14282188 52 100000
2022042 2022-02-21 5 0 0 9 8 14621620 40 100000
2022043 2022-02-22 0 9 6 8 4 14339272 27 100000
2022044 2022-02-23 5 3 8 0 4 14629754 62 100000
2022045 2022-02-24 4 2 9 4 9 15380868 70 100000
2022046 2022-02-25 3 8 7 3 7 16681190 110 100000
2022047 2022-02-26 8 1 5 8 2 15250016 140 100000
2022048 2022-02-27 7 1 2 3 0 15313432 30 100000
2022049 2022-02-28 4 8 7 4 0 15905614 33 100000
2022050 2022-03-01 0 7 0 7 4 15639192 82 100000
2022051 2022-03-02 8 4 6 3 9 15258866 47 100000
2022052 2022-03-03 4 6 6 0 2 16346882 20 100000
2022053 2022-03-04 5 6 6 1 8 17140828 90 100000
2022054 2022-03-05 2 6 9 0 3 14702914 48 100000
2022055 2022-03-06 2 7 7 1 9 14704726 105 100000
2022056 2022-03-07 0 9 9 5 9 15310688 72 100000
2022057 2022-03-08 1 4 7 4 6 14888372 56 100000
2022058 2022-03-09 0 4 7 9 2 15608024 40 100000
2022059 2022-03-10 5 9 2 8 0 15920522 152 100000
2022060 2022-03-11 2 1 0 6 2 17474548 64 100000
2022061 2022-03-12 3 5 3 8 0 14963136 75 100000
2022062 2022-03-13 8 9 2 3 0 14968844 42 100000
2022063 2022-03-14 7 7 3 1 3 15246094 46 100000
2022064 2022-03-15 6 1 5 6 1 14974690 85 100000
2022065 2022-03-16 9 9 4 1 1 14991424 50 100000
2022066 2022-03-17 4 0 8 7 0 15058956 36 100000
2022067 2022-03-18 0 1 3 2 4 16645236 85 100000
2022068 2022-03-19 7 1 7 3 1 14663348 43 100000
2022069 2022-03-20 5 8 6 1 9 14331952 93 100000
2022070 2022-03-21 7 0 2 6 9 15334950 28 100000
2022071 2022-03-22 3 7 1 4 2 15320856 108 100000
2022072 2022-03-23 6 8 3 6 4 15436210 62 100000
2022073 2022-03-24 2 0 0 7 3 15863912 24 100000
2022074 2022-03-25 0 8 9 7 5 16788348 38 100000
2022075 2022-03-26 7 6 1 0 2 14830332 60 100000
2022076 2022-03-27 1 7 1 7 4 15100998 34 100000
2022077 2022-03-28 9 1 8 6 7 15282996 90 100000
2022078 2022-03-29 3 5 2 3 7 15592232 36 100000
2022079 2022-03-30 8 5 4 3 2 15555442 54 100000
2022080 2022-03-31 4 5 0 3 2 17103868 22 100000
2022081 2022-04-01 1 6 8 9 1 17840766 105 100000
2022082 2022-04-02 6 7 8 0 3 15596184 45 100000
2022083 2022-04-03 3 2 8 4 2 15160160 20 100000
2022084 2022-04-04 9 4 6 4 7 15397008 41 100000
2022085 2022-04-05 2 7 9 8 2 15713726 73 100000
2022086 2022-04-06 9 3 5 2 5 15934148 127 100000
2022087 2022-04-07 1 3 3 7 2 16706942 41 100000
2022088 2022-04-08 9 0 7 6 0 17885700 71 100000
2022089 2022-04-09 8 4 4 4 0 15541962 74 100000
2022090 2022-04-10 5 7 9 4 9 15364404 38 100000
2022091 2022-04-11 8 0 9 2 0 16013848 65 100000
2022092 2022-04-12 8 1 8 4 0 15426478 62 100000
2022093 2022-04-13 9 5 8 7 3 14619632 49 100000
2022094 2022-04-14 4 8 8 9 4 15722130 22 100000
2022095 2022-04-15 1 4 0 2 9 16619688 113 100000
2022096 2022-04-16 8 2 4 4 0 14441674 64 100000
2022097 2022-04-17 0 9 6 9 3 14863442 21 100000
2022098 2022-04-18 9 1 5 1 7 15067730 85 100000
2022099 2022-04-19 4 6 4 8 2 14966196 78 100000
2022100 2022-04-20 4 4 4 7 5 15217988 74 100000
2022101 2022-04-21 1 2 4 2 0 15318160 72 100000
2022102 2022-04-22 3 4 5 0 1 16789058 102 100000
2022103 2022-04-23 0 4 6 6 6 14761568 48 100000
2022104 2022-04-24 0 8 3 7 0 14892004 49 100000
2022105 2022-04-25 6 4 2 0 2 15076996 33 100000
2022106 2022-04-26 6 2 5 3 2 15035170 49 100000
2022107 2022-04-27 0 6 4 4 6 14851868 21 100000
2022108 2022-04-28 4 1 5 1 8 15582908 47 100000
2022109 2022-04-29 0 9 2 7 6 16840514 31 100000
2022110 2022-04-30 8 9 3 8 6 14292316 67 100000
2022111 2022-05-01 9 5 6 6 3 13636432 188 100000
2022112 2022-05-02 7 6 2 8 5 14093802 72 100000
2022113 2022-05-03 6 5 3 7 9 14073830 129 100000
2022114 2022-05-04 9 9 7 3 9 14734078 62 100000
2022115 2022-05-05 8 3 6 1 0 14897280 73 100000
2022116 2022-05-06 7 0 7 5 9 16458974 65 100000
2022117 2022-05-07 4 5 7 2 0 14359392 9 100000
2022118 2022-05-08 4 7 0 6 4 13969074 18 100000
2022119 2022-05-09 0 4 6 8 4 14382916 80 100000
2022120 2022-05-10 9 3 9 4 4 14638186 33 100000
2022121 2022-05-11 6 2 1 5 9 13995746 81 100000
2022122 2022-05-12 3 5 7 8 0 14849994 190 100000
2022123 2022-05-13 1 5 4 4 0 16413342 50 100000
2022124 2022-05-14 2 2 4 9 8 14163332 97 100000
2022125 2022-05-15 2 6 4 4 7 14323836 9 100000
2022126 2022-05-16 2 5 9 3 8 14350140 67 100000
2022127 2022-05-17 1 1 7 6 8 14598766 46 100000
2022128 2022-05-18 8 4 3 0 6 14471388 50 100000
2022129 2022-05-19 0 0 5 4 8 15367574 19 100000
2022130 2022-05-20 3 9 5 5 7 16249846 58 100000
2022131 2022-05-21 2 6 6 5 4 14084734 49 100000
2022132 2022-05-22 7 8 2 1 6 14191366 139 100000
2022133 2022-05-23 6 5 4 9 8 14492738 101 100000
2022134 2022-05-24 2 2 9 4 9 14815104 73 100000
2022135 2022-05-25 0 4 8 7 4 14481694 128 100000
2022136 2022-05-26 6 5 6 1 1 15330598 40 100000
2022137 2022-05-27 2 4 4 5 0 16291698 70 100000
2022138 2022-05-28 4 2 6 5 7 13917320 26 100000
2022139 2022-05-29 1 3 6 7 9 14468698 190 100000
2022140 2022-05-30 2 7 7 0 7 14773174 33 100000
2022141 2022-05-31 7 5 5 8 1 14754672 47 100000
2022142 2022-06-01 5 6 3 9 1 14369134 113 100000
2022143 2022-06-02 1 5 8 6 7 15077770 44 100000
2022144 2022-06-03 0 1 6 6 1 15385216 16 100000
2022145 2022-06-04 7 2 8 7 6 13972748 46 100000
2022146 2022-06-05 1 9 4 0 4 14428322 49 100000
2022147 2022-06-06 1 9 6 4 9 14962394 72 100000
2022148 2022-06-07 4 0 8 2 6 14936092 78 100000
2022149 2022-06-08 4 6 4 0 6 14971540 34 100000
2022150 2022-06-09 8 8 7 5 2 15225336 153 100000
2022151 2022-06-10 1 1 3 2 4 16338836 96 100000
2022152 2022-06-11 0 4 4 6 4 14313798 64 100000
2022153 2022-06-12 1 5 5 4 7 14400980 93 100000
2022154 2022-06-13 4 0 6 2 2 14947050 127 100000
2022155 2022-06-14 0 5 7 3 5 14856594 47 100000
2022156 2022-06-15 7 8 9 3 1 15117138 64 100000
2022157 2022-06-16 4 1 7 7 4 15449982 53 100000
2022158 2022-06-17 8 9 1 2 1 17028842 157 100000
2022159 2022-06-18 2 4 0 4 9 14829238 24 100000
2022160 2022-06-19 0 4 4 8 3 15066940 22 100000
2022161 2022-06-20 5 0 7 1 6 15081978 113 100000
2022162 2022-06-21 7 0 7 7 7 15041336 72 100000
2022163 2022-06-22 7 7 1 7 2 14708528 57 100000
2022164 2022-06-23 1 8 9 3 8 15292868 63 100000
2022165 2022-06-24 4 5 7 4 6 16996926 379 100000
2022166 2022-06-25 4 5 1 2 1 15507748 32 100000
2022167 2022-06-26 2 9 9 3 7 15173614 107 100000
2022168 2022-06-27 5 5 3 9 9 15910414 57 100000
2022169 2022-06-28 4 6 9 4 7 15531636 50 100000
2022170 2022-06-29 7 8 9 5 8 15975702 54 100000
2022171 2022-06-30 9 2 4 6 1 16629850 95 100000
2022172 2022-07-01 3 4 2 8 3 17463990 165 100000
2022173 2022-07-02 5 4 6 5 3 15085076 28 100000
2022174 2022-07-03 2 8 4 6 0 15274504 45 100000
2022175 2022-07-04 1 5 1 8 9 16021482 110 100000
2022176 2022-07-05 4 1 6 6 1 15532460 99 100000
2022177 2022-07-06 2 4 2 3 5 15710698 61 100000
2022178 2022-07-07 9 2 1 1 8 16742042 194 100000
2022179 2022-07-08 9 4 6 4 6 17483754 115 100000
2022180 2022-07-09 3 1 2 9 1 15759622 90 100000
2022181 2022-07-10 0 7 1 3 6 15414552 79 100000
2022182 2022-07-11 4 0 6 6 2 15593892 173 100000
2022183 2022-07-12 1 8 8 7 6 16014390 75 100000
2022184 2022-07-13 9 6 6 3 7 15855758 34 100000
2022185 2022-07-14 5 4 5 1 7 16472578 40 100000
2022186 2022-07-15 1 5 3 3 0 17421188 40 100000
2022187 2022-07-16 7 1 8 0 5 15361780 142 100000
2022188 2022-07-17 4 8 1 0 3 15331482 29 100000
2022189 2022-07-18 2 3 5 7 8 15840698 654 100000
2022190 2022-07-19 7 4 8 3 6 16277534 145 100000
2022191 2022-07-20 2 1 0 1 1 16809070 37 100000
2022192 2022-07-21 6 8 1 2 0 17048240 50 100000
2022193 2022-07-22 1 6 2 9 3 17953844 60 100000
2022194 2022-07-23 7 8 0 8 2 15975980 60 100000
2022195 2022-07-24 1 2 2 4 2 15930306 46 100000
2022196 2022-07-25 1 2 3 6 5 15743494 70 100000
2022197 2022-07-26 9 3 0 5 4 15720884 77 100000
2022198 2022-07-27 0 3 7 3 2 15940388 15 100000
2022199 2022-07-28 3 3 2 8 6 16430470 88 100000
2022200 2022-07-29 3 0 3 6 0 17767758 191 100000
2022201 2022-07-30 2 1 3 8 2 15750390 61 100000
2022202 2022-07-31 9 0 2 8 4 15630234 29 100000
2022203 2022-08-01 6 2 9 7 5 15740516 102 100000
2022204 2022-08-02 6 6 6 2 0 15388456 70 100000
2022205 2022-08-03 4 6 8 9 9 14528626 41 100000
2022206 2022-08-04 2 2 2 1 0 15731886 121 100000
2022207 2022-08-05 4 6 5 4 5 16548926 144 100000
2022208 2022-08-06 6 3 2 8 2 15123828 77 100000
2022209 2022-08-07 3 5 6 1 2 15234264 57 100000
2022210 2022-08-08 6 3 0 2 5 16081476 39 100000
2022211 2022-08-09 3 2 1 9 6 15802588 225 100000
2022212 2022-08-10 6 4 4 2 4 15654280 58 100000
2022213 2022-08-11 8 2 9 3 2 15953744 34 100000
2022214 2022-08-12 8 2 2 2 7 17413044 52 100000
2022215 2022-08-13 0 6 2 2 0 14842548 21 100000
2022216 2022-08-14 7 6 2 5 8 14684148 121 100000
2022217 2022-08-15 5 1 4 7 2 15216184 81 100000
2022218 2022-08-16 7 4 5 2 9 15495276 71 100000
2022219 2022-08-17 2 9 2 2 5 15865516 82 100000
2022220 2022-08-18 3 8 0 8 6 15921202 37 100000
2022221 2022-08-19 2 4 6 8 4 17417214 70 100000
2022222 2022-08-20 2 9 1 4 5 15759066 31 100000
2022223 2022-08-21 0 5 8 3 7 15324908 60 100000
2022224 2022-08-22 8 9 7 6 0 15729288 47 100000
2022225 2022-08-23 4 3 1 7 8 15403890 40 100000
2022226 2022-08-24 9 8 9 0 6 15769132 47 100000
2022227 2022-08-25 6 1 3 0 3 15999126 61 100000
2022228 2022-08-26 5 4 4 1 8 17459578 96 100000
2022229 2022-08-27 7 6 6 0 9 15304400 35 100000
2022230 2022-08-28 9 0 1 9 6 14870948 67 100000
2022231 2022-08-29 4 6 6 9 3 15630384 74 100000
2022232 2022-08-30 6 4 2 3 2 15346370 76 100000
2022233 2022-08-31 8 6 7 8 0 16132506 186 100000
2022234 2022-09-01 8 8 7 9 3 16083220 39 100000
2022235 2022-09-02 8 2 4 7 9 16755280 64 100000
2022236 2022-09-03 8 8 5 3 1 14884940 88 100000
2022237 2022-09-04 6 9 9 7 4 14611558 18 100000
2022238 2022-09-05 6 2 2 6 6 15057140 50 100000
2022239 2022-09-06 2 8 9 7 4 14769782 28 100000
2022240 2022-09-07 1 9 5 8 9 15310746 261 100000
2022241 2022-09-08 0 7 3 9 1 15719638 164 100000
2022242 2022-09-09 0 8 9 8 3 16833992 58 100000
2022243 2022-09-10 4 7 4 0 6 14241770 30 100000
2022244 2022-09-11 1 2 4 4 4 14425950 53 100000
2022245 2022-09-12 8 4 6 1 4 15092602 54 100000
2022246 2022-09-13 8 3 2 5 1 15162318 59 100000
2022247 2022-09-14 4 4 6 8 7 15680650 24 100000
2022248 2022-09-15 0 4 9 9 9 16204494 48 100000
2022249 2022-09-16 0 0 6 0 6 17059098 89 100000
2022250 2022-09-17 0 1 5 0 1 15127860 41 100000
2022251 2022-09-18 1 2 4 7 2 15033700 73 100000
2022252 2022-09-19 1 6 7 2 4 15740452 70 100000
2022253 2022-09-20 9 1 6 6 7 15539274 59 100000
2022254 2022-09-21 7 3 5 1 7 15885742 96 100000
2022255 2022-09-22 3 3 9 8 5 16480614 74 100000
2022256 2022-09-23 4 0 5 6 3 17303064 51 100000
2022257 2022-09-24 7 9 2 2 0 15475622 35 100000
2022258 2022-09-25 1 9 6 1 4 15250206 30 100000
2022259 2022-09-26 4 4 8 9 1 15849104 60 100000
2022260 2022-09-27 4 6 9 7 1 15811964 45 100000
2022261 2022-09-28 0 2 6 2 7 16197996 191 100000
2022262 2022-09-29 3 2 9 9 8 16944316 123 100000
2022263 2022-09-30 3 3 5 1 1 18750026 103 100000
2022264 2022-10-05 7 8 6 0 7 15792388 61 100000
2022265 2022-10-06 4 6 4 6 8 14380372 92 100000
2022266 2022-10-07 2 1 0 4 7 16784196 46 100000
2022267 2022-10-08 5 3 4 7 9 15192248 44 100000
2022268 2022-10-09 3 8 4 6 1 15020678 38 100000
2022269 2022-10-10 3 7 5 7 7 15492884 32 100000
2022270 2022-10-11 2 2 7 3 4 15410302 163 100000
2022271 2022-10-12 5 6 7 2 8 15451434 92 100000
2022272 2022-10-13 3 2 9 2 9 16136250 85 100000
2022273 2022-10-14 7 4 6 5 4 17850414 114 100000
2022274 2022-10-15 0 6 5 5 7 16333924 38 100000
2022275 2022-10-16 0 5 9 0 7 15693640 44 100000
2022276 2022-10-17 7 6 1 3 2 15969002 81 100000
2022277 2022-10-18 2 4 6 4 0 15641306 77 100000
2022278 2022-10-19 4 9 2 9 3 16339894 138 100000
2022279 2022-10-20 9 7 4 9 6 16914472 83 100000
2022280 2022-10-21 1 3 3 5 4 18322454 98 100000
2022281 2022-10-22 1 0 1 5 8 15775448 92 100000
2022282 2022-10-23 8 9 6 3 2 15065870 81 100000
2022283 2022-10-24 8 2 0 9 4 16130852 37 100000
2022284 2022-10-25 7 5 2 7 6 15872430 227 100000
2022285 2022-10-26 4 3 6 4 1 16151630 136 100000
2022286 2022-10-27 9 8 0 7 5 16838836 67 100000
2022287 2022-10-28 7 4 6 4 9 18355244 69 100000
2022288 2022-10-29 5 6 1 5 4 16845956 582 100000
2022289 2022-10-30 7 6 9 7 7 17335712 52 100000
2022290 2022-10-31 8 3 7 2 3 17022714 159 100000
2022291 2022-11-01 6 3 3 7 9 16607388 99 100000
2022292 2022-11-02 9 7 7 7 6 16669234 37 100000
2022293 2022-11-03 3 8 5 3 9 16439484 68 100000
2022294 2022-11-04 6 6 6 3 7 18373210 236 100000
2022295 2022-11-05 6 0 8 0 8 15954408 138 100000
2022296 2022-11-06 0 0 9 2 6 15682418 24 100000
2022297 2022-11-07 1 1 1 9 5 16058100 111 100000
2022298 2022-11-08 8 7 2 1 9 15709122 155 100000
2022299 2022-11-09 2 9 9 5 0 16690124 125 100000
2022300 2022-11-10 0 9 4 2 9 16713874 50 100000
2022301 2022-11-11 1 8 1 9 7 18033236 300 100000
2022302 2022-11-12 8 7 5 7 9 16259056 147 100000
2022303 2022-11-13 5 3 3 3 7 16291742 39 100000
2022304 2022-11-14 1 7 4 4 4 16814574 110 100000
2022305 2022-11-15 0 4 8 0 9 16826220 16 100000
2022306 2022-11-16 5 5 9 2 6 17234106 130 100000
2022307 2022-11-17 3 7 2 3 1 17396096 48 100000
2022308 2022-11-18 2 1 6 0 6 19656230 106 100000
2022309 2022-11-19 0 4 1 3 8 17041802 170 100000
2022310 2022-11-20 2 5 7 6 7 16656794 140 100000
2022311 2022-11-21 6 8 2 9 9 16951704 104 100000
2022312 2022-11-22 1 3 2 6 8 16038646 63 100000
2022313 2022-11-23 1 6 9 8 5 16122888 124 100000
2022314 2022-11-24 7 1 5 3 4 15574626 69 100000
2022315 2022-11-25 5 6 2 2 5 17526508 64 100000
2022316 2022-11-26 2 8 0 5 7 15466122 131 100000
2022317 2022-11-27 2 6 8 5 0 15199348 53 100000
2022318 2022-11-28 0 2 1 0 3 15610002 62 100000
2022319 2022-11-29 0 6 9 8 2 14975100 52 100000
2022320 2022-11-30 7 4 7 4 0 15285540 163 100000
2022321 2022-12-01 8 6 1 2 3 15680286 111 100000
2022322 2022-12-02 3 3 5 5 2 17222368 87 100000
2022323 2022-12-03 7 1 2 3 8 16109236 128 100000
2022324 2022-12-04 8 4 9 9 8 16045554 56 100000
2022325 2022-12-05 7 6 0 1 9 16193458 45 100000
2022326 2022-12-06 2 8 9 4 7 16298144 166 100000
2022327 2022-12-07 2 8 9 4 8 17563182 66 100000
2022328 2022-12-08 6 2 0 2 9 17386440 62 100000
2022329 2022-12-09 1 6 7 5 5 18503062 161 100000
2022330 2022-12-10 2 2 1 7 8 17144214 89 100000
2022331 2022-12-11 8 0 8 6 8 17249056 56 100000
2022332 2022-12-12 4 2 2 5 4 16761378 58 100000
2022333 2022-12-13 8 5 1 9 3 16452118 76 100000
2022334 2022-12-14 3 8 3 5 0 16481380 51 100000
2022335 2022-12-15 0 1 4 6 5 16639618 165 100000
2022336 2022-12-16 3 8 7 1 2 17484106 53 100000
2022337 2022-12-17 2 1 7 7 1 15289262 88 100000
2022338 2022-12-18 4 1 6 5 6 15093596 54 100000
2022339 2022-12-19 5 2 5 5 8 15624902 103 100000
2022340 2022-12-20 2 8 7 4 8 15114614 32 100000
2022341 2022-12-21 0 8 4 8 1 15477158 38 100000
2022342 2022-12-22 3 8 3 1 4 15166944 27 100000
2022343 2022-12-23 3 8 2 4 9 16094144 45 100000
2022344 2022-12-24 2 0 9 6 5 14731974 34 100000
2022345 2022-12-25 4 6 0 8 0 14919302 49 100000
2022346 2022-12-26 5 3 8 9 0 14972294 74 100000
2022347 2022-12-27 9 2 5 9 4 15069998 41 100000
2022348 2022-12-28 7 3 9 4 6 15164070 149 100000
2022349 2022-12-29 4 9 1 7 6 15819340 62 100000
2022350 2022-12-30 2 8 6 3 9 17597224 76 100000
2022351 2022-12-31 0 9 2 5 5 16852050 117 100000
2023001 2023-01-01 4 5 8 5 3 16792418 50 100000
2023002 2023-01-02 0 7 0 7 7 16802892 95 100000
2023003 2023-01-03 9 0 0 0 9 16580906 147 100000
2023004 2023-01-04 1 3 6 5 1 16820624 85 100000
2023005 2023-01-05 4 2 0 8 2 17781172 59 100000
2023006 2023-01-06 7 5 6 6 4 19632542 62 100000
2023007 2023-01-07 3 1 5 6 8 17395998 112 100000
2023008 2023-01-08 9 7 2 2 7 17639434 62 100000
2023009 2023-01-09 2 2 1 0 4 18188346 917 100000
2023010 2023-01-10 8 8 8 8 6 18049296 445 100000
2023011 2023-01-11 0 8 3 4 9 18249864 71 100000
2023012 2023-01-12 7 8 0 5 8 19896854 171 100000
2023013 2023-01-13 2 8 2 9 4 21552380 101 100000
2023014 2023-01-14 0 2 2 3 7 19268816 25 100000
2023015 2023-01-15 6 0 6 0 7 18307850 42 100000
2023016 2023-01-16 7 1 4 8 1 18848302 40 100000
2023017 2023-01-17 1 7 2 0 4 19546132 61 100000
2023018 2023-01-18 2 3 7 0 4 21570076 29 100000
2023019 2023-01-29 7 9 0 7 9 19728950 155 100000
2023020 2023-01-30 4 8 8 9 9 16776540 41 100000
2023021 2023-01-31 9 1 1 7 9 16892246 32 100000
2023022 2023-02-01 1 1 4 3 1 17041976 41 100000
2023023 2023-02-02 3 4 2 8 5 17739836 124 100000
2023024 2023-02-03 0 6 0 2 0 18784392 65 100000
2023025 2023-02-04 3 5 7 1 3 17018484 61 100000
2023026 2023-02-05 6 6 5 8 8 16581018 106 100000
2023027 2023-02-06 3 4 8 0 6 17233036 27 100000
2023028 2023-02-07 1 2 7 8 5 17551326 115 100000
2023029 2023-02-08 4 9 9 9 7 18435860 110 100000
2023030 2023-02-09 7 5 4 4 2 19405968 246 100000
2023031 2023-02-10 9 7 5 9 8 21528260 156 100000
2023032 2023-02-11 0 9 0 7 5 19114608 17 100000
2023033 2023-02-12 6 7 9 0 6 18426886 53 100000
2023034 2023-02-13 9 0 1 8 3 18695602 79 100000
2023035 2023-02-14 6 4 9 6 9 18617406 84 100000
2023036 2023-02-15 6 5 6 3 0 18787306 55 100000
2023037 2023-02-16 7 7 1 0 0 18941024 27 100000
2023038 2023-02-17 0 9 1 6 3 20161748 43 100000
2023039 2023-02-18 7 6 3 0 8 17692486 132 100000
2023040 2023-02-19 3 3 4 8 7 18120756 80 100000
2023041 2023-02-20 6 0 8 8 2 18972778 57 100000
2023042 2023-02-21 2 3 1 8 4 18982432 33 100000
2023043 2023-02-22 5 6 8 6 2 19134394 104 100000
2023044 2023-02-23 0 8 2 5 7 20342598 132 100000
2023045 2023-02-24 6 5 9 0 4 21611268 148 100000
2023046 2023-02-25 8 8 5 7 3 19455122 74 100000
2023047 2023-02-26 5 7 8 3 9 18597804 125 100000
2023048 2023-02-27 5 8 1 5 4 19696608 34 100000
2023049 2023-02-28 9 2 8 4 2 19424878 45 100000
2023050 2023-03-01 7 1 4 5 8 19563504 82 100000
2023051 2023-03-02 9 4 0 9 9 20375772 59 100000
2023052 2023-03-03 3 8 3 5 6 21311064 190 100000
2023053 2023-03-04 3 6 4 4 4 18658480 71 100000
2023054 2023-03-05 3 4 8 0 4 18679852 10 100000
2023055 2023-03-06 8 8 2 9 2 19157488 400 100000
2023056 2023-03-07 1 0 8 3 7 19657020 69 100000
2023057 2023-03-08 4 6 4 5 4 19505758 290 100000
2023058 2023-03-09 6 9 3 3 0 20863960 96 100000
2023059 2023-03-10 5 1 8 2 5 21945752 185 100000
2023060 2023-03-11 7 9 2 6 9 19136392 65 100000
2023061 2023-03-12 7 1 1 7 1 19026584 190 100000
2023062 2023-03-13 0 0 6 9 6 19406228 47 100000
2023063 2023-03-14 4 3 7 6 4 19004264 47 100000
2023064 2023-03-15 0 6 5 9 9 19700528 51 100000
2023065 2023-03-16 4 6 8 5 3 20173454 85 100000
2023066 2023-03-17 5 5 0 5 4 21394514 28 100000
2023067 2023-03-18 8 5 4 2 6 18779842 101 100000
2023068 2023-03-19 3 6 6 1 5 18616466 88 100000
2023069 2023-03-20 9 3 2 8 6 19836230 127 100000
2023070 2023-03-21 5 6 7 9 4 20204770 64 100000
2023071 2023-03-22 0 1 7 2 3 20573180 53 100000
2023072 2023-03-23 4 4 7 7 1 20070270 101 100000
2023073 2023-03-24 1 3 0 9 0 21578288 43 100000
2023074 2023-03-25 0 7 1 7 4 18872736 33 100000
2023075 2023-03-26 7 3 8 7 4 18926488 29 100000
2023076 2023-03-27 5 0 3 0 0 18996530 47 100000
2023077 2023-03-28 2 0 9 8 1 18988676 80 100000
2023078 2023-03-29 3 1 6 4 1 19326502 358 100000
2023079 2023-03-30 0 1 4 8 6 21168950 19 100000
2023080 2023-03-31 4 8 4 7 4 22121798 165 100000
2023081 2023-04-01 9 7 8 4 6 19354758 23 100000
2023082 2023-04-02 7 3 9 8 0 18947508 109 100000
2023083 2023-04-03 0 2 4 8 9 19711172 28 100000
2023084 2023-04-04 0 5 5 6 4 19428134 80 100000
2023085 2023-04-05 5 5 7 3 4 18942896 40 100000
2023086 2023-04-06 9 1 5 5 0 19698148 104 100000
2023087 2023-04-07 3 2 9 2 3 21765226 255 100000
2023088 2023-04-08 2 9 2 3 2 19055942 174 100000
2023089 2023-04-09 9 4 0 1 0 18727468 59 100000
2023090 2023-04-10 5 8 5 9 7 18279210 99 100000
2023091 2023-04-11 7 9 5 4 4 19000314 113 100000
2023092 2023-04-12 8 8 3 3 0 19007186 51 100000
2023093 2023-04-13 5 3 6 6 1 19884482 272 100000
2023094 2023-04-14 5 3 3 0 5 21951226 64 100000
2023095 2023-04-15 4 8 8 0 3 18518256 19 100000
2023096 2023-04-16 7 6 3 8 1 18537700 108 100000
2023097 2023-04-17 6 8 5 5 8 19235792 109 100000
2023098 2023-04-18 2 2 3 8 1 19293388 62 100000
2023099 2023-04-19 5 5 1 4 1 18676328 39 100000
2023100 2023-04-20 6 3 2 8 8 19906250 68 100000
2023101 2023-04-21 5 3 1 3 3 21370942 58 100000
2023102 2023-04-22 7 0 4 0 0 18715574 47 100000
2023103 2023-04-23 9 7 6 6 1 19064404 95 100000
2023104 2023-04-24 6 4 3 8 1 19058058 69 100000
2023105 2023-04-25 5 7 0 6 3 19815812 71 100000
2023106 2023-04-26 2 8 2 5 5 19394824 231 100000
2023107 2023-04-27 5 1 9 6 1 20935894 117 100000
2023108 2023-04-28 4 7 7 1 6 22081730 128 100000
2023109 2023-04-29 3 0 3 9 0 18305022 46 100000
2023110 2023-04-30 4 3 3 0 3 17301538 58 100000
2023111 2023-05-01 6 5 9 2 4 17087414 71 100000
2023112 2023-05-02 1 2 7 5 3 17474944 92 100000
2023113 2023-05-03 2 2 4 2 0 18395602 76 100000
2023114 2023-05-04 8 1 0 0 5 19578246 189 100000
2023115 2023-05-05 5 2 7 4 6 21317800 88 100000
2023116 2023-05-06 9 2 0 6 7 18851846 34 100000
2023117 2023-05-07 4 9 3 1 2 18725854 165 100000
2023118 2023-05-08 6 4 6 4 4 19172964 203 100000
2023119 2023-05-09 0 5 6 7 2 20160008 73 100000
2023120 2023-05-10 0 9 1 9 5 19635422 63 100000
2023121 2023-05-11 6 6 8 5 5 20417708 209 100000
2023122 2023-05-12 8 2 7 5 9 21383680 86 100000
2023123 2023-05-13 5 5 7 1 3 18343758 80 100000
2023124 2023-05-14 0 7 1 2 9 19296882 46 100000
2023125 2023-05-15 5 5 8 3 5 19680298 159 100000
2023126 2023-05-16 9 8 4 8 4 19897160 173 100000
2023127 2023-05-17 1 1 0 1 4 19863224 67 100000
2023128 2023-05-18 8 1 0 1 9 19770508 40 100000
2023129 2023-05-19 3 3 4 9 6 21224704 72 100000
2023130 2023-05-20 5 2 1 3 4 18684526 447 100000
2023131 2023-05-21 5 8 3 2 8 19756042 143 100000
2023132 2023-05-22 0 1 0 4 3 20008430 51 100000
2023133 2023-05-23 4 3 4 4 6 19764086 51 100000
2023134 2023-05-24 2 2 0 1 5 19883694 57 100000
2023135 2023-05-25 4 6 7 3 0 20791332 72 100000
2023136 2023-05-26 9 2 9 3 4 22257972 53 100000
2023137 2023-05-27 7 9 1 4 9 19014880 37 100000
2023138 2023-05-28 4 4 0 6 9 19862254 32 100000
2023139 2023-05-29 4 2 9 0 5 19857254 22 100000
2023140 2023-05-30 0 9 3 7 6 19833338 39 100000
2023141 2023-05-31 7 4 3 5 5 19990022 35 100000
2023142 2023-06-01 1 6 7 0 2 20306012 69 100000
2023143 2023-06-02 8 4 8 5 2 21486168 44 100000
2023144 2023-06-03 5 6 3 9 3 18942766 72 100000
2023145 2023-06-04 8 8 3 7 8 19241178 92 100000
2023146 2023-06-05 5 8 7 7 0 19271388 50 100000
2023147 2023-06-06 8 6 3 4 1 19311328 174 100000
2023148 2023-06-07 3 3 6 9 9 19728844 166 100000
2023149 2023-06-08 0 2 5 5 8 20150294 121 100000
2023150 2023-06-09 0 3 9 0 7 21932166 46 100000
2023151 2023-06-10 3 8 3 3 0 18574142 143 100000
2023152 2023-06-11 3 1 8 9 7 18836146 109 100000
2023153 2023-06-12 7 5 0 3 8 19952890 53 100000
2023154 2023-06-13 4 3 3 5 0 20526970 52 100000
2023155 2023-06-14 8 5 3 8 9 19750800 133 100000
2023156 2023-06-15 2 5 1 5 1 20382610 120 100000
2023157 2023-06-16 7 8 6 4 2 22255450 84 100000
2023158 2023-06-17 4 4 7 4 8 19734644 72 100000
2023159 2023-06-18 3 1 9 2 7 19537806 172 100000
2023160 2023-06-19 3 9 3 4 1 19479522 22 100000
2023161 2023-06-20 5 3 6 7 1 19573620 67 100000
2023162 2023-06-21 0 9 4 9 6 19543388 44 100000
2023163 2023-06-22 1 2 7 0 4 18690196 119 100000
2023164 2023-06-23 2 1 5 5 2 20838306 237 100000
2023165 2023-06-24 2 5 1 0 6 19355792 109 100000
2023166 2023-06-25 1 2 8 3 7 19149630 104 100000
2023167 2023-06-26 1 9 0 9 7 20143638 63 100000
2023168 2023-06-27 9 3 3 1 3 19407706 154 100000
2023169 2023-06-28 7 2 1 1 1 19283404 83 100000
2023170 2023-06-29 0 8 2 2 1 20059670 143 100000
2023171 2023-06-30 2 2 5 4 2 21367200 147 100000
2023172 2023-07-01 7 8 0 7 8 19150140 67 100000
2023173 2023-07-02 0 1 3 4 4 19075978 108 100000
2023174 2023-07-03 8 2 9 6 7 19622692 96 100000
2023175 2023-07-04 2 8 0 8 1 19636544 75 100000
2023176 2023-07-05 0 7 1 2 6 19565822 106 100000
2023177 2023-07-06 7 0 9 7 4 20864970 221 100000
2023178 2023-07-07 7 1 1 2 1 22351504 108 100000
2023179 2023-07-08 4 9 9 0 0 19101694 85 100000
2023180 2023-07-09 6 8 7 6 0 18622184 50 100000
2023181 2023-07-10 7 7 9 0 3 19767154 51 100000
2023182 2023-07-11 1 2 1 9 4 19453518 31 100000
2023183 2023-07-12 8 0 6 9 0 19632546 91 100000
2023184 2023-07-13 9 6 4 3 0 20170436 47 100000
2023185 2023-07-14 4 6 8 4 8 21945086 100 100000
2023186 2023-07-15 7 0 7 1 8 18891254 116 100000
2023187 2023-07-16 7 6 5 2 5 18897734 181 100000
2023188 2023-07-17 2 8 4 4 8 19362830 62 100000
2023189 2023-07-18 0 7 0 5 5 19822222 136 100000
2023190 2023-07-19 6 0 0 1 5 19526584 116 100000
2023191 2023-07-20 3 6 0 7 1 19811898 21 100000
2023192 2023-07-21 2 1 4 8 4 21077404 112 100000
2023193 2023-07-22 4 1 9 9 7 18881008 133 100000
2023194 2023-07-23 3 0 3 7 8 18676518 63 100000
2023195 2023-07-24 3 6 7 0 0 19061112 78 100000
2023196 2023-07-25 8 0 0 6 6 19198014 59 100000
2023197 2023-07-26 3 0 7 2 9 18725864 38 100000
2023198 2023-07-27 0 7 9 0 1 19423450 249 100000
2023199 2023-07-28 7 2 3 2 0 21296782 85 100000
2023200 2023-07-29 5 1 4 9 8 19033030 113 100000
2023201 2023-07-30 7 3 4 8 9 18951804 31 100000
2023202 2023-07-31 7 5 8 3 8 19030700 107 100000
2023203 2023-08-01 1 4 0 5 1 19118372 63 100000
2023204 2023-08-02 0 1 4 1 4 18724690 82 100000
2023205 2023-08-03 0 9 7 2 8 19356806 86 100000
2023206 2023-08-04 4 4 8 4 4 21007464 148 100000
2023207 2023-08-05 1 2 6 7 7 18716332 102 100000
2023208 2023-08-06 6 6 9 7 1 18908194 195 100000
2023209 2023-08-07 2 1 7 6 3 18931502 102 100000
2023210 2023-08-08 9 3 6 0 6 19485762 60 100000
2023211 2023-08-09 7 9 2 9 8 19191104 62 100000
2023212 2023-08-10 8 5 3 0 1 19577192 55 100000
2023213 2023-08-11 0 7 7 3 8 21127618 85 100000
2023214 2023-08-12 1 0 1 3 6 18546248 107 100000
2023215 2023-08-13 4 8 0 3 2 18107780 30 100000
2023216 2023-08-14 1 3 8 9 7 18787564 75 100000
2023217 2023-08-15 7 4 8 8 3 19177068 51 100000
2023218 2023-08-16 9 4 2 8 8 19335530 42 100000
2023219 2023-08-17 7 3 8 3 2 19600650 68 100000
2023220 2023-08-18 0 3 5 6 4 21121090 19 100000
2023221 2023-08-19 6 4 9 9 5 18595384 50 100000
2023222 2023-08-20 9 7 7 1 8 18235534 158 100000
2023223 2023-08-21 7 4 0 3 9 18890740 35 100000
2023224 2023-08-22 3 7 4 7 8 19375272 48 100000
2023225 2023-08-23 1 1 8 7 8 19200092 81 100000
2023226 2023-08-24 5 3 5 8 1 19350736 82 100000
2023227 2023-08-25 9 0 1 7 8 20632476 68 100000
2023228 2023-08-26 7 7 3 1 7 18512520 82 100000
2023229 2023-08-27 6 7 8 9 0 18549186 304 100000
2023230 2023-08-28 9 4 9 7 4 19115528 80 100000
2023231 2023-08-29 3 6 5 7 5 19671588 66 100000
2023232 2023-08-30 8 6 0 6 9 19801348 57 100000
2023233 2023-08-31 1 2 4 0 6 20126972 224 100000
2023234 2023-09-01 8 0 5 3 7 21630496 68 100000
2023235 2023-09-02 4 2 4 8 5 19282468 34 100000
2023236 2023-09-03 2 7 0 6 6 18772932 97 100000
2023237 2023-09-04 7 9 8 8 6 19739626 69 100000
2023238 2023-09-05 5 6 2 3 1 19188526 108 100000
2023239 2023-09-06 4 4 0 0 8 19937156 101 100000
2023240 2023-09-07 7 0 2 1 2 19898106 81 100000
2023241 2023-09-08 9 3 5 1 4 21324430 77 100000
2023242 2023-09-09 9 8 7 9 8 19145084 96 100000
2023243 2023-09-10 9 6 6 0 6 19071572 52 100000
2023244 2023-09-11 3 1 5 2 4 19235184 217 100000
2023245 2023-09-12 4 8 0 8 1 19597320 150 100000
2023246 2023-09-13 4 2 2 7 5 20581218 85 100000
2023247 2023-09-14 9 3 7 2 6 21343158 76 100000
2023248 2023-09-15 6 9 6 4 5 22360202 91 100000
2023249 2023-09-16 0 3 9 6 9 19614488 84 100000
2023250 2023-09-17 1 8 0 9 6 19669094 81 100000
2023251 2023-09-18 7 3 6 3 6 20433810 71 100000
2023252 2023-09-19 9 6 1 0 9 19971798 61 100000
2023253 2023-09-20 9 8 6 4 1 20254854 65 100000
2023254 2023-09-21 9 9 1 7 1 20659934 77 100000
2023255 2023-09-22 0 5 6 3 7 21845336 47 100000
2023256 2023-09-23 8 4 0 7 1 18987332 20 100000
2023257 2023-09-24 9 0 8 7 7 19412358 67 100000
2023258 2023-09-25 9 1 5 3 1 19942214 144 100000
2023259 2023-09-26 0 8 8 8 6 19894558 109 100000
2023260 2023-09-27 2 4 7 9 4 19332486 145 100000
2023261 2023-09-28 9 3 0 7 0 20126876 57 100000
2023262 2023-09-29 7 1 7 3 7 19321128 285 100000
2023263 2023-09-30 9 9 3 0 2 19130368 16 100000
2023264 2023-10-05 9 2 5 4 7 20122292 91 100000
2023265 2023-10-06 2 2 4 0 2 20794186 66 100000
2023266 2023-10-07 1 3 3 6 7 19004530 110 100000
2023267 2023-10-08 5 5 4 5 5 18944912 268 100000
2023268 2023-10-09 9 7 5 3 1 19690852 985 100000
2023269 2023-10-10 2 3 4 1 5 20763230 180 100000
2023270 2023-10-11 3 5 5 3 6 21639108 123 100000
2023271 2023-10-12 0 9 6 7 5 21670940 57 100000
2023272 2023-10-13 4 1 9 0 0 22977738 63 100000
2023273 2023-10-14 1 2 1 4 9 20703430 86 100000
2023274 2023-10-15 6 6 9 9 3 20730788 102 100000
2023275 2023-10-16 9 8 4 2 7 20659122 76 100000
2023276 2023-10-17 6 0 6 2 4 21014836 37 100000
2023277 2023-10-18 0 2 8 1 3 21392326 72 100000
2023278 2023-10-19 0 7 0 5 3 22346214 50 100000
2023279 2023-10-20 3 9 1 1 6 22836734 104 100000
2023280 2023-10-21 6 0 1 3 3 20641358 38 100000
2023281 2023-10-22 3 4 4 7 8 20421498 163 100000
2023282 2023-10-23 3 0 8 3 5 21009932 62 100000
2023283 2023-10-24 0 2 9 5 2 20508558 106 100000
2023284 2023-10-25 3 8 2 6 9 20799036 140 100000
2023285 2023-10-26 7 1 6 3 1 21241858 53 100000
2023286 2023-10-27 1 1 6 0 4 22466752 57 100000
2023287 2023-10-28 8 9 4 8 1 19359470 55 100000
2023288 2023-10-29 3 1 4 2 6 19468646 135 100000
2023289 2023-10-30 9 9 8 9 3 20202014 226 100000
2023290 2023-10-31 1 5 4 7 2 20228802 77 100000
2023291 2023-11-01 1 5 0 1 0 20266760 95 100000
2023292 2023-11-02 9 6 8 8 8 20537458 142 100000
2023293 2023-11-03 4 3 4 1 1 21892574 27 100000
2023294 2023-11-04 6 6 7 6 7 19307176 270 100000
2023295 2023-11-05 8 8 2 8 5 19697576 92 100000
2023296 2023-11-06 8 0 7 4 5 20048102 40 100000
2023297 2023-11-07 7 6 1 5 7 19642322 44 100000
2023298 2023-11-08 3 6 5 9 1 19898496 66 100000
2023299 2023-11-09 8 0 8 3 9 20249422 91 100000
2023300 2023-11-10 2 9 6 5 7 21791924 76 100000
2023301 2023-11-11 0 4 1 8 6 19433296 35 100000
2023302 2023-11-12 1 6 1 6 0 18876928 63 100000
2023303 2023-11-13 5 7 2 8 9 20173432 77 100000
2023304 2023-11-14 7 2 8 4 5 19948600 108 100000
2023305 2023-11-15 6 7 9 1 8 21064392 151 100000
2023306 2023-11-16 3 3 0 8 7 20704874 132 100000
2023307 2023-11-17 9 3 6 9 2 22609612 57 100000
2023308 2023-11-18 6 1 9 5 0 20143436 98 100000
2023309 2023-11-19 3 2 9 9 7 20256886 120 100000
2023310 2023-11-20 4 1 7 6 8 20822042 138 100000
2023311 2023-11-21 5 8 3 9 9 20490990 112 100000
2023312 2023-11-22 4 4 2 6 3 21533502 33 100000
2023313 2023-11-23 4 1 4 3 5 21666986 69 100000
2023314 2023-11-24 3 5 5 0 8 22935916 153 100000
2023315 2023-11-25 7 4 7 5 4 20260094 105 100000
2023316 2023-11-26 2 3 4 1 7 20166470 169 100000
2023317 2023-11-27 3 9 7 0 8 21188288 49 100000
2023318 2023-11-28 7 9 0 0 5 20655646 57 100000
2023319 2023-11-29 9 6 5 9 8 20051090 79 100000
2023320 2023-11-30 6 9 7 7 1 20672876 68 100000
2023321 2023-12-01 2 1 1 1 3 22769388 96 100000
2023322 2023-12-02 1 7 4 2 8 19252904 78 100000
2023323 2023-12-03 9 4 5 5 0 19619876 100 100000
2023324 2023-12-04 6 0 2 4 6 20543080 59 100000
2023325 2023-12-05 7 1 7 9 3 20490884 290 100000
2023326 2023-12-06 7 9 0 1 8 20753884 50 100000
2023327 2023-12-07 3 1 4 7 2 21375534 93 100000
2023328 2023-12-08 8 8 2 1 2 23476082 113 100000
2023329 2023-12-09 2 8 9 5 9 20198850 89 100000
2023330 2023-12-10 5 3 1 8 5 20150224 228 100000
2023331 2023-12-11 4 0 2 1 5 21012864 37 100000
2023332 2023-12-12 6 6 7 2 6 20615132 153 100000
2023333 2023-12-13 9 8 9 4 0 20756714 59 100000
2023334 2023-12-14 5 8 7 9 3 21319202 64 100000
2023335 2023-12-15 0 4 7 3 9 23034658 30 100000
2023336 2023-12-16 8 2 1 6 2 20356426 41 100000
2023337 2023-12-17 8 4 6 5 4 20390330 28 100000
2023338 2023-12-18 3 8 0 1 9 20803992 184 100000
2023339 2023-12-19 4 8 2 8 6 20710012 81 100000
2023340 2023-12-20 0 8 9 9 6 21337114 17 100000
2023341 2023-12-21 3 4 1 5 8 20900686 172 100000
2023342 2023-12-22 9 7 8 1 5 23162146 80 100000
2023343 2023-12-23 7 3 0 6 1 20669808 94 100000
2023344 2023-12-24 8 0 1 7 3 21849108 141 100000
2023345 2023-12-25 6 7 8 7 8 22249802 229 100000
2023346 2023-12-26 2 5 8 0 3 22002908 153 100000
2023347 2023-12-27 7 4 2 1 6 22422928 188 100000
2023348 2023-12-28 5 9 7 1 6 23444190 53 100000
2023349 2023-12-29 9 2 3 2 1 24888280 665 100000
2023350 2023-12-30 1 9 7 9 4 22135148 65 100000
2023351 2023-12-31 5 7 1 8 0 23050642 66 100000
2024001 2024-01-01 4 0 3 3 9 21934452 23 100000
2024002 2024-01-02 5 4 4 4 4 21566910 210 100000
2024003 2024-01-03 6 6 6 3 3 21329642 441 100000
2024004 2024-01-04 6 6 5 9 6 23680424 68 100000
2024005 2024-01-05 2 5 9 4 6 24791570 53 100000
2024006 2024-01-06 2 8 4 7 7 22126516 63 100000
2024007 2024-01-07 8 8 8 9 8 21868238 998 100000
2024008 2024-01-08 4 0 5 0 5 24232556 77 100000
2024009 2024-01-09 8 1 5 0 3 23701744 90 100000
2024010 2024-01-10 2 8 1 3 2 23585468 49 100000
2024011 2024-01-11 0 8 0 8 8 24798832 231 100000
2024012 2024-01-12 0 8 1 5 2 26279254 44 100000
2024013 2024-01-13 9 8 5 7 5 23155242 58 100000
2024014 2024-01-14 1 8 7 7 6 22987068 54 100000
2024015 2024-01-15 4 7 5 6 5 23672670 85 100000
2024016 2024-01-16 7 0 2 5 3 23269588 128 100000
2024017 2024-01-17 5 5 5 5 5 23056924 5966 100000
2024018 2024-01-18 8 5 9 4 2 24972040 28 100000
2024019 2024-01-19 3 1 3 8 4 26207568 154 100000
2024020 2024-01-20 4 0 6 5 7 24304520 92 100000
2024021 2024-01-21 3 7 0 7 2 24159914 63 100000
2024022 2024-01-22 1 2 4 0 6 24531506 68 100000
2024023 2024-01-23 7 9 3 4 8 24459020 77 100000
2024024 2024-01-24 1 9 9 7 9 24673418 148 100000
2024025 2024-01-25 3 1 4 9 7 25140748 128 100000
2024026 2024-01-26 7 5 1 0 2 27347294 126 100000
2024027 2024-01-27 5 0 2 4 2 24666284 58 100000
2024028 2024-01-28 2 5 9 3 9 24075794 91 100000
2024029 2024-01-29 5 7 5 4 8 24798766 151 100000
2024030 2024-01-30 9 5 1 4 7 24810558 278 100000
2024031 2024-01-31 6 8 2 4 0 25103544 229 100000
2024032 2024-02-01 8 0 5 2 6 25700638 100 100000
2024033 2024-02-02 7 3 9 3 6 26799152 117 100000
2024034 2024-02-03 0 1 7 3 3 24353754 31 100000
2024035 2024-02-04 3 0 6 5 3 24024090 49 100000
2024036 2024-02-05 5 4 7 9 1 24214100 58 100000
2024037 2024-02-06 9 1 0 7 6 24717282 158 100000
2024038 2024-02-07 5 2 9 4 6 26997280 65 100000
2024039 2024-02-18 5 0 8 6 8 26006178 76 100000
2024040 2024-02-19 5 1 4 7 7 21643190 41 100000
2024041 2024-02-20 9 0 5 5 8 21439842 66 100000
2024042 2024-02-21 3 4 2 7 6 21926146 89 100000
2024043 2024-02-22 2 9 6 0 8 22860364 41 100000
2024044 2024-02-23 8 8 5 2 8 24115952 144 100000
2024045 2024-02-24 7 5 7 8 3 21092632 100 100000
2024046 2024-02-25 7 0 2 6 3 21433224 40 100000
2024047 2024-02-26 7 6 0 8 8 22147520 107 100000
2024048 2024-02-27 3 9 6 3 5 21984972 240 100000
2024049 2024-02-28 6 3 1 0 1 22618794 153 100000
2024050 2024-02-29 4 9 5 9 5 23271350 101 100000
2024051 2024-03-01 6 7 4 7 5 25027508 79 100000
2024052 2024-03-02 9 9 5 0 5 22472594 81 100000
2024053 2024-03-03 9 5 8 2 8 22353048 268 100000
2024054 2024-03-04 2 2 1 8 7 23192184 184 100000
2024055 2024-03-05 1 7 3 3 3 22681544 162 100000
2024056 2024-03-06 7 8 8 3 0 22929114 41 100000
2024057 2024-03-07 7 6 5 8 5 23194678 93 100000
2024058 2024-03-08 0 6 5 4 8 25216550 31 100000
2024059 2024-03-09 6 2 9 7 9 22050384 102 100000
2024060 2024-03-10 3 5 7 2 6 22438316 381 100000
2024061 2024-03-11 2 5 0 7 0 24104174 77 100000
2024062 2024-03-12 7 8 4 5 5 23115086 98 100000
2024063 2024-03-13 6 5 1 9 0 23630956 271 100000
2024064 2024-03-14 1 3 2 2 8 23757564 84 100000
2024065 2024-03-15 9 0 3 7 6 25053274 102 100000
2024066 2024-03-16 8 0 3 8 3 22119228 53 100000
2024067 2024-03-17 5 4 9 6 9 22035768 149 100000
2024068 2024-03-18 2 3 9 8 1 23230572 64 100000
2024069 2024-03-19 4 1 1 0 9 23450630 35 100000
2024070 2024-03-20 8 9 1 0 3 22493492 97 100000
2024071 2024-03-21 2 5 8 2 0 22701740 107 100000
2024072 2024-03-22 3 4 1 5 3 25455078 43 100000
2024073 2024-03-23 5 9 0 4 3 22237360 61 100000
2024074 2024-03-24 6 2 9 5 2 22899818 158 100000
2024075 2024-03-25 2 8 5 0 8 23109582 88 100000
2024076 2024-03-26 9 6 8 7 5 23111860 230 100000
2024077 2024-03-27 6 2 6 8 5 23660496 70 100000
2024078 2024-03-28 1 2 6 8 0 24592456 109 100000
2024079 2024-03-29 8 8 9 0 8 25142714 131 100000
2024080 2024-03-30 0 1 2 6 4 22365628 219 100000
2024081 2024-03-31 9 2 8 5 1 22410010 67 100000
2024082 2024-04-01 5 7 1 5 4 23101594 60 100000
2024083 2024-04-02 2 3 2 1 9 23180030 142 100000
2024084 2024-04-03 5 4 9 4 7 22053738 109 100000
2024085 2024-04-04 4 9 3 6 1 21939718 81 100000
2024086 2024-04-05 2 7 8 3 5 23450048 206 100000
2024087 2024-04-06 1 6 1 0 7 22520760 66 100000
2024088 2024-04-07 8 1 9 5 2 22435738 387 100000
2024089 2024-04-08 1 1 7 0 4 22530238 29 100000
2024090 2024-04-09 2 0 6 2 6 22653518 404 100000
2024091 2024-04-10 1 9 6 5 1 22437002 97 100000
2024092 2024-04-11 1 5 0 4 4 22969288 57 100000
2024093 2024-04-12 9 3 5 3 8 24346684 140 100000
2024094 2024-04-13 2 7 1 7 6 21518528 75 100000
2024095 2024-04-14 1 7 5 4 3 22004002 52 100000
2024096 2024-04-15 4 6 3 5 2 22426888 114 100000
2024097 2024-04-16 8 6 3 7 2 22831620 86 100000
2024098 2024-04-17 2 4 7 0 5 22237592 164 100000
2024099 2024-04-18 1 0 2 5 4 23442168 85 100000
2024100 2024-04-19 1 5 7 7 1 24895280 134 100000
2024101 2024-04-20 0 3 0 7 4 21969314 25 100000
2024102 2024-04-21 2 1 5 3 6 21565384 273 100000
2024103 2024-04-22 5 5 1 2 0 22591054 57 100000
2024104 2024-04-23 4 7 4 2 8 22504304 125 100000
2024105 2024-04-24 2 1 0 1 5 22755656 186 100000
2024106 2024-04-25 5 3 3 2 3 22759552 151 100000
2024107 2024-04-26 4 9 9 3 6 24385556 103 100000
2024108 2024-04-27 2 5 2 8 3 21559150 252 100000
2024109 2024-04-28 2 4 3 6 6 22721110 60 100000
2024110 2024-04-29 6 2 9 0 4 22077576 35 100000
2024111 2024-04-30 3 3 6 7 1 21534480 132 100000
2024112 2024-05-01 2 1 8 0 3 20010534 138 100000
2024113 2024-05-02 3 4 5 0 0 20439608 65 100000
2024114 2024-05-03 5 4 8 5 6 21978548 44 100000
2024115 2024-05-04 6 2 0 2 3 20495430 50 100000
2024116 2024-05-05 3 4 8 4 5 21264448 87 100000
2024117 2024-05-06 1 8 5 8 6 21800130 141 100000
2024118 2024-05-07 7 3 3 7 2 22272016 100 100000
2024119 2024-05-08 2 5 5 3 3 21855352 162 100000
2024120 2024-05-09 5 2 9 1 1 22726816 139 100000
2024121 2024-05-10 5 1 8 4 4 24359412 185 100000
2024122 2024-05-11 2 4 6 3 8 22165864 249 100000
2024123 2024-05-12 5 3 8 5 8 21742448 179 100000
2024124 2024-05-13 8 3 5 0 3 22391846 104 100000
2024125 2024-05-14 7 0 6 8 0 22264024 38 100000
2024126 2024-05-15 3 7 9 5 2 21721744 171 100000
2024127 2024-05-16 7 4 4 0 5 22710422 72 100000
2024128 2024-05-17 0 1 7 8 0 24240110 58 100000
2024129 2024-05-18 2 7 8 7 3 21127184 137 100000
2024130 2024-05-19 1 2 2 0 2 21933982 77 100000
2024131 2024-05-20 5 7 1 4 1 23272646 61 100000
2024132 2024-05-21 6 0 4 4 8 22397210 88 100000
2024133 2024-05-22 2 8 1 2 1 21892390 67 100000
2024134 2024-05-23 6 6 0 7 9 22348092 64 100000
2024135 2024-05-24 8 9 1 6 0 23265226 70 100000
2024136 2024-05-25 0 6 2 8 1 20571534 61 100000
2024137 2024-05-26 1 2 8 7 9 20908492 166 100000
2024138 2024-05-27 9 9 7 5 5 21729698 39 100000
2024139 2024-05-28 5 3 6 9 3 20985916 310 100000
2024140 2024-05-29 5 2 0 8 6 22171432 150 100000
2024141 2024-05-30 8 0 4 3 6 22850654 52 100000
2024142 2024-05-31 4 2 6 3 2 23724506 37 100000
2024143 2024-06-01 1 8 5 0 6 20979632 110 100000
2024144 2024-06-02 1 4 7 8 6 21340664 2844 15905
2024145 2024-06-03 2 0 5 7 1 20631756 52 100000
2024146 2024-06-04 9 9 1 9 7 20957020 70 100000
2024147 2024-06-05 5 5 8 7 1 20259724 57 100000
2024148 2024-06-06 3 4 3 0 5 21509276 75 100000
2024149 2024-06-07 6 7 6 1 5 23252604 124 100000
2024150 2024-06-08 1 2 9 0 4 20329692 80 100000
2024151 2024-06-09 9 0 0 3 1 20005512 39 100000
2024152 2024-06-10 9 3 6 4 8 19813076 28 100000
2024153 2024-06-11 3 8 9 5 5 20219184 311 100000
2024154 2024-06-12 9 8 3 5 3 21210116 104 100000
2024155 2024-06-13 8 8 9 7 8 21480082 77 100000
2024156 2024-06-14 1 7 2 4 4 22656786 73 100000
2024157 2024-06-15 2 1 1 3 8 20091266 119 100000
2024158 2024-06-16 6 0 6 4 7 20253244 41 100000
2024159 2024-06-17 4 3 0 6 7 20051766 133 100000
2024160 2024-06-18 4 2 5 5 3 20373850 66 100000
2024161 2024-06-19 6 4 9 4 9 20108764 134 100000
2024162 2024-06-20 3 2 0 4 4 20862088 52 100000
2024163 2024-06-21 5 1 4 6 5 22174070 117 100000
2024164 2024-06-22 0 0 6 7 2 20089066 54 100000
2024165 2024-06-23 9 3 2 9 4 19768438 41 100000
2024166 2024-06-24 4 7 9 5 8 20351426 278 100000
2024167 2024-06-25 5 0 7 6 8 20322814 115 100000
2024168 2024-06-26 5 4 1 4 7 20410576 119 100000
2024169 2024-06-27 7 5 9 3 1 21421798 193 100000
2024170 2024-06-28 0 3 1 7 3 22596054 48 100000
2024171 2024-06-29 0 7 0 7 8 19904486 34 100000
2024172 2024-06-30 4 0 0 5 5 19293394 55 100000
2024173 2024-07-01 6 5 8 8 7 19671420 142 100000
2024174 2024-07-02 1 9 1 8 5 19662338 77 100000
2024175 2024-07-03 1 9 5 0 6 20010826 50 100000
2024176 2024-07-04 9 3 2 5 0 20250146 41 100000
2024177 2024-07-05 5 7 9 8 2 21634250 181 100000
2024178 2024-07-06 6 6 3 4 7 19858246 160 100000
2024179 2024-07-07 5 3 5 4 4 19479720 54 100000
2024180 2024-07-08 2 1 5 4 9 20156834 70 100000
2024181 2024-07-09 3 2 3 9 5 19748052 106 100000
2024182 2024-07-10 2 8 2 4 7 19848852 43 100000
2024183 2024-07-11 5 0 0 9 5 21149862 49 100000
2024184 2024-07-12 7 3 0 4 9 22057592 112 100000
2024185 2024-07-13 8 8 4 9 6 19866250 80 100000
2024186 2024-07-14 3 6 7 3 4 19447110 176 100000
2024187 2024-07-15 8 8 3 5 8 20543044 101 100000
2024188 2024-07-16 0 2 4 4 3 20424458 13 100000
2024189 2024-07-17 7 9 3 2 2 20400518 47 100000
2024190 2024-07-18 6 4 4 9 2 20538950 36 100000
2024191 2024-07-19 4 3 9 2 4 21902496 59 100000
2024192 2024-07-20 3 4 0 7 1 19831334 18 100000
2024193 2024-07-21 0 0 6 2 9 19817766 47 100000
2024194 2024-07-22 0 7 8 9 1 19929110 33 100000
2024195 2024-07-23 5 1 7 0 4 19581802 123 100000
2024196 2024-07-24 5 3 9 0 5 19924156 40 100000
2024197 2024-07-25 1 0 5 6 1 20128592 53 100000
2024198 2024-07-26 5 5 0 0 3 21511546 69 100000
2024199 2024-07-27 5 5 8 1 5 19012070 219 100000
2024200 2024-07-28 3 8 0 7 1 19157792 50 100000
2024201 2024-07-29 5 1 5 2 2 20119704 108 100000
2024202 2024-07-30 1 8 7 0 8 19940390 76 100000
2024203 2024-07-31 5 9 2 6 9 20491246 97 100000
2024204 2024-08-01 0 4 7 9 4 20468550 43 100000
2024205 2024-08-02 2 4 1 6 9 21909454 43 100000
2024206 2024-08-03 4 4 6 6 4 19450062 114 100000
2024207 2024-08-04 9 8 2 0 5 19362884 96 100000
2024208 2024-08-05 9 7 3 7 1 20128394 54 100000
2024209 2024-08-06 5 3 5 5 6 19770828 81 100000
2024210 2024-08-07 2 8 5 9 1 20138428 64 100000
2024211 2024-08-08 6 4 9 7 5 20811118 106 100000
2024212 2024-08-09 7 2 7 0 3 21990462 118 100000
2024213 2024-08-10 7 3 4 6 2 19928218 109 100000
2024214 2024-08-11 1 4 5 3 3 19573528 78 100000
2024215 2024-08-12 8 7 7 5 4 20272028 61 100000
2024216 2024-08-13 8 4 8 3 9 19668968 86 100000
2024217 2024-08-14 1 1 1 0 9 20541756 196 100000
2024218 2024-08-15 2 9 1 7 8 20400304 148 100000
2024219 2024-08-16 9 7 1 7 0 22599518 50 100000
2024220 2024-08-17 7 2 4 1 5 20009080 250 100000
2024221 2024-08-18 5 0 0 5 0 20463778 185 100000
2024222 2024-08-19 9 9 3 3 8 20294304 58 100000
2024223 2024-08-20 5 4 9 1 2 20448518 168 100000
2024224 2024-08-21 8 3 5 2 9 20549118 704 100000
2024225 2024-08-22 7 5 8 6 3 20653256 206 100000
2024226 2024-08-23 2 3 2 3 4 22319108 138 100000
2024227 2024-08-24 9 9 5 1 2 19808308 94 100000
2024228 2024-08-25 2 7 4 1 2 20007710 42 100000
2024229 2024-08-26 9 2 6 1 6 20316280 134 100000
2024230 2024-08-27 0 8 8 3 7 20222800 49 100000
2024231 2024-08-28 6 9 6 4 9 20167612 66 100000
2024232 2024-08-29 2 9 7 6 1 20700580 82 100000
2024233 2024-08-30 4 9 8 4 6 22265144 63 100000
2024234 2024-08-31 2 7 5 9 3 19703454 113 100000
2024235 2024-09-01 9 5 4 1 1 19887480 36 100000
2024236 2024-09-02 3 7 6 9 7 20637782 52 100000
2024237 2024-09-03 3 5 6 8 5 20541126 75 100000
2024238 2024-09-04 4 3 0 6 7 20314704 63 100000
2024239 2024-09-05 1 6 8 4 8 20539806 242 100000
2024240 2024-09-06 8 1 5 2 6 21785962 225 100000
2024241 2024-09-07 0 6 3 9 2 20016732 37 100000
2024242 2024-09-08 1 8 8 9 4 19666204 72 100000
2024243 2024-09-09 9 1 6 3 0 19879652 116 100000
2024244 2024-09-10 3 6 8 9 4 19660730 126 100000
2024245 2024-09-11 1 8 4 9 4 20538658 71 100000
2024246 2024-09-12 8 1 6 4 6 21457558 427 100000
2024247 2024-09-13 4 3 4 8 9 22764606 72 100000
2024248 2024-09-14 9 5 4 3 4 20193152 114 100000
2024249 2024-09-15 1 9 8 3 2 19602426 92 100000
2024250 2024-09-16 6 0 6 9 2 19321100 45 100000
2024251 2024-09-17 3 5 6 2 7 18867116 101 100000
2024252 2024-09-18 7 0 0 5 2 20423852 65 100000
2024253 2024-09-19 1 4 8 3 0 20714744 102 100000
2024254 2024-09-20 4 2 3 1 4 22705588 283 100000
2024255 2024-09-21 1 5 5 8 7 19938026 73 100000
2024256 2024-09-22 5 4 9 1 3 19842186 91 100000
2024257 2024-09-23 0 0 8 6 3 20626766 42 100000
2024258 2024-09-24 6 9 0 5 7 20078156 89 100000
2024259 2024-09-25 4 4 4 6 9 20511464 206 100000
2024260 2024-09-26 5 2 3 2 5 20498692 297 100000
2024261 2024-09-27 1 9 5 9 9 22289424 47 100000
2024262 2024-09-28 2 1 6 4 6 20870210 200 100000
2024263 2024-09-29 4 0 4 8 4 20591122 211 100000
2024264 2024-09-30 3 4 7 3 5 21563104 107 100000
2024265 2024-10-05 7 0 1 0 4 20162314 62 100000
2024266 2024-10-06 1 4 3 4 6 18507212 133 100000
2024267 2024-10-07 8 4 1 7 4 20471334 37 100000
2024268 2024-10-08 8 3 1 3 8 20537540 94 100000
2024269 2024-10-09 3 2 4 3 2 20549570 102 100000
2024270 2024-10-10 8 0 1 6 7 21215816 45 100000
2024271 2024-10-11 3 9 5 7 3 22965068 52 100000
2024272 2024-10-12 4 3 6 9 2 20761938 89 100000
2024273 2024-10-13 8 1 2 3 9 20259652 148 100000
2024274 2024-10-14 2 7 4 8 3 20702352 182 100000
2024275 2024-10-15 6 8 1 3 2 20629054 138 100000
2024276 2024-10-16 0 8 8 7 8 21598782 115 100000
2024277 2024-10-17 6 2 3 6 4 21131358 149 100000
2024278 2024-10-18 1 3 4 4 3 22125822 107 100000
2024279 2024-10-19 8 8 6 7 2 19755558 59 100000
2024280 2024-10-20 8 5 9 7 1 19696136 53 100000
2024281 2024-10-21 4 6 5 0 6 20139422 75 100000
2024282 2024-10-22 9 0 5 5 6 20300734 43 100000
2024283 2024-10-23 2 8 5 5 5 19969088 144 100000
2024284 2024-10-24 0 3 4 6 5 20533950 30 100000
2024285 2024-10-25 3 4 7 4 6 22097564 91 100000
2024286 2024-10-26 1 5 6 7 8 20188402 399 100000
2024287 2024-10-27 9 4 5 6 1 20258298 46 100000
2024288 2024-10-28 8 1 0 9 8 21352596 45 100000
2024289 2024-10-29 0 0 6 4 3 20692686 33 100000
2024290 2024-10-30 0 0 4 4 9 20575518 43 100000
2024291 2024-10-31 3 4 0 4 3 21177376 157 100000
2024292 2024-11-01 0 3 0 0 0 23224238 204 100000
2024293 2024-11-02 0 4 4 8 1 20936578 47 100000
2024294 2024-11-03 7 0 1 9 2 21002446 36 100000
2024295 2024-11-04 5 5 2 5 2 21882086 159 100000
2024296 2024-11-05 8 9 8 0 7 21187846 61 100000
2024297 2024-11-06 0 3 7 1 2 21774992 32 100000
2024298 2024-11-07 6 8 0 8 8 21907044 617 100000
2024299 2024-11-08 5 8 1 0 2 23025304 63 100000
2024300 2024-11-09 9 3 3 3 6 20776548 88 100000
2024301 2024-11-10 8 7 7 3 3 20931162 46 100000
2024302 2024-11-11 3 9 8 0 3 22337464 178 100000
2024303 2024-11-12 2 0 1 9 2 21617904 39 100000
2024304 2024-11-13 4 2 5 3 8 22085538 156 100000
2024305 2024-11-14 8 4 1 8 4 22408144 131 100000
2024306 2024-11-15 5 0 8 8 1 24400662 82 100000
2024307 2024-11-16 5 8 2 1 6 21836354 90 100000
2024308 2024-11-17 8 4 3 9 9 21212072 31 100000
2024309 2024-11-18 4 8 3 0 0 21879918 39 100000
2024310 2024-11-19 7 1 8 9 6 21204054 72 100000
2024311 2024-11-20 5 3 3 1 4 22408434 162 100000
2024312 2024-11-21 4 1 3 2 3 23252878 104 100000
2024313 2024-11-22 4 7 1 1 6 24443224 49 100000
2024314 2024-11-23 0 8 0 2 2 21292090 55 100000
2024315 2024-11-24 0 7 1 1 9 20706502 98 100000
2024316 2024-11-25 3 3 2 7 5 21308882 204 100000
2024317 2024-11-26 3 5 5 7 5 20703020 42 100000
2024318 2024-11-27 2 4 3 9 8 21248896 39 100000
2024319 2024-11-28 7 9 3 3 5 22022492 45 100000
2024320 2024-11-29 8 6 3 4 6 23906060 92 100000
2024321 2024-11-30 0 5 0 0 7 21425148 22 100000
2024322 2024-12-01 6 7 8 5 8 20839276 330 100000
2024323 2024-12-02 9 1 4 7 3 21643304 178 100000
2024324 2024-12-03 6 3 0 1 3 21552816 41 100000
2024325 2024-12-04 0 2 3 0 7 21894114 54 100000
2024326 2024-12-05 2 5 7 0 1 22221958 96 100000
2024327 2024-12-06 1 3 4 2 2 23807750 65 100000
2024328 2024-12-07 1 2 5 0 4 21234650 53 100000
2024329 2024-12-08 1 4 7 8 0 20979388 91 100000
2024330 2024-12-09 8 1 1 3 6 22048838 360 100000
2024331 2024-12-10 7 1 2 2 7 21408094 253 100000
2024332 2024-12-11 6 7 9 5 7 21986004 92 100000
2024333 2024-12-12 8 4 8 5 9 21810910 58 100000
2024334 2024-12-13 7 4 6 8 1 23609520 178 100000
2024335 2024-12-14 4 9 9 0 6 20915710 50 100000
2024336 2024-12-15 2 4 9 6 7 20727986 61 100000
2024337 2024-12-16 1 7 2 5 4 21256120 79 100000
2024338 2024-12-17 1 5 5 5 1 21629416 233 100000
2024339 2024-12-18 9 1 8 6 3 21663524 59 100000
2024340 2024-12-19 0 3 1 7 2 22301646 302 100000
2024341 2024-12-20 6 5 3 4 3 23427768 115 100000
2024342 2024-12-21 0 8 4 8 3 21169094 35 100000
2024343 2024-12-22 4 8 1 1 5 21035772 209 100000
2024344 2024-12-23 5 4 6 1 3 21805856 33 100000
2024345 2024-12-24 6 2 0 3 0 22468812 68 100000
2024346 2024-12-25 6 7 7 2 2 22353966 61 100000
2024347 2024-12-26 8 9 3 4 3 21875860 171 100000
2024348 2024-12-27 1 9 2 0 9 24339054 55 100000
2024349 2024-12-28 9 0 7 3 2 21528654 46 100000
2024350 2024-12-29 2 2 0 4 2 21631674 53 100000
2024351 2024-12-30 7 8 8 8 8 22029496 294 100000
2024352 2024-12-31 6 9 1 8 9 23341360 91 100000
2025001 2025-01-01 1 2 3 3 6 22044354 89 100000
2025002 2025-01-02 9 0 0 6 9 23649554 197 100000
2025003 2025-01-03 1 6 8 4 4 24935554 86 100000
2025004 2025-01-04 3 5 1 8 8 22440316 95 100000
2025005 2025-01-05 6 1 7 7 8 23045082 102 100000
2025006 2025-01-06 6 5 6 9 3 23291108 93 100000
2025007 2025-01-07 3 6 2 1 3 22953334 144 100000
2025008 2025-01-08 1 2 8 0 9 23441166 198 100000
2025009 2025-01-09 8 0 6 0 2 23744508 112 100000
2025010 2025-01-10 1 4 3 2 3 25350212 514 100000
2025011 2025-01-11 0 2 7 4 9 23002884 49 100000
2025012 2025-01-12 4 7 1 6 8 22832386 120 100000
2025013 2025-01-13 9 7 8 0 6 24176306 57 100000
2025014 2025-01-14 5 0 8 7 8 23468910 71 100000
2025015 2025-01-15 3 9 8 7 8 23618324 48 100000
2025016 2025-01-16 9 6 3 5 2 24429076 85 100000
2025017 2025-01-17 9 5 6 9 2 26501632 34 100000
2025018 2025-01-18 2 9 2 5 5 23865812 138 100000
2025019 2025-01-19 7 3 4 2 6 23674130 109 100000
2025020 2025-01-20 1 5 9 7 6 24339452 87 100000
2025021 2025-01-21 3 4 6 5 2 24063922 76 100000
2025022 2025-01-22 4 8 4 0 2 24848604 42 100000
2025023 2025-01-23 7 8 8 0 4 25049992 84 100000
2025024 2025-01-24 2 2 8 5 0 26513554 73 100000
2025025 2025-01-25 6 7 7 5 0 24737678 39 100000
2025026 2025-01-26 3 4 6 3 5 26261520 71 100000
2025027 2025-02-06 0 4 8 7 3 26799180 31 100000
2025028 2025-02-07 8 2 2 3 2 22803492 52 100000
2025029 2025-02-08 4 8 9 4 7 21047294 81 100000
2025030 2025-02-09 2 9 7 1 8 20702250 536 100000
2025031 2025-02-10 5 1 3 4 1 22127376 122 100000
2025032 2025-02-11 3 9 2 7 0 21622896 93 100000
2025033 2025-02-12 9 3 4 5 2 21848006 193 100000
2025034 2025-02-13 3 0 9 1 2 22982362 137 100000
2025035 2025-02-14 8 4 9 7 8 24531188 27 100000
2025036 2025-02-15 5 2 1 0 2 21730698 114 100000
2025037 2025-02-16 5 7 8 8 7 21910406 168 100000
2025038 2025-02-17 3 6 6 1 4 22510520 164 100000
2025039 2025-02-18 5 8 8 6 6 22311494 76 100000
2025040 2025-02-19 8 7 5 2 1 22520134 132 100000
2025041 2025-02-20 9 1 6 2 1 23178734 53 100000
2025042 2025-02-21 6 7 5 5 3 24448996 75 100000
2025043 2025-02-22 5 5 2 2 5 22161798 161 100000
2025044 2025-02-23 8 0 5 7 3 22201628 102 100000
2025045 2025-02-24 7 2 2 9 2 23233954 200 100000
2025046 2025-02-25 3 7 2 5 7 23108404 128 100000
2025047 2025-02-26 8 0 6 2 1 23591250 95 100000
2025048 2025-02-27 5 7 0 4 3 24418680 47 100000
2025049 2025-02-28 0 3 7 3 0 26768370 196 100000
2025050 2025-03-01 5 7 0 5 7 23146550 150 100000
2025051 2025-03-02 9 7 3 6 1 23241188 121 100000
2025052 2025-03-03 3 3 7 2 6 23409482 160 100000
2025053 2025-03-04 8 9 9 3 0 23436730 55 100000
2025054 2025-03-05 3 8 4 4 0 23456160 44 100000
2025055 2025-03-06 9 1 6 4 5 23977674 102 100000
2025056 2025-03-07 7 1 6 1 2 25733166 180 100000
2025057 2025-03-08 7 6 5 4 4 22674852 63 100000
2025058 2025-03-09 6 7 2 9 1 23040332 88 100000
2025059 2025-03-10 7 7 1 2 8 24025386 241 100000
2025060 2025-03-11 7 9 3 3 3 23672624 154 100000
2025061 2025-03-12 4 9 0 4 5 23626648 90 100000
2025062 2025-03-13 2 5 7 1 2 24329878 563 100000
2025063 2025-03-14 4 6 6 7 6 25846948 58 100000
2025064 2025-03-15 6 5 6 4 0 22540128 33 100000
2025065 2025-03-16 9 9 0 3 1 22728490 76 100000
2025066 2025-03-17 1 8 4 6 2 23815232 66 100000
2025067 2025-03-18 6 7 1 6 1 23623082 103 100000
2025068 2025-03-19 9 7 5 6 2 23965496 75 100000
2025069 2025-03-20 9 3 4 1 1 25077384 26 100000
2025070 2025-03-21 7 7 1 1 5 26637110 64 100000
2025071 2025-03-22 4 6 2 8 8 23632846 103 100000
2025072 2025-03-23 9 3 5 9 4 23894366 124 100000
2025073 2025-03-24 1 3 2 9 9 24649102 104 100000
2025074 2025-03-25 1 7 9 6 2 23535798 47 100000
2025075 2025-03-26 7 4 3 7 3 24133058 118 100000
2025076 2025-03-27 4 0 7 5 0 25040488 83 100000
2025077 2025-03-28 4 2 5 7 9 25808154 76 100000
2025078 2025-03-29 1 1 3 4 6 23076154 76 100000
2025079 2025-03-30 2 9 6 7 6 23044260 124 100000
2025080 2025-03-31 7 3 8 6 4 23797120 121 100000
2025081 2025-04-01 7 6 6 8 3 24418308 163 100000
2025082 2025-04-02 3 4 4 5 2 23935214 179 100000
2025083 2025-04-03 5 9 3 9 7 24755800 41 100000
2025084 2025-04-04 3 0 4 7 5 24865378 76 100000
2025085 2025-04-05 3 5 3 2 7 22475870 95 100000
2025086 2025-04-06 6 3 4 4 4 23055328 278 100000
2025087 2025-04-07 8 4 5 7 9 24384732 56 100000
2025088 2025-04-08 2 2 2 3 1 24136288 420 100000
2025089 2025-04-09 2 0 8 8 3 22695538 111 100000
2025090 2025-04-10 9 9 3 4 8 24062822 63 100000
2025091 2025-04-11 8 3 0 0 6 25487432 124 100000
2025092 2025-04-12 7 2 1 9 4 21970566 92 100000
2025093 2025-04-13 4 3 2 2 5 22766134 98 100000
2025094 2025-04-14 5 3 4 0 6 23186260 41 100000
2025095 2025-04-15 6 7 2 7 8 23430818 134 100000
2025096 2025-04-16 9 4 8 7 1 23563890 58 100000
2025097 2025-04-17 1 7 1 6 9 24869324 89 100000
2025098 2025-04-18 1 9 2 7 5 25844786 113 100000
2025099 2025-04-19 1 7 4 5 1 22502852 53 100000
2025100 2025-04-20 9 9 7 0 2 22942628 36 100000
2025101 2025-04-21 9 1 1 5 7 22374704 49 100000
2025102 2025-04-22 2 3 3 4 3 22983132 98 100000
2025103 2025-04-23 4 7 1 4 0 22840860 22 100000
2025104 2025-04-24 1 4 4 9 1 23790424 96 100000
2025105 2025-04-25 0 8 4 9 2 25584384 28 100000
2025106 2025-04-26 0 7 6 7 6 21923346 99 100000
2025107 2025-04-27 7 2 6 2 7 22392136 334 100000
2025108 2025-04-28 8 7 7 4 2 22709686 84 100000
2025109 2025-04-29 6 1 9 7 9 23064874 134 100000
2025110 2025-04-30 1 1 6 5 2 22294468 55 100000
2025111 2025-05-01 5 8 8 8 6 20912354 119 100000
2025112 2025-05-02 4 8 3 8 6 22377220 37 100000
2025113 2025-05-03 0 2 9 7 5 20508456 46 100000
2025114 2025-05-04 1 9 2 4 0 20840748 26 100000
2025115 2025-05-05 8 4 7 4 0 21759974 24 100000
2025116 2025-05-06 3 6 0 4 6 22482900 20 100000
2025117 2025-05-07 1 7 0 1 8 22320626 77 100000
2025118 2025-05-08 2 5 5 8 8 22891550 188 100000
2025119 2025-05-09 7 0 3 0 0 24597130 70 100000
2025120 2025-05-10 4 0 1 5 4 21366472 146 100000
2025121 2025-05-11 4 2 4 9 9 21864028 94 100000
2025122 2025-05-12 0 3 0 4 4 22553014 30 100000
2025123 2025-05-13 8 4 2 3 1 22374862 101 100000
2025124 2025-05-14 5 2 7 9 0 21972044 100 100000
2025125 2025-05-15 6 2 7 7 4 23431234 26 100000
2025126 2025-05-16 1 8 4 8 0 24948048 136 100000
2025127 2025-05-17 4 9 2 9 0 21797322 72 100000
2025128 2025-05-18 8 7 0 4 7 22019074 75 100000
2025129 2025-05-19 1 8 9 4 8 22410320 104 100000
2025130 2025-05-20 0 6 8 5 9 23512684 149 100000
2025131 2025-05-21 3 6 7 2 6 22606822 112 100000
2025132 2025-05-22 2 7 5 5 3 23206628 88 100000
2025133 2025-05-23 8 6 6 0 3 25011450 32 100000
2025134 2025-05-24 5 1 0 1 9 21441048 75 100000
2025135 2025-05-25 8 1 6 9 5 21563948 57 100000
2025136 2025-05-26 3 2 4 4 2 21966322 149 100000
2025137 2025-05-27 7 2 1 1 4 22497498 157 100000
2025138 2025-05-28 8 9 5 6 3 22300090 104 100000
2025139 2025-05-29 1 5 5 7 5 23266156 181 100000
2025140 2025-05-30 2 6 7 6 0 24872500 111 100000
2025141 2025-05-31 4 7 5 0 8 21110480 121 100000
2025142 2025-06-01 3 4 3 0 4 21308526 46 100000
2025143 2025-06-02 9 4 4 4 2 22670594 35 100000
2025144 2025-06-03 3 8 9 9 3 22690720 119 100000
2025145 2025-06-04 4 7 1 5 9 22879424 86 100000
2025146 2025-06-05 8 2 2 4 7 23853766 72 100000
2025147 2025-06-06 0 2 3 0 5 25379550 131 100000
2025148 2025-06-07 5 5 7 0 4 21828192 54 100000
2025149 2025-06-08 7 7 2 9 1 22398594 38 100000
2025150 2025-06-09 2 1 2 3 7 22652596 147 100000
2025151 2025-06-10 6 8 6 4 7 22204852 39 100000
2025152 2025-06-11 7 4 7 0 6 22562350 63 100000
2025153 2025-06-12 8 9 4 5 8 24298944 177 100000
2025154 2025-06-13 9 8 9 6 6 25810564 98 100000
2025155 2025-06-14 0 4 0 1 9 22482314 37 100000
2025156 2025-06-15 6 3 8 0 9 22361468 98 100000
2025157 2025-06-16 2 5 0 9 2 22425310 49 100000
2025158 2025-06-17 8 8 2 7 2 22750128 55 100000
2025159 2025-06-18 2 7 4 1 9 22707166 105 100000
2025160 2025-06-19 1 7 1 5 2 23741998 75 100000
2025161 2025-06-20 2 4 8 8 4 24923250 59 100000
2025162 2025-06-21 3 1 7 4 2 22206068 163 100000
2025163 2025-06-22 7 6 6 2 3 22754428 353 100000
2025164 2025-06-23 5 1 9 1 3 23051616 67 100000
2025165 2025-06-24 1 0 3 2 3 23103746 56 100000
2025166 2025-06-25 6 9 6 6 4 22324788 91 100000
2025167 2025-06-26 2 6 7 4 6 22974418 78 100000
2025168 2025-06-27 2 0 3 2 7 25434832 125 100000
2025169 2025-06-28 6 9 9 3 8 21770168 84 100000
2025170 2025-06-29 5 0 2 4 4 22144364 34 100000
2025171 2025-06-30 1 0 5 2 8 22687658 104 100000
2025172 2025-07-01 7 2 4 5 1 22695922 159 100000
2025173 2025-07-02 6 7 3 6 3 22495500 248 100000
2025174 2025-07-03 1 3 1 3 5 23536904 62 100000
2025175 2025-07-04 4 1 3 3 9 24264934 65 100000
2025176 2025-07-05 9 4 9 4 6 21466452 71 100000
2025177 2025-07-06 9 7 7 9 9 21859328 212 100000
2025178 2025-07-07 7 1 4 3 6 22191952 75 100000
2025179 2025-07-08 9 7 2 1 6 22523338 58 100000
2025180 2025-07-09 8 8 9 5 7 22423544 95 100000
2025181 2025-07-10 8 9 4 5 8 22994956 185 100000
2025182 2025-07-11 7 2 1 4 6 24755478 234 100000
2025183 2025-07-12 1 7 7 5 9 22467570 54 100000
2025184 2025-07-13 2 2 1 8 7 22294686 71 100000
2025185 2025-07-14 3 0 8 7 3 22499532 182 100000
2025186 2025-07-15 5 1 4 2 3 22792636 190 100000
2025187 2025-07-16 6 4 1 6 0 22866222 26 100000
2025188 2025-07-17 6 2 3 7 3 23830562 120 100000
2025189 2025-07-18 5 5 6 5 1 25009138 177 100000
2025190 2025-07-19 4 9 9 7 2 21909400 39 100000
2025191 2025-07-20 6 6 9 4 0 21684888 92 100000
2025192 2025-07-21 6 8 3 5 7 22583978 72 100000
2025193 2025-07-22 2 6 5 4 9 22615418 61 100000
2025194 2025-07-23 2 7 0 3 7 22840728 87 100000
2025195 2025-07-24 2 1 0 9 0 23530526 138 100000
2025196 2025-07-25 9 4 1 4 0 24082034 69 100000
2025197 2025-07-26 8 6 9 2 0 21543026 46 100000
2025198 2025-07-27 7 1 7 8 3 21687186 150 100000
2025199 2025-07-28 4 8 5 9 3 22576578 82 100000
2025200 2025-07-29 2 1 1 2 9 22767782 113 100000
2025201 2025-07-30 4 0 1 3 0 22338144 43 100000
2025202 2025-07-31 2 5 3 7 3 23061936 71 100000
2025203 2025-08-01 7 3 5 1 6 24892512 397 100000
2025204 2025-08-02 8 3 0 7 4 22380852 69 100000
2025205 2025-08-03 7 8 3 2 9 22700350 88 100000
2025206 2025-08-04 6 0 5 3 2 22935162 54 100000
2025207 2025-08-05 1 5 4 5 9 23220114 46 100000
2025208 2025-08-06 3 0 9 4 4 23325468 70 100000
2025209 2025-08-07 9 2 1 4 8 23826980 53 100000
2025210 2025-08-08 6 2 2 2 5 25641408 89 100000
2025211 2025-08-09 0 5 0 9 9 21973144 65 100000
2025212 2025-08-10 2 2 3 5 0 21525994 57 100000
2025213 2025-08-11 8 6 8 5 7 22151200 50 100000
2025214 2025-08-12 1 7 6 6 7 21978096 135 100000
2025215 2025-08-13 6 9 5 9 6 22398128 117 100000
2025216 2025-08-14 4 1 0 6 5 22999090 36 100000
2025217 2025-08-15 2 4 2 0 7 24826070 148 100000
2025218 2025-08-16 3 0 7 8 7 21927904 140 100000
2025219 2025-08-17 7 8 4 9 3 21800400 121 100000
2025220 2025-08-18 3 5 3 2 6 22732834 139 100000
2025221 2025-08-19 7 9 1 7 8 22796164 185 100000
2025222 2025-08-20 6 6 0 8 8 22819928 255 100000
2025223 2025-08-21 7 9 5 0 4 23474286 23 100000
2025224 2025-08-22 0 2 1 9 2 25006132 40 100000
2025225 2025-08-23 0 0 9 0 7 21967422 74 100000
2025226 2025-08-24 3 7 3 2 7 21802912 54 100000
2025227 2025-08-25 4 5 3 9 1 22509406 41 100000
2025228 2025-08-26 1 6 4 6 5 22513940 177 100000
2025229 2025-08-27 1 2 3 0 2 22887802 65 100000
2025230 2025-08-28 1 7 8 0 5 23391326 64 100000
2025231 2025-08-29 2 5 8 5 4 25054244 85 100000
2025232 2025-08-30 3 9 7 6 2 22513858 227 100000
2025233 2025-08-31 1 4 3 9 0 22942390 62 100000
2025234 2025-09-01 2 8 2 5 7 23342920 502 100000
2025235 2025-09-02 3 2 1 4 8 24223882 305 100000
2025236 2025-09-03 1 5 1 1 1 25712102 218 100000
2025237 2025-09-04 7 1 3 3 9 24308074 218 100000
2025238 2025-09-05 7 5 4 5 5 26712332 63 100000
2025239 2025-09-06 2 2 0 1 7 24105516 72 100000
2025240 2025-09-07 6 2 7 6 2 23031340 159 100000
2025241 2025-09-08 2 8 6 3 8 23617900 73 100000
2025242 2025-09-09 5 2 3 9 3 23949944 101 100000
2025243 2025-09-10 8 1 2 8 1 24612952 222 100000
2025244 2025-09-11 7 5 8 6 2 25440232 190 100000
2025245 2025-09-12 9 9 4 9 2 27032228 40 100000
2025246 2025-09-13 2 0 7 6 7 23381398 84 100000
2025247 2025-09-14 3 6 4 2 3 23483986 110 100000
2025248 2025-09-15 9 8 3 8 5 24513322 118 100000
2025249 2025-09-16 5 3 2 0 8 24353182 153 100000
2025250 2025-09-17 1 7 8 0 6 24292184 109 100000
2025251 2025-09-18 5 5 8 5 4 26001198 230 100000
2025252 2025-09-19 1 9 0 5 3 27744928 40 100000
2025253 2025-09-20 6 9 3 0 7 23597516 138 100000
2025254 2025-09-21 6 2 8 8 4 23500836 52 100000
2025255 2025-09-22 5 8 3 2 1 24072342 174 100000
2025256 2025-09-23 7 9 7 7 5 23878238 65 100000
2025257 2025-09-24 5 6 1 5 0 23679924 84 100000
2025258 2025-09-25 0 3 8 6 3 25022746 164 100000
2025259 2025-09-26 4 2 0 9 9 26571842 102 100000
2025260 2025-09-27 5 1 4 5 5 23512190 158 100000
2025261 2025-09-28 8 7 7 5 3 24008748 52 100000
2025262 2025-09-29 5 1 2 6 3 24467406 65 100000
2025263 2025-09-30 1 4 8 0 0 24579970 193 100000
2025264 2025-10-05 2 0 2 0 1 22299066 98 100000
2025265 2025-10-06 2 8 1 4 7 20870104 80 100000
2025266 2025-10-07 7 4 2 5 0 21702092 57 100000
2025267 2025-10-08 8 5 6 1 5 22591582 70 100000
2025268 2025-10-09 3 2 1 3 9 23524182 65 100000
2025269 2025-10-10 8 7 5 0 2 25955050 145 100000
2025270 2025-10-11 0 1 8 2 6 23625446 82 100000
2025271 2025-10-12 8 9 8 5 8 22900122 163 100000
2025272 2025-10-13 7 6 7 4 7 22936054 209 100000
2025273 2025-10-14 4 1 7 3 3 23741688 131 100000
2025274 2025-10-15 7 8 7 7 1 23621580 79 100000
2025275 2025-10-16 1 5 0 7 0 24260786 92 100000
2025276 2025-10-17 9 8 2 6 2 25438350 127 100000
2025277 2025-10-18 4 3 2 2 1 22715112 93 100000
2025278 2025-10-19 6 2 7 8 2 22180654 90 100000
2025279 2025-10-20 3 7 5 7 5 23247182 125 100000
2025280 2025-10-21 5 3 9 3 2 23281274 78 100000
2025281 2025-10-22 7 0 7 9 4 23270720 96 100000
2025282 2025-10-23 0 9 6 9 1 23866706 42 100000
2025283 2025-10-24 0 5 7 8 3 25420896 97 100000
2025284 2025-10-25 2 4 7 3 3 22510930 37 100000
2025285 2025-10-26 9 0 5 3 2 22288202 21 100000
2025286 2025-10-27 6 4 1 0 5 22779504 63 100000
2025287 2025-10-28 1 8 0 3 2 22838308 66 100000
2025288 2025-10-29 5 0 4 2 6 22958380 54 100000
2025289 2025-10-30 6 8 5 6 6 23869708 96 100000
2025290 2025-10-31 1 2 5 1 0 25283006 128 100000
2025291 2025-11-01 9 4 8 5 6 22221540 91 100000
2025292 2025-11-02 6 7 3 5 8 22564486 138 100000
2025293 2025-11-03 0 9 4 4 1 23261412 31 100000
2025294 2025-11-04 9 9 4 4 9 22946132 117 100000
2025295 2025-11-05 1 2 4 5 1 22160540 37 100000
2025296 2025-11-06 0 5 2 3 5 22753318 69 100000
2025297 2025-11-07 4 5 3 8 6 24592546 64 100000
2025298 2025-11-08 1 4 1 2 7 21776320 84 100000
2025299 2025-11-09 3 0 0 9 7 22036278 60 100000
2025300 2025-11-10 8 4 3 0 0 22616516 45 100000
2025301 2025-11-11 5 8 2 0 9 22507086 160 100000
2025302 2025-11-12 0 1 6 3 1 23325082 83 100000
2025303 2025-11-13 9 4 3 8 2 23323438 45 100000
2025304 2025-11-14 0 7 9 1 3 25293610 155 100000
2025305 2025-11-15 4 9 7 4 9 22283442 186 100000
2025306 2025-11-16 1 7 8 6 7 23005718 69 100000
2025307 2025-11-17 6 1 8 1 1 23020774 171 100000
2025308 2025-11-18 2 3 4 6 5 22374476 143 100000
2025309 2025-11-19 5 2 7 2 9 23524286 460 100000
2025310 2025-11-20 0 1 6 5 9 25348666 53 100000
2025311 2025-11-21 1 1 4 5 0 26705192 93 100000
2025312 2025-11-22 1 0 9 5 0 22444570 36 100000
2025313 2025-11-23 4 4 5 5 1 22324550 102 100000
2025314 2025-11-24 8 0 2 4 5 22701714 82 100000
2025315 2025-11-25 9 7 3 6 7 22812896 96 100000
2025316 2025-11-26 9 1 8 1 5 23009726 95 100000
2025317 2025-11-27 7 5 6 6 9 23924430 76 100000
2025318 2025-11-28 4 3 8 4 9 25802506 77 100000
2025319 2025-11-29 8 6 5 5 0 23104288 164 100000
2025320 2025-11-30 7 2 5 6 2 23538046 112 100000
2025321 2025-12-01 5 6 8 0 8 24026008 67 100000
2025322 2025-12-02 1 4 8 3 8 23368578 62 100000
2025323 2025-12-03 6 8 7 1 4 23731366 172 100000
2025324 2025-12-04 5 1 3 9 6 24806302 67 100000
2025325 2025-12-05 8 3 6 0 3 26387294 78 100000
2025326 2025-12-06 0 4 5 1 9 23655390 52 100000
2025327 2025-12-07 8 2 9 2 4 23698746 58 100000
2025328 2025-12-08 8 2 5 1 6 23912734 223 100000
2025329 2025-12-09 3 7 0 9 0 24076462 54 100000
2025330 2025-12-10 5 9 4 5 4 24087164 201 100000
2025331 2025-12-11 9 8 0 9 1 25467370 39 100000
2025332 2025-12-12 9 3 9 4 1 26825900 84 100000
2025333 2025-12-13 9 6 1 0 3 22375696 35 100000
2025334 2025-12-14 5 8 3 3 7 22880178 322 100000
2025335 2025-12-15 2 7 6 4 5 24045998 174 100000
2025336 2025-12-16 4 1 2 6 0 25046892 82 100000
2025337 2025-12-17 5 5 4 3 8 24513092 108 100000
2025338 2025-12-18 1 6 4 6 3 25250954 56 100000
2025339 2025-12-19 9 0 0 4 9 26852486 94 100000
2025340 2025-12-20 2 5 5 6 0 23300416 37 100000
2025341 2025-12-21 8 1 7 5 4 23272618 136 100000
2025342 2025-12-22 0 7 9 2 3 24633726 98 100000
2025343 2025-12-23 0 1 2 5 9 24597168 100 100000
2025344 2025-12-24 4 9 5 7 0 23946834 107 100000
2025345 2025-12-25 4 3 1 9 7 25020074 123 100000
2025346 2025-12-26 8 2 6 0 8 26401958 239 100000
2025347 2025-12-27 6 9 5 6 7 24104264 32 100000
2025348 2025-12-28 3 7 3 1 4 23811326 232 100000
2025349 2025-12-29 0 3 2 2 6 24575772 98 100000
2025350 2025-12-30 6 7 3 4 4 24335894 36 100000
2025351 2025-12-31 6 1 7 2 9 25187172 99 100000
2026001 2026-01-01 8 3 0 1 3 22810308 95 100000
2026002 2026-01-02 6 8 9 2 3 24830766 97 100000
2026003 2026-01-03 0 8 6 8 9 23366128 58 100000
2026004 2026-01-04 8 7 8 8 2 23067856 33 100000
2026005 2026-01-05 0 6 1 6 9 23589808 76 100000
2026006 2026-01-06 7 1 8 8 8 23230388 137 100000
2026007 2026-01-07 1 2 6 6 0 23451260 69 100000
2026008 2026-01-08 5 0 9 6 3 24647300 163 100000
2026009 2026-01-09 2 4 8 2 1 26721484 72 100000
2026010 2026-01-10 9 2 0 3 4 23466932 32 100000
2026011 2026-01-11 0 3 0 6 7 23727724 23 100000
2026012 2026-01-12 5 2 2 0 1 23499440 70 100000
2026013 2026-01-13 4 7 7 8 7 23217222 47 100000
2026014 2026-01-14 8 3 3 8 2 23258340 58 100000
2026015 2026-01-15 2 0 2 4 4 24471024 48 100000
2026016 2026-01-16 2 1 5 9 1 26273260 71 100000
2026017 2026-01-17 1 1 2 8 8 22796796 93 100000
2026018 2026-01-18 8 9 6 3 2 22764954 77 100000
2026019 2026-01-19 8 4 8 9 7 22989730 20 100000
2026020 2026-01-20 0 9 5 8 4 22940702 55 100000
2026021 2026-01-21 2 6 3 0 2 23438536 55 100000
2026022 2026-01-22 2 5 5 0 2 23933998 54 100000
2026023 2026-01-23 4 9 5 2 7 25848254 142 100000
2026024 2026-01-24 2 6 8 3 2 23177674 69 100000
2026025 2026-01-25 1 8 1 1 1 23821654 314 100000
2026026 2026-01-26 2 9 1 4 4 23921654 55 100000
2026027 2026-01-27 0 8 4 0 7 24604390 73 100000
2026028 2026-01-28 4 9 9 9 5 24400024 244 100000
2026029 2026-01-29 6 1 3 7 8 25120906 177 100000
2026030 2026-01-30 8 1 1 5 2 26813544 285 100000
2026031 2026-01-31 7 8 6 9 6 24477690 82 100000
2026032 2026-02-01 7 3 0 7 8 23992342 40 100000
2026033 2026-02-02 1 4 1 3 2 24304020 91 100000
2026034 2026-02-03 2 1 6 9 9 24391564 159 100000
2026035 2026-02-04 7 1 7 0 4 25265864 105 100000
2026036 2026-02-05 7 8 8 2 4 25656786 56 100000
2026037 2026-02-06 7 2 4 5 2 26874084 115 100000
2026038 2026-02-07 7 8 9 8 7 23626294 385 100000
2026039 2026-02-08 8 5 2 8 8 24448110 172 100000
2026040 2026-02-09 0 0 9 7 9 25320096 123 100000
2026041 2026-02-10 6 3 9 6 5 24678190 161 100000
2026042 2026-02-11 7 9 5 2 4 25456518 108 100000
2026043 2026-02-12 1 7 9 2 7 28164038 90 100000
2026044 2026-02-13 0 5 1 6 2 32742140 140 100000
2026045 2026-02-24 1 4 4 7 1 26316714 190 100000
2026046 2026-02-25 7 0 3 2 3 22259388 59 100000
2026047 2026-02-26 3 3 0 4 5 22768836 151 100000
2026048 2026-02-27 0 9 7 6 7 24589204 512 100000
2026049 2026-02-28 5 9 2 5 9 23108902 116 100000
2026050 2026-03-01 4 3 5 4 7 21954808 229 100000
2026051 2026-03-02 0 4 5 3 7 23040842 34 100000
2026052 2026-03-03 6 4 9 1 5 22505450 79 100000
2026053 2026-03-04 7 4 4 9 2 22684452 78 100000
2026054 2026-03-05 6 5 5 6 4 23579872 77 100000
2026055 2026-03-06 5 3 7 5 2 25156750 149 100000
2026056 2026-03-07 1 1 9 2 1 22658120 275 100000
2026057 2026-03-08 4 7 9 3 1 22635968 74 100000
2026058 2026-03-09 5 9 0 6 4 23203660 88 100000
2026059 2026-03-10 2 0 9 9 6 23710104 47 100000
2026060 2026-03-11 1 1 8 0 0 23616238 243 100000
2026061 2026-03-12 3 4 7 4 9 24150898 124 100000
2026062 2026-03-13 3 1 5 4 2 26120976 3115 100000
2026063 2026-03-14 7 2 3 8 4 21568082 653 32698
2026064 2026-03-15 5 2 8 9 4 21526856 41 100000
2026065 2026-03-16 8 5 1 8 5 23223356 292 100000
2026066 2026-03-17 8 0 7 8 7 23130338 101 100000
2026067 2026-03-18 4 2 8 1 2 23677672 83 100000
2026068 2026-03-19 8 4 0 0 9 24249402 44 100000
2026069 2026-03-20 1 1 4 6 9 26213206 68 100000
2026070 2026-03-21 1 3 1 8 9 22928726 152 100000
2026071 2026-03-22 5 5 1 5 3 22748738 72 100000
2026072 2026-03-23 1 1 5 1 4 23964086 114 100000
2026073 2026-03-24 3 2 5 0 0 24702442 80 100000
2026074 2026-03-25 4 0 6 3 3 24218892 66 100000
2026075 2026-03-26 4 3 7 4 3 24366552 208 100000
2026076 2026-03-27 4 1 9 6 4 26807808 108 100000
2026077 2026-03-28 7 8 0 7 4 24199406 28 100000
2026078 2026-03-29 6 3 4 8 6 23923556 100 100000
2026079 2026-03-30 1 9 5 9 9 24702514 119 100000
2026080 2026-03-31 7 7 0 0 6 24348158 55 100000
2026081 2026-04-01 6 9 0 1 6 24609218 177 100000
2026082 2026-04-02 0 4 8 3 8 25007612 198 100000
2026083 2026-04-03 9 0 3 4 0 25855466 30 100000
2026084 2026-04-04 0 0 4 9 3 22100766 29 100000
2026085 2026-04-05 0 2 0 7 7 21847368 69 100000
2026086 2026-04-06 3 3 4 8 8 22671062 78 100000
2026087 2026-04-07 0 7 0 7 6 23196804 53 100000
2026088 2026-04-08 4 7 4 5 9 23814202 36 100000
2026089 2026-04-09 2 1 6 3 4 24629174 112 100000
2026090 2026-04-10 9 5 4 4 3 26565386 65 100000
2026091 2026-04-11 2 0 2 8 2 22909112 80 100000
2026092 2026-04-12 7 6 1 2 0 22704448 90 100000
2026093 2026-04-13 9 9 8 7 6 23232212 99 100000
2026094 2026-04-14 9 3 8 1 1 23240338 79 100000
2026095 2026-04-15 5 6 8 1 9 23668786 137 100000
2026096 2026-04-16 6 4 3 9 1 24312618 152 100000
2026097 2026-04-17 2 2 6 8 2 26072732 86 100000
2026098 2026-04-18 9 7 4 3 5 22867266 111 100000
2026099 2026-04-19 4 2 4 1 4 23084292 61 100000
2026100 2026-04-20 2 0 7 5 8 23317104 96 100000
2026101 2026-04-21 0 9 0 3 3 23137788 75 100000
2026102 2026-04-22 4 9 0 2 6 22951860 314 100000
2026103 2026-04-23 9 0 1 2 0 23736372 151 100000
2026104 2026-04-24 7 8 6 7 0 25242536 28 100000
2026105 2026-04-25 2 1 7 6 3 22052238 168 100000
2026106 2026-04-26 3 4 3 9 9 22885194 68 100000
2026107 2026-04-27 1 5 4 1 3 22894582 55 100000
2026108 2026-04-28 6 5 6 3 8 22853012 104 100000
2026109 2026-04-29 0 8 8 1 2 22594216 74 100000
2026110 2026-04-30 3 4 3 0 4 23149450 45 100000
2026111 2026-05-01 8 7 7 9 0 23375948 71 100000
2026112 2026-05-02 6 5 2 9 3 20743506 48 100000
2026113 2026-05-03 9 2 5 8 5 20691966 235 100000
2026114 2026-05-04 0 1 7 7 3 21692020 44 100000
2026115 2026-05-05 3 3 3 0 1 21737094 268 100000
2026116 2026-05-06 9 5 1 4 3 21796378 77 100000
2026117 2026-05-07 0 9 1 2 8 23390950 108 100000
2026118 2026-05-08 2 7 2 3 1 25162102 162 100000
2026119 2026-05-09 2 2 2 1 9 22196018 308 100000
2026120 2026-05-10 2 9 6 4 8 21663682 94 100000
2026121 2026-05-11 0 4 0 3 3 22241712 43 100000
2026122 2026-05-12 7 4 7 6 1 22526794 42 100000
2026123 2026-05-13 9 5 5 1 2 22676314 95 100000
2026124 2026-05-14 7 8 5 3 2 23629154 121 100000
2026125 2026-05-15 8 6 7 2 1 25117676 453 100000
2026126 2026-05-16 8 3 5 2 6 22206948 415 100000
2026127 2026-05-17 9 3 6 0 3 22290978 95 100000
2026128 2026-05-18 5 1 2 2 8 22503226 281 100000
2026129 2026-05-19 6 8 3 3 1 22196884 141 100000
2026130 2026-05-20 0 7 0 1 3 23092242 84 100000
2026131 2026-05-21 9 6 8 4 1 23271034 55 100000
2026132 2026-05-22 4 4 3 5 0 25068592 53 100000
2026133 2026-05-23 5 4 3 7 0 21792058 52 100000
2026134 2026-05-24 5 1 5 3 3 21711392 101 100000
2026135 2026-05-25 9 3 9 2 5 22233680 126 100000
2026136 2026-05-26 4 6 6 2 3 22386864 123 100000
2026137 2026-05-27 5 4 4 3 6 22352828 75 100000
2026138 2026-05-28 2 6 3 5 6 23758070 83 100000
2026139 2026-05-29 1 9 8 1 1 25091566 227 100000
2026140 2026-05-30 4 2 1 7 8 21889912 80 100000
2026141 2026-05-31 2 1 5 8 2 22303974 165 100000
2026142 2026-06-01 9 1 6 1 7 22669978 129 100000
2026143 2026-06-02 7 4 4 0 0 22469988 67 100000
2026144 2026-06-03 4 6 2 6 5 22408042 194 100000
2026145 2026-06-04 9 9 3 0 0 23095432 68 100000
2026146 2026-06-05 1 5 4 9 2 24405550 82 100000
2026147 2026-06-06 5 9 0 5 3 22753638 77 100000
2026148 2026-06-07 0 6 5 6 2 22150006 51 100000
2026149 2026-06-08 3 2 5 3 3 22210334 234 100000
2026150 2026-06-09 3 4 0 7 1 22131752 45 100000
2026151 2026-06-10 9 8 3 9 4 22121400 52 100000
2026152 2026-06-11 1 5 1 4 8 22773808 73 100000
2026153 2026-06-12 3 8 9 4 9 23989768 70 100000
2026154 2026-06-13 4 7 3 8 6 21163600 98 100000
2026155 2026-06-14 4 8 5 4 7 21630040 89 100000
2026156 2026-06-15 6 4 1 7 0 21919588 47 100000
2026157 2026-06-16 8 3 0 3 4 22054654 31 100000
2026158 2026-06-17 9 1 1 3 3 21875120 137 100000
2026159 2026-06-18 5 5 7 6 0 21791052 91 100000
2026160 2026-06-19 5 5 1 6 4 22458000 31 100000
2026161 2026-06-20 5 6 2 0 5 20796546 33 100000
2026162 2026-06-21 3 6 9 6 3 21279820 482 100000
2026163 2026-06-22 3 4 6 4 9 21626514 68 100000
2026164 2026-06-23 7 1 5 7 2 22181792 91 100000
2026165 2026-06-24 2 9 4 4 9 22411716 96 100000
2026166 2026-06-25 2 2 9 5 0 22957708 69 100000
2026167 2026-06-26 0 1 2 3 1 23903182 86 100000
2026168 2026-06-27 1 9 2 7 4 21039926 97 100000
2026169 2026-06-28 8 8 4 7 3 21822568 29 100000
2026170 2026-06-29 4 1 7 7 2 21712248 183 100000
2026171 2026-06-30 0 4 8 1 7 21960954 44 100000
2026172 2026-07-01 7 7 1 1 5 22107762 316 100000
2026173 2026-07-02 2 5 9 7 5 22470934 105 100000
2026174 2026-07-03 1 5 7 6 6 23917526 80 100000
2026175 2026-07-04 8 3 8 1 3 21517976 160 100000
2026176 2026-07-05 5 8 4 8 1 21099564 136 100000
2026177 2026-07-06 8 2 6 7 0 21883310 31 100000
2026178 2026-07-07 8 3 7 9 9 21799092 58 100000
2026179 2026-07-08 3 9 6 2 3 22138898 128 100000
2026180 2026-07-09 0 0 5 7 2 22544584 88 100000
2026181 2026-07-10 1 2 4 4 4 23201592 211 100000
2026182 2026-07-11 3 1 3 4 0 20843976 34 100000
2026183 2026-07-12 3 5 2 6 2 21140400 105 100000
2026184 2026-07-13 1 4 2 4 6 22289292 69 100000
2026185 2026-07-14 7 8 5 7 9 21789264 104 100000
2026186 2026-07-15 6 6 5 0 1 22114776 59 100000
2026187 2026-07-16 0 8 6 7 8 22425784 24 100000
2026188 2026-07-17 6 0 7 7 0 24269866 92 100000
2026189 2026-07-18 9 5 0 6 5 21490138 73 100000
2026190 2026-07-19 5 5 4 0 8 21538692 68 100000
2026191 2026-07-20 0 6 9 8 9 22304954 37 100000
2026192 2026-07-21 3 0 6 1 4 21949768 104 100000
2026193 2026-07-22 1 8 0 6 8 22059532 136 100000
2026194 2026-07-23 7 0 1 0 6 24681764 204 100000
2026195 2026-07-24 5 9 5 1 6 26021078 75 100000
2026196 2026-07-25 7 2 6 3 2 21880754 100 100000
2026197 2026-07-26 4 7 3 4 1 21935290 274 100000
2026198 2026-07-27 7 1 9 0 7 23301236 181 100000
2026199 2026-07-28 3 0 5 0 7 23165136 69 100000
2026200 2026-07-29 0 7 7 2 0 22796992 32 100000
2026201 2026-07-30 8 6 2 7 1 23017334 101 100000
2026202 2026-07-31 9 6 1 7 0 25311650 45 100000
2026203 2026-08-01 1 3 5 6 8 22376154 401 100000
2026204 2026-08-02 6 7 4 0 7 22709752 41 100000
2026205 2026-08-03 8 0 6 0 8 22996824 119 100000
2026206 2026-08-04 7 0 9 6 5 22717872 218 100000
2026207 2026-08-05 8 6 6 4 4 22803506 84 100000
2026208 2026-08-06 4 7 1 8 6 23744968 190 100000
2026209 2026-08-07 9 8 2 7 7 26029444 238 100000
2026210 2026-08-08 0 9 4 5 1 22592554 33 100000
2026211 2026-08-09 5 1 5 4 3 21788782 256 100000
2026212 2026-08-10 8 3 9 4 3 22381188 36 100000
2026213 2026-08-11 7 4 0 7 1 22001400 103 100000
2026214 2026-08-12 0 1 4 9 0 23181988 38 100000
2026215 2026-08-13 9 2 7 3 8 23309460 257 100000
2026216 2026-08-14 9 5 3 0 0 24762942 61 100000
2026217 2026-08-15 0 1 9 6 6 22185330 47 100000
2026218 2026-08-16 0 7 9 5 0 22217310 64 100000
2026219 2026-08-17 6 6 2 1 9 22369928 462 89856
2026220 2026-08-18 4 8 2 9 9 21635456 82 100000
2026221 2026-08-19 9 6 9 8 8 21846648 113 100000
2026222 2026-08-20 8 7 7 7 1 22561118 192 100000
2026223 2026-08-21 2 2 3 7 3 23776930 62 100000
2026224 2026-08-22 9 1 2 4 0 20987454 72 100000
2026225 2026-08-23 1 1 6 3 5 21288280 94 100000
2026226 2026-08-24 2 0 1 6 9 21893404 77 100000
2026227 2026-08-25 4 3 1 9 5 21809238 51 100000
2026228 2026-08-26 5 6 0 2 5 22407474 89 100000
2026229 2026-08-27 2 8 0 5 4 23054572 77 100000
2026230 2026-08-28 9 4 6 8 3 23945944 317 100000
2026231 2026-08-29 1 8 7 9 9 21702818 49 100000
2026232 2026-08-30 8 0 2 3 3 21821350 68 100000
2026233 2026-08-31 1 6 3 4 0 22284244 79 100000
2026234 2026-09-01 3 0 1 2 9 22406170 124 100000
2026235 2026-09-02 7 7 9 6 7 22109790 129 100000
2026236 2026-09-03 1 7 3 2 6 22570458 114 100000
2026237 2026-09-04 9 5 0 8 1 24006208 111 100000
2026238 2026-09-05 3 6 1 7 3 21607042 189 100000
2026239 2026-09-06 4 7 0 6 1 22040588 90 100000
2026240 2026-09-07 5 7 9 5 3 22536320 229 100000
2026241 2026-09-08 0 5 0 7 6 21773322 52 100000
2026242 2026-09-09 2 4 4 8 2 22032990 67 100000
2026243 2026-09-10 9 1 5 5 3 22977876 68 100000
2026244 2026-09-11 6 2 0 4 3 24783334 50 100000
2026245 2026-09-12 1 2 5 0 2 21960648 78 100000
2026246 2026-09-13 2 8 6 6 5 21807192 121 100000
2026247 2026-09-14 0 5 1 9 8 22422752 74 100000
2026248 2026-09-15 1 2 6 2 2 22417184 312 100000
2026249 2026-09-16 8 7 2 4 1 22687146 96 100000
2026250 2026-09-17 9 8 5 8 1 23337514 109 100000
2026251 2026-09-18 2 3 7 7 1 25491396 63 100000
2026252 2026-09-19 1 9 0 9 0 22823256 167 100000
2026253 2026-09-20 8 9 3 5 1 22620220 112 100000
2026254 2026-09-21 0 6 9 4 0 23884396 99 100000
2026255 2026-09-22 7 6 4 2 5 23287928 69 100000
2026256 2026-09-23 6 9 0 4 3 23516868 63 100000
2026257 2026-09-24 4 9 3 3 0 23552802 41 100000
2026258 2026-09-25 1 3 7 4 1 23244368 76 100000
2026259 2026-09-26 3 7 9 0 2 22475082 94 100000
2026260 2026-09-27 4 4 9 1 0 22948562 117 100000
2026261 2026-09-28 5 3 8 5 9 22923112 208 100000
2026262 2026-09-29 2 7 3 0 2 23412444 115 100000
2026263 2026-09-30 1 7 1 4 2 24643004 85 100000
2026264 2026-10-05 5 9 2 0 1 22797090 65 100000
2026265 2026-10-06 9 5 4 6 7 20836522 193 100000
2026266 2026-10-07 1 2 1 7 2 22334144 63 100000
2026267 2026-10-08 2 1 6 2 1 0 0 100000